Name,Type,Address,Rating,Reviews,Lat,Lng,Center_Lat,Center_Lng,Distance_m,In_Viewport,Search_Term,Captured_At,URL
Superior Industrial Frictions Ltd.,Manufacturer,11570 154 St,3.3,16,53.5673242,-113.5879106,53.5521992,-113.6795416,6281,TRUE,Industrial,2026-09-29T16:54:16.371Z,https://www.google.com/maps/place/Superior+Industrial+Frictions+Ltd./data=!4m7!3m6!1s0x53a021450830e6d7:0xf2f4653d0f7a810f!8m2!3d53.5673242!4d-113.5879106!16s%2Fg%2F1thxvxd0!19sChIJ1-YwCEUhoFMRD4F6Dz1l9PI
Premier Industrial,Heating equipment supplier,15532 114 Ave NW,4.5,13,53.5635794,-113.5893634,53.5521992,-113.6795416,6089,TRUE,Industrial,2026-09-29T16:54:16.371Z,https://www.google.com/maps/place/Premier+Industrial/data=!4m7!3m6!1s0x53a0215d2734b199:0x541c0de4a7f934bc!8m2!3d53.5635794!4d-113.5893634!16s%2Fg%2F1tfk_x14!19sChIJmbE0J10hoFMRvDT5p-QNHFQ
Borealis Industrial Supply Ltd.,Oil field equipment supplier,15779 116 Ave NW,4.4,5,53.5657419,-113.5931217,53.5521992,-113.6795416,5903,TRUE,Industrial,2026-09-29T16:54:16.371Z,https://www.google.com/maps/place/Borealis+Industrial+Supply+Ltd./data=!4m7!3m6!1s0x53a021a039437f51:0x3a2e70ef70340530!8m2!3d53.5657419!4d-113.5931217!16s%2Fg%2F11b6hkg1sx!19sChIJUX9DOaAhoFMRMAU0cO9wLjo
Empire Metal & Recycling Ltd.,Recycling center,10820 209 St NW,4.1,94,53.5541842,-113.6801611,53.5521992,-113.6795416,224,TRUE,metals,2026-09-29T17:00:39.783Z,https://www.google.com/maps/place/Empire+Metal+%26+Recycling+Ltd./data=!4m7!3m6!1s0x539f8bde36458785:0x33e57d00079ca303!8m2!3d53.5541842!4d-113.6801611!16s%2Fg%2F11szdpkm0s!19sChIJhYdFNt6Ln1MRA6OcBwB95TM
Direct Industrial Supply,Construction material wholesaler,11436 154 St,,,53.5642323,-113.5876514,53.5521992,-113.6795416,6215,TRUE,Industrial,2026-09-29T16:54:16.371Z,https://www.google.com/maps/place/Direct+Industrial+Supply/data=!4m7!3m6!1s0x53a0217355adf407:0xdb73a46f5d679bbe!8m2!3d53.5642323!4d-113.5876514!16s%2Fg%2F11n9v56l80!19sChIJB_StVXMhoFMRvptnXW-kc9s
Integrity Industrial Supply,Industrial equipment supplier,15023 118 Ave NW,,,53.5698399,-113.5801347,53.5521992,-113.6795416,6852,TRUE,Industrial,2026-09-29T16:54:16.371Z,https://www.google.com/maps/place/Integrity+Industrial+Supply/data=!4m7!3m6!1s0x53a0215a89ffb3f7:0x283cd9941df1a033!8m2!3d53.5698399!4d-113.5801347!16s%2Fg%2F11t4d_w6z3!19sChIJ97P_iVohoFMRM6DxHZTZPCg
INDUSTRIAL ENGINES LTD,Electric generator shop,14355 120 Ave NW,3.7,10,53.5713052,-113.5691389,53.5521992,-113.6795416,7595,TRUE,Industrial,2026-09-29T16:54:16.371Z,https://www.google.com/maps/place/INDUSTRIAL+ENGINES+LTD/data=!4m7!3m6!1s0x53a021580ce26c39:0x1eefbdd69a567c42!8m2!3d53.5713052!4d-113.5691389!16s%2Fg%2F1tdxkk9v!19sChIJOWziDFghoFMRQnxWmta97x4
Sheffield Welding & Machining Ltd,Metal fabricator,20504 107 Ave NW,4.1,9,53.5519104,-113.6750793,53.5521992,-113.6795416,297,TRUE,metalworking,2026-09-29T16:57:46.785Z,https://www.google.com/maps/place/Sheffield+Welding+%26+Machining+Ltd/data=!4m7!3m6!1s0x53a020b098d310bf:0x3c73540915ca8b36!8m2!3d53.5519104!4d-113.6750793!16s%2Fg%2F1thkwz0_!19sChIJvxDTmLAgoFMRNovKFQlUczw
McNish Steel Ltd,Metal fabricator,10636 205 St NW,5,4,53.5505166,-113.675195,53.5521992,-113.6795416,343,TRUE,metalworking,2026-09-29T16:57:46.785Z,https://www.google.com/maps/place/McNish+Steel+Ltd/data=!4m7!3m6!1s0x53a020ba71cb6d83:0x59ae804c7762a2b9!8m2!3d53.5505166!4d-113.675195!16s%2Fg%2F1tfv06qv!19sChIJg23LcbogoFMRuaJid0yArlk
Commercial Industries Ltd,Electrician,14966 114 Ave NW,3.7,13,53.5636277,-113.5797055,53.5521992,-113.6795416,6716,TRUE,Industrial,2026-09-29T16:54:16.371Z,https://www.google.com/maps/place/Commercial+Industries+Ltd/data=!4m7!3m6!1s0x53a02123d6db0303:0x33a09cab27dd42b0!8m2!3d53.5636277!4d-113.5797055!16s%2Fg%2F1vknp1kd!19sChIJAwPb1iMhoFMRsELdJ6ucoDM
ALBERTA INDUSTRIAL SUPPLY,Industrial equipment supplier,14559 118 Ave NW,,,53.569936,-113.573354,53.5521992,-113.6795416,7285,TRUE,Industrial,2026-09-29T16:54:16.371Z,https://www.google.com/maps/place/ALBERTA+INDUSTRIAL+SUPPLY/data=!4m7!3m6!1s0x53a0215998e4fcf5:0x4b4ae8d77909feed!8m2!3d53.569936!4d-113.573354!16s%2Fg%2F11vwpgnbnd!19sChIJ9fzkmFkhoFMR7f4JedfoSks
I M Industries Ltd,Steel fabricator,12822 163 St NW,4.8,12,53.5874074,-113.6033872,53.5521992,-113.6795416,6373,TRUE,Industrial,2026-09-29T16:54:16.371Z,https://www.google.com/maps/place/I+M+Industries+Ltd/data=!4m7!3m6!1s0x53a026b04975afe9:0x100fe209920d5a56!8m2!3d53.5874074!4d-113.6033872!16s%2Fg%2F1v3kmrm8!19sChIJ6a91SbAmoFMRVloNkgniDxA
First Choice Ind Supply Ltd,Fastener supplier,15231 118 Ave NW,5,11,53.5701133,-113.5851979,53.5521992,-113.6795416,6542,TRUE,Industrial,2026-09-29T16:54:16.371Z,https://www.google.com/maps/place/First+Choice+Ind+Supply+Ltd/data=!4m7!3m6!1s0x53a03cb690fe7499:0x4aa781bb18c60125!8m2!3d53.5701133!4d-113.5851979!16s%2Fg%2F1td4jt5m!19sChIJmXT-kLY8oFMRJQHGGLuBp0o
Mitchell Industrial,,,,,53.5735328,-113.5871578,53.5521992,-113.6795416,6546,TRUE,Industrial,2026-09-29T16:54:16.371Z,https://www.google.com/maps/place/Mitchell+Industrial/data=!4m7!3m6!1s0x53a02151a0d6a7b9:0xc039e01e72cc45e8!8m2!3d53.5735328!4d-113.5871578!16s%2Fg%2F1tg67ss2!19sChIJuafWoFEhoFMR6EXMch7gOcA
Icon Industrial Contractors,Mechanical contractor,12849 141 St NW,4.5,8,53.5864694,-113.5640224,53.5521992,-113.6795416,8527,TRUE,Industrial,2026-09-29T16:54:16.371Z,https://www.google.com/maps/place/Icon+Industrial+Contractors/data=!4m7!3m6!1s0x53a02407f28e0f2f:0xb394e84427ab706d!8m2!3d53.5864694!4d-113.5640224!16s%2Fg%2F1tx46qqb!19sChIJLw-O8gckoFMRbXCrJ0TolLM
Waymarc Industries Ltd,Material handling equipment supplier,16304 117 Ave NW,3.3,16,53.5687023,-113.6031987,53.5521992,-113.6795416,5366,TRUE,Industrial,2026-09-29T16:54:16.371Z,https://www.google.com/maps/place/Waymarc+Industries+Ltd/data=!4m7!3m6!1s0x53a02137d93b5477:0x71f7e97e5700802c!8m2!3d53.5687023!4d-113.6031987!16s%2Fg%2F1vq9lzpn!19sChIJd1Q72TchoFMRLIAAV37p93E
Gregg Distributors LP,Industrial equipment supplier,16215 118 Ave NW,4.2,176,53.5699415,-113.6010872,53.5521992,-113.6795416,5544,TRUE,Industrial,2026-09-29T16:54:16.371Z,https://www.google.com/maps/place/Gregg+Distributors+LP/data=!4m7!3m6!1s0x53a02149bab04637:0xdc73f01801f5646c!8m2!3d53.5699415!4d-113.6010872!16s%2Fg%2F1thnng9x!19sChIJN0awukkhoFMRbGT1ARjwc9w
Team Production Technology Ltd,Manufacturer,21350 107 Ave NW,3,2,53.5521323,-113.6862414,53.5521992,-113.6795416,443,TRUE,production,2026-09-29T16:55:54.386Z,https://www.google.com/maps/place/Team+Production+Technology+Ltd/data=!4m7!3m6!1s0x53a020ae55c9dbd1:0xfa5e6ed01f9416ad!8m2!3d53.5521323!4d-113.6862414!16s%2Fg%2F1wc30y1s!19sChIJ0dvJVa4goFMRrRaUH9BuXvo
Edmonton Aluminum Castings Ltd,Manufacturer,21330 108 Ave NW,,,53.5538129,-113.6857585,53.5521992,-113.6795416,448,TRUE,foundry,2026-09-29T16:58:44.786Z,https://www.google.com/maps/place/Edmonton+Aluminum+Castings+Ltd/data=!4m7!3m6!1s0x53a020ae6b42ad49:0x14a6ce4c77d25e37!8m2!3d53.5538129!4d-113.6857585!16s%2Fg%2F1td6mbgz!19sChIJSa1Ca64goFMRN17Sd0zOphQ
Industrial Machine Inc,Equipment supplier,26880 96 Ave NW,4.3,8,53.5320599,-113.7713543,53.5521992,-113.6795416,6467,TRUE,Industrial,2026-09-29T16:54:16.371Z,https://www.google.com/maps/place/Industrial+Machine+Inc/data=!4m7!3m6!1s0x53a020fe60296335:0xb125b12be6aaf6cb!8m2!3d53.5320599!4d-113.7713543!16s%2Fg%2F11nnv_5_k5!19sChIJNWMpYP4goFMRy_aq5iuxJbE
Arctic Wear,Safety equipment supplier,15439 118 Ave NW,5,5,53.5698627,-113.5887881,53.5521992,-113.6795416,6308,TRUE,Industrial,2026-09-29T16:54:16.371Z,https://www.google.com/maps/place/Arctic+Wear/data=!4m7!3m6!1s0x53a0214f99e4cf81:0xcc39370855313f06!8m2!3d53.5698627!4d-113.5887881!16s%2Fg%2F11gbnyd0vj!19sChIJgc_kmU8hoFMRBj8xVQg3Ocw
MAVA Industrial Products Ltd.,Industrial equipment supplier,13171 156 St,3.8,4,53.5918642,-113.5886709,53.5521992,-113.6795416,7447,TRUE,Industrial,2026-09-29T16:54:16.371Z,https://www.google.com/maps/place/MAVA+Industrial+Products+Ltd./data=!4m7!3m6!1s0x53a026a874f93849:0x1c89f07167bddabd!8m2!3d53.5918642!4d-113.5886709!16s%2Fg%2F11f3_2kcrk!19sChIJSTj5dKgmoFMRvdq9Z3HwiRw
LDI Commercial Kitchen Repair Ltd,Restaurant supply store,12004 149 St,4,52,53.571958,-113.578117,53.5521992,-113.6795416,7050,TRUE,Industrial,2026-09-29T16:54:16.371Z,https://www.google.com/maps/place/LDI+Commercial+Kitchen+Repair+Ltd/data=!4m7!3m6!1s0x53a02150a8b485e7:0xd2cb88dbcd71f97e!8m2!3d53.571958!4d-113.578117!16s%2Fg%2F11b5wmgk90!19sChIJ54W0qFAhoFMRfvlxzduIy9I
Air Liquide Store,Welding gas supplier,15986 118 Ave NW,3.4,91,53.5711647,-113.5963896,53.5521992,-113.6795416,5883,TRUE,Industrial,2026-09-29T16:54:16.371Z,https://www.google.com/maps/place/Air+Liquide+Store/data=!4m7!3m6!1s0x53a0210ef5d24fbd:0xf19d3cafd995bf56!8m2!3d53.5711647!4d-113.5963896!16s%2Fg%2F11gm_gp5ws!19sChIJvU_S9Q4hoFMRVr-V2a88nfE
Alco Inc,Manufacturer,11650 156 St,5,5,53.567926,-113.5908298,53.5521992,-113.6795416,6115,TRUE,Industrial,2026-09-29T16:54:16.371Z,https://www.google.com/maps/place/Alco+Inc/data=!4m7!3m6!1s0x53a02145ee067baf:0xbcf352cee0b89025!8m2!3d53.567926!4d-113.5908298!16s%2Fg%2F1tfzrlrj!19sChIJr3sG7kUhoFMRJZC44M5S87w
Blue Falls Manufacturing (Winterburn),Hot tub store,107 Ave NW,5,3,53.5516249,-113.6714877,53.5521992,-113.6795416,536,TRUE,manufacturing,2026-09-29T16:54:38.778Z,https://www.google.com/maps/place/Blue+Falls+Manufacturing+%28Winterburn%29/data=!4m7!3m6!1s0x53a021a5772d6423:0x6053ca26b723e559!8m2!3d53.5516249!4d-113.6714877!16s%2Fg%2F11kq61_c6m!19sChIJI2Qtd6UhoFMRWeUjtybKU2A
Sheffield Industrial,,,,,53.5608095,-113.5988179,53.5521992,-113.6795416,5417,TRUE,Industrial,2026-09-29T16:54:16.371Z,https://www.google.com/maps/place/Sheffield+Industrial/data=!4m7!3m6!1s0x53a0213f5b26661d:0x997baded8813deb0!8m2!3d53.5608095!4d-113.5988179!16s%2Fg%2F1ts2zz5l!19sChIJHWYmWz8hoFMRsN4TiO2te5k
I-Industrial,Fabrication engineer,10653 Winterburn Rd NW,5,2,53.5511389,-113.6885573,53.5521992,-113.6795416,607,TRUE,Industrial,2026-09-29T16:54:16.371Z,https://www.google.com/maps/place/I-Industrial/data=!4m7!3m6!1s0x53a021abd2fd613b:0xaac5c29c34f3b3e4!8m2!3d53.5511389!4d-113.6885573!16s%2Fg%2F11lfbcw2fj!19sChIJO2H90qshoFMR5LPzNJzCxao
Duraguard Fence Ltd,Fence contractor,10624 214 St NW,4.7,225,53.5489223,-113.6873754,53.5521992,-113.6795416,633,TRUE,supply chain,2026-09-29T17:10:38.282Z,https://www.google.com/maps/place/Duraguard+Fence+Ltd/data=!4m7!3m6!1s0x53a020af69a2b26f:0x647569065a0882f9!8m2!3d53.5489223!4d-113.6873754!16s%2Fg%2F1v9gjpcc!19sChIJb7Kiaa8goFMR-YIIWgZpdWQ
Garside Industrial,,,,,53.5656124,-113.5872499,53.5521992,-113.6795416,6276,TRUE,Industrial,2026-09-29T16:54:16.371Z,https://www.google.com/maps/place/Garside+Industrial/data=!4m7!3m6!1s0x53a02144ddc0bb17:0x4dd3dc698f5a103e!8m2!3d53.5656124!4d-113.5872499!16s%2Fg%2F1tfbbv72!19sChIJF7vA3UQhoFMRPhBaj2nc000
T C Steel Ltd,Steel fabricator,11204 201 St NW,3.8,5,53.5602953,-113.6674371,53.5521992,-113.6795416,1204,TRUE,steel,2026-09-29T17:00:06.786Z,https://www.google.com/maps/place/T+C+Steel+Ltd/data=!4m7!3m6!1s0x53a020ca4de629e1:0x3ed82ae097d1ed7d!8m2!3d53.5602953!4d-113.6674371!16s%2Fg%2F1tf0q95s!19sChIJ4SnmTcogoFMRfe3Rl-Aq2D4
LGM Hardware Ltd,Industrial equipment supplier,15010 116 Ave NW,4,19,53.5680821,-113.5800083,53.5521992,-113.6795416,6807,TRUE,Industrial,2026-09-29T16:54:16.371Z,https://www.google.com/maps/place/LGM+Hardware+Ltd/data=!4m7!3m6!1s0x53a020e0a2742dcf:0x2cf358f04359b720!8m2!3d53.5680821!4d-113.5800083!16s%2Fg%2F1ty73yw9!19sChIJzy10ouAgoFMRILdZQ_BY8yw
Alberta Park Industrial,,,,,53.5665379,-113.5971631,53.5521992,-113.6795416,5670,TRUE,Industrial,2026-09-29T16:54:16.371Z,https://www.google.com/maps/place/Alberta+Park+Industrial/data=!4m7!3m6!1s0x53a02147cd8913df:0x8050bacc36caee1e!8m2!3d53.5665379!4d-113.5971631!16s%2Fg%2F1tf6g9vk!19sChIJ3xOJzUchoFMRHu7KNsy6UIA
Hammer Equipment,Construction equipment supplier,11121 199 St NW,,,53.55946,-113.66321,53.5521992,-113.6795416,1347,TRUE,machinery,2026-09-29T16:56:29.621Z,https://www.google.com/maps/place/Hammer+Equipment/data=!4m7!3m6!1s0x53a0213bc7eddd25:0x293c59adbe9a2416!8m2!3d53.55946!4d-113.66321!16s%2Fg%2F11vdrql7v5!19sChIJJd3txzshoFMRFiSavq1ZPCk
Spindle Factory,Railing contractor,11319 199 St NW,4,43,53.5613074,-113.6635264,53.5521992,-113.6795416,1465,TRUE,factory,2026-09-29T16:54:55.771Z,https://www.google.com/maps/place/Spindle+Factory/data=!4m7!3m6!1s0x53a023e2b2b46f63:0x4949d845087020ca!8m2!3d53.5613074!4d-113.6635264!16s%2Fg%2F1tfxxq89!19sChIJY2-0suIjoFMRyiBwCEXYSUk
Wesmat Supplies - A SurfacePrep Company,Abrasives supplier,12160 160 St NW,4.7,7,53.5761638,-113.597534,53.5521992,-113.6795416,6036,TRUE,Industrial,2026-09-29T16:54:16.371Z,https://www.google.com/maps/place/Wesmat+Supplies+-+A+SurfacePrep+Company/data=!4m7!3m6!1s0x53a0214c641f4ccd:0x4aa6b8b2ffdadf37!8m2!3d53.5761638!4d-113.597534!16s%2Fg%2F11b5wpzdt_!19sChIJzUwfZEwhoFMRN9_a_7K4pko
Mod Panel Manufacturing,Construction company,9903 209 St # 57,,,53.5390738,-113.6769088,53.5521992,-113.6795416,1470,TRUE,manufacturing,2026-09-29T16:54:38.778Z,https://www.google.com/maps/place/Mod+Panel+Manufacturing/data=!4m7!3m6!1s0x53a0214a465c561f:0xa05074f6a934873d!8m2!3d53.5390738!4d-113.6769088!16s%2Fg%2F11gxn2_6vn!19sChIJH1ZcRkohoFMRPYc0qfZ0UKA
The Belt Shop,Industrial equipment supplier,11446 154 St,3.9,11,53.5644845,-113.587653,53.5521992,-113.6795416,6221,TRUE,Industrial,2026-09-29T16:54:16.371Z,https://www.google.com/maps/place/The+Belt+Shop/data=!4m7!3m6!1s0x53a018755aab5557:0x72eeea75190fe383!8m2!3d53.5644845!4d-113.587653!16s%2Fg%2F1tk1yqmw!19sChIJV1WrWnUYoFMRg-MPGXXq7nI
Mountainview Systems Ltd.,Construction equipment supplier,22010 113 Ave NW,4.7,38,53.5621576,-113.6976179,53.5521992,-113.6795416,1628,TRUE,machinery,2026-09-29T16:56:29.621Z,https://www.google.com/maps/place/Mountainview+Systems+Ltd./data=!4m7!3m6!1s0x53a02124b3fb49eb:0xac4a84a9f1b4334c!8m2!3d53.5621576!4d-113.6976179!16s%2Fg%2F1tdfydl9!19sChIJ60n7syQhoFMRTDO08amESqw
Western Belting Alberta Ltd,Industrial equipment supplier,14755 121a Ave NW,4,4,53.5730922,-113.5758409,53.5521992,-113.6795416,7232,TRUE,Industrial,2026-09-29T16:54:16.371Z,https://www.google.com/maps/place/Western+Belting+Alberta+Ltd/data=!4m7!3m6!1s0x53a0215ac888f581:0x4b8b9b29cc339569!8m2!3d53.5730922!4d-113.5758409!16s%2Fg%2F11ltr3skzd!19sChIJgfWIyFohoFMRaZUzzCmbi0s
CWS Logistics Ltd - Edmonton Distribution,Warehouse,21335 115 Ave NW,3.9,13,53.5666234,-113.6840788,53.5521992,-113.6795416,1632,TRUE,supply chain,2026-09-29T17:10:38.282Z,https://www.google.com/maps/place/CWS+Logistics+Ltd+-+Edmonton+Distribution/data=!4m7!3m6!1s0x53a027b9872b5537:0xbad8d1ee30d7b69f!8m2!3d53.5666234!4d-113.6840788!16s%2Fg%2F11qpzsrhcw!19sChIJN1Urh7knoFMRn7bXMO7R2Lo
Bishop Industrial Products Ltd.,Industrial equipment supplier,1 Rayborn Crescent,4.6,9,53.6230496,-113.6441874,53.5521992,-113.6795416,8217,TRUE,Industrial,2026-09-29T16:54:16.371Z,https://www.google.com/maps/place/Bishop+Industrial+Products+Ltd./data=!4m7!3m6!1s0x53a0266685da46b9:0xbedef04e8c3f70d7!8m2!3d53.6230496!4d-113.6441874!16s%2Fg%2F1tn4xvmz!19sChIJuUbahWYmoFMR13A_jE7w3r4
The Bolt Supply House Ltd,Fastener supplier,11734 156 St,4.5,190,53.5695504,-113.5911172,53.5521992,-113.6795416,6151,TRUE,Industrial,2026-09-29T16:54:16.371Z,https://www.google.com/maps/place/The+Bolt+Supply+House+Ltd/data=!4m7!3m6!1s0x53a0214f6fcbd867:0xf5f36d0703765b3d!8m2!3d53.5695504!4d-113.5911172!16s%2Fg%2F1tjdr013!19sChIJZ9jLb08hoFMRPVt2Awdt8_U
Pace Industrial,Corporate office,14605 118 Ave NW,,,53.5701507,-113.5745198,53.5521992,-113.6795416,7218,TRUE,Industrial,2026-09-29T16:54:16.371Z,https://www.google.com/maps/place/Pace+Industrial/data=!4m7!3m6!1s0x53a021598e261f11:0xa123074dc9734e55!8m2!3d53.5701507!4d-113.5745198!16s%2Fg%2F11ghp2nw8p!19sChIJER8mjlkhoFMRVU5zyU0HI6E
Alliance Equipment Ltd,Material handling equipment supplier,22050 Stony Plain Rd,5,18,53.5421074,-113.6982986,53.5521992,-113.6795416,1672,TRUE,industrial machinery,2026-09-29T16:56:59.777Z,https://www.google.com/maps/place/Alliance+Equipment+Ltd/data=!4m7!3m6!1s0x539f8a0913ac498f:0xe140358af9e0ba30!8m2!3d53.5421074!4d-113.6982986!16s%2Fg%2F11g6rkl1q3!19sChIJj0msEwmKn1MRMLrg-Yo1QOE
River Rock Sand & Gravel,Sand & gravel supplier,22303 112 Ave NW,4,4,53.5597332,-113.7019788,53.5521992,-113.6795416,1702,TRUE,quarrying,2026-09-29T17:01:02.795Z,https://www.google.com/maps/place/River+Rock+Sand+%26+Gravel/data=!4m7!3m6!1s0x53a026b71389e117:0xdad59d6b41dcb73b!8m2!3d53.5597332!4d-113.7019788!16s%2Fg%2F1tf15kcr!19sChIJF-GJE7cmoFMRO7fcQWud1do
Milron Truck Body,Manufacturer,12145 156 St,3.9,21,53.5738806,-113.5899273,53.5521992,-113.6795416,6391,TRUE,Industrial,2026-09-29T16:54:16.371Z,https://www.google.com/maps/place/Milron+Truck+Body/data=!4m7!3m6!1s0x53a0214e0dd5531f:0xfbd7e1037b9e19db!8m2!3d53.5738806!4d-113.5899273!16s%2Fg%2F1ths90qg!19sChIJH1PVDU4hoFMR2xmeewPh1_s
Dominion Industrial,,,,,53.5735477,-113.5711704,53.5521992,-113.6795416,7541,TRUE,Industrial,2026-09-29T16:54:16.371Z,https://www.google.com/maps/place/Dominion+Industrial/data=!4m7!3m6!1s0x53a021562be33db9:0x299caeba7b3923bc!8m2!3d53.5735477!4d-113.5711704!16s%2Fg%2F1tjdwlcd!19sChIJuT3jK1YhoFMRvCM5e7qunCk
MMD Mineral Sizing (Canada) Inc.,Mining equipment,22511 112 Ave NW,5,1,53.5596306,-113.7051761,53.5521992,-113.6795416,1884,TRUE,mining,2026-09-29T17:00:54.785Z,https://www.google.com/maps/place/MMD+Mineral+Sizing+%28Canada%29+Inc./data=!4m7!3m6!1s0x53a0238efb94bceb:0x3a054288d94c0b60!8m2!3d53.5596306!4d-113.7051761!16s%2Fg%2F1tfrm05m!19sChIJ67yU-44joFMRYAtM2YhCBTo
Northern Welding Supplies Ltd.,Welding supply store,11312 156 St,4.9,31,53.5625911,-113.5910868,53.5521992,-113.6795416,5956,TRUE,Industrial,2026-09-29T16:54:16.371Z,https://www.google.com/maps/place/Northern+Welding+Supplies+Ltd./data=!4m7!3m6!1s0x53a0213bac5d5def:0x8a9a453a66c1921f!8m2!3d53.5625911!4d-113.5910868!16s%2Fg%2F11gfncf5r0!19sChIJ711drDshoFMRH5LBZjpFmoo
ModularTechnique Industrial & Building Supplies Inc.,Metal fabricator,11507 160 St NW,,,53.5637343,-113.5957154,53.5521992,-113.6795416,5683,TRUE,Industrial,2026-09-29T16:54:16.371Z,https://www.google.com/maps/place/ModularTechnique+Industrial+%26+Building+Supplies+Inc./data=!4m7!3m6!1s0x53a0212e63c63ce5:0xff50373a00374c01!8m2!3d53.5637343!4d-113.5957154!16s%2Fg%2F11gxw135qf!19sChIJ5TzGYy4hoFMRAUw3ADo3UP8
Inland Industrial Supply Ltd.,Industrial equipment supplier,9949 29a Ave NW,3.6,19,53.4596346,-113.4865632,53.5521992,-113.6795416,16395,FALSE,Industrial,2026-09-29T16:54:16.371Z,https://www.google.com/maps/place/Inland+Industrial+Supply+Ltd./data=!4m7!3m6!1s0x53a01ed9e8a74e89:0xc806901d7f669528!8m2!3d53.4596346!4d-113.4865632!16s%2Fg%2F1tffcwjf!19sChIJiU6n6NkeoFMRKJVmfx2QBsg
Pro Cut Industrial Supply Ltd,Industrial equipment supplier,9806 45th Ave NW,5,27,53.4834881,-113.4829525,53.5521992,-113.6795416,15077,TRUE,Industrial,2026-09-29T16:54:16.371Z,https://www.google.com/maps/place/Pro+Cut+Industrial+Supply+Ltd/data=!4m7!3m6!1s0x53a01851b55cfd35:0xe542bfca1c50ac8d!8m2!3d53.4834881!4d-113.4829525!16s%2Fg%2F1tflm35k!19sChIJNf1ctVEYoFMRjaxQHMq_QuU
Prosource Industrial Solutions,Aluminum supplier,14646 112 Ave NW,,,53.5607192,-113.574029,53.5521992,-113.6795416,7034,TRUE,Industrial,2026-09-29T16:54:16.371Z,https://www.google.com/maps/place/Prosource+Industrial+Solutions/data=!4m7!3m6!1s0x53a021678b289fef:0x1e4f3754d3292320!8m2!3d53.5607192!4d-113.574029!16s%2Fg%2F1tg86bc2!19sChIJ758oi2choFMRICMp01Q3Tx4
Genfour Thermal Solutions Inc,Industrial equipment supplier,15415 115a Ave NW,5,2,53.5652284,-113.5879091,53.5521992,-113.6795416,6223,TRUE,Industrial,2026-09-29T16:54:16.371Z,https://www.google.com/maps/place/Genfour+Thermal+Solutions+Inc/data=!4m7!3m6!1s0x53a0214446804293:0x4d87b840f43007b!8m2!3d53.5652284!4d-113.5879091!16s%2Fg%2F1tdfydld!19sChIJk0KARkQhoFMRewBDD4R72AQ
Wolseley Waterworks,Water works equipment supplier,"12212, 12224 152 St NW",4.4,16,53.5765019,-113.5832501,53.5521992,-113.6795416,6910,TRUE,Industrial,2026-09-29T16:54:16.371Z,https://www.google.com/maps/place/Wolseley+Waterworks/data=!4m7!3m6!1s0x53a021514395cb09:0xf8e0ab1ce5fe46ca!8m2!3d53.5765019!4d-113.5832501!16s%2Fg%2F1tgf7gqd!19sChIJCcuVQ1EhoFMRykb-5Ryr4Pg
Triton Machining Inc.,Machine shop,11220 224 St NW,5,5,53.5610888,-113.7042134,53.5521992,-113.6795416,1906,TRUE,machining,2026-09-29T16:58:17.775Z,https://www.google.com/maps/place/Triton+Machining+Inc./data=!4m7!3m6!1s0x539f89fe0eec1649:0xa16b7b51c80cee7!8m2!3d53.5610888!4d-113.7042134!16s%2Fg%2F11df2p_cs5!19sChIJSRbsDv6Jn1MR586AHLW3Fgo
Mistatim Industrial,,,,,53.5993225,-113.5904049,53.5521992,-113.6795416,7880,TRUE,Industrial,2026-09-29T16:54:16.371Z,https://www.google.com/maps/place/Mistatim+Industrial/data=!4m7!3m6!1s0x53a0269881f47f8b:0x159d53511181b6a0!8m2!3d53.5993225!4d-113.5904049!16s%2Fg%2F1tjthz6t!19sChIJi3_0gZgmoFMRoLaBEVFTnRU
EPCOR Utilities Inc.,Electric utility company,"Winterburn Training Centre, 22004 115 Ave NW",2.7,26,53.565514,-113.6987321,53.5521992,-113.6795416,1949,TRUE,utilities,2026-09-29T17:05:21.789Z,https://www.google.com/maps/place/EPCOR+Utilities+Inc./data=!4m7!3m6!1s0x53a02751b1454119:0x7b13294cd0c89346!8m2!3d53.565514!4d-113.6987321!16s%2Fg%2F11c1xdhp3p!19sChIJGUFFsVEnoFMRRpPI0EwpE3s
Endura Paint,Paint store,12425 149 St,4.7,38,53.5799883,-113.5773993,53.5521992,-113.6795416,7419,TRUE,Industrial,2026-09-29T16:54:16.371Z,https://www.google.com/maps/place/Endura+Paint/data=!4m7!3m6!1s0x53a02155a5b1c09b:0xf3829fe7d915f6b9!8m2!3d53.5799883!4d-113.5773993!16s%2Fg%2F1v7py4qy!19sChIJm8CxpVUhoFMRufYV2eefgvM
"PCL Energy, Inc.",Construction company,10003 56 Avenue Northwest,4.5,12,53.490641,-113.488632,53.5521992,-113.6795416,14357,TRUE,Industrial,2026-09-29T16:54:16.371Z,"https://www.google.com/maps/place/PCL+Energy,+Inc./data=!4m7!3m6!1s0x53a018b45edceb8f:0xa42b94115cab30ac!8m2!3d53.490641!4d-113.488632!16s%2Fg%2F11cn5t0zy1!19sChIJj-vcXrQYoFMRrDCrXBGUK6Q"
High Park Industrial,,,,,53.560751,-113.5872067,53.5521992,-113.6795416,6173,TRUE,Industrial,2026-09-29T16:54:16.371Z,https://www.google.com/maps/place/High+Park+Industrial/data=!4m7!3m6!1s0x53a021423661c803:0xe77dd79acae7fdd8!8m2!3d53.560751!4d-113.5872067!16s%2Fg%2F1wzt21c9!19sChIJA8hhNkIhoFMR2P3nyprXfec
Fastenal Canada Fulfillment Center,Industrial equipment supplier,11472 149 St,3,10,53.5649474,-113.5785846,53.5521992,-113.6795416,6817,TRUE,Industrial,2026-09-29T16:54:16.371Z,https://www.google.com/maps/place/Fastenal+Canada+Fulfillment+Center/data=!4m7!3m6!1s0x53a020d03f3b4ed9:0xe34eb77a9dd8a3df!8m2!3d53.5649474!4d-113.5785846!16s%2Fg%2F1tg5030l!19sChIJ2U47P9AgoFMR36PYnXq3TuM
Kal Tire Industrial,Tire shop,14630 Yellowhead Trail NW,4,13,53.581857,-113.574118,53.5521992,-113.6795416,7703,TRUE,Industrial,2026-09-29T16:54:16.371Z,https://www.google.com/maps/place/Kal+Tire+Industrial/data=!4m7!3m6!1s0x53a0234f421b2949:0xd5ef596e925c3b41!8m2!3d53.581857!4d-113.574118!16s%2Fg%2F11q46m1c22!19sChIJSSkbQk8joFMRQTtckm5Z79U
Structura Vision Engineering Inc.,Structural engineer,9931 224 Street Northwest,5,26,53.540104,-113.701686,53.5521992,-113.6795416,1987,TRUE,engineering,2026-09-29T17:05:55.774Z,https://www.google.com/maps/place/Structura+Vision+Engineering+Inc./data=!4m7!3m6!1s0x539f8b6b872ee30d:0xd0435c6424f9009b!8m2!3d53.540104!4d-113.701686!16s%2Fg%2F11vct53v5z!19sChIJDeMuh2uLn1MRmwD5JGRcQ9A
Carleton Square Industrial,,,,,53.5726976,-113.6089296,53.5521992,-113.6795416,5191,TRUE,Industrial,2026-09-29T16:54:16.371Z,https://www.google.com/maps/place/Carleton+Square+Industrial/data=!4m7!3m6!1s0x53a0213565cc45a1:0xd3aa2b5f327c2326!8m2!3d53.5726976!4d-113.6089296!16s%2Fg%2F1tfmbxwj!19sChIJoUXMZTUhoFMRJiN8Ml8rqtM
Industrial Exhaust Components,Manufacturer,9331 39 Ave NW #102,4.7,15,53.4735179,-113.4748695,53.5521992,-113.6795416,16115,TRUE,Industrial,2026-09-29T16:54:16.371Z,https://www.google.com/maps/place/Industrial+Exhaust+Components/data=!4m7!3m6!1s0x53a01f2d56f20f5f:0xbc06957b59035829!8m2!3d53.4735179!4d-113.4748695!16s%2Fg%2F1vhlxw88!19sChIJXw_yVi0foFMRKVgDWXuVBrw
Wolseley Industrial,Industrial equipment supplier,3780 98 St NW,4,3,53.4723434,-113.483139,53.5521992,-113.6795416,15732,TRUE,Industrial,2026-09-29T16:54:16.371Z,https://www.google.com/maps/place/Wolseley+Industrial/data=!4m7!3m6!1s0x53a01f2c60781841:0xea8bbac2097813ee!8m2!3d53.4723434!4d-113.483139!16s%2Fg%2F1tgdhp1s!19sChIJQRh4YCwfoFMR7hN4CcK6i-o
DiamondGear Industrial Manufacturing,Manufacturer,8882 170 St NW #3000,,,53.5226441,-113.6219568,53.5521992,-113.6795416,5028,TRUE,Industrial,2026-09-29T16:54:16.371Z,https://www.google.com/maps/place/DiamondGear+Industrial+Manufacturing/data=!4m7!3m6!1s0x53a026abb26e82b3:0xcc68a65357293706!8m2!3d53.5226441!4d-113.6219568!16s%2Fg%2F1vxvhjxx!19sChIJs4JusqsmoFMRBjcpV1OmaMw
Edge Equipment,Construction machine dealer,12704 149 St,4.6,42,53.5838651,-113.5789256,53.5521992,-113.6795416,7520,TRUE,Industrial,2026-09-29T16:54:16.371Z,https://www.google.com/maps/place/Edge+Equipment/data=!4m7!3m6!1s0x53a024001cfdceed:0x44e1a7814055245f!8m2!3d53.5838651!4d-113.5789256!16s%2Fg%2F1vlzb0_b!19sChIJ7c79HAAkoFMRXyRVQIGn4UQ
EECOL Electric,Electrical supply store,16021 121a Ave NW,4.3,167,53.5730218,-113.5981393,53.5521992,-113.6795416,5853,TRUE,Industrial,2026-09-29T16:54:16.371Z,https://www.google.com/maps/place/EECOL+Electric/data=!4m7!3m6!1s0x53a0214c07090735:0x4989e9db0fea52e8!8m2!3d53.5730218!4d-113.5981393!16s%2Fg%2F1trxjz8l!19sChIJNQcJB0whoFMR6FLqD9vpiUk
MTE Logistix,Logistics service,11250 189 St NW,3.1,63,53.5605545,-113.6525038,53.5521992,-113.6795416,2013,TRUE,supply chain,2026-09-29T17:10:38.282Z,https://www.google.com/maps/place/MTE+Logistix/data=!4m7!3m6!1s0x53a020d038df6397:0xac94e32df0e2ae85!8m2!3d53.5605545!4d-113.6525038!16s%2Fg%2F1pyqfx3cr!19sChIJl2PfONAgoFMRha7i8C3jlKw
Metal Supermarkets Edmonton (West),Metal supplier,11451 156 St,4.8,243,53.5643648,-113.5899554,53.5521992,-113.6795416,6070,TRUE,Industrial,2026-09-29T16:54:16.371Z,https://www.google.com/maps/place/Metal+Supermarkets+Edmonton+%28West%29/data=!4m7!3m6!1s0x53a02146bc96b27b:0x1a12de5c7fee8163!8m2!3d53.5643648!4d-113.5899554!16s%2Fg%2F1tdk9rx2!19sChIJe7KWvEYhoFMRY4Huf1zeEho
Integrity Industrial Supply Lt,Wholesaler,7 Riel Dr,,,53.6282597,-113.6355034,53.5521992,-113.6795416,8943,TRUE,Industrial,2026-09-29T16:54:16.371Z,https://www.google.com/maps/place/Integrity+Industrial+Supply+Lt/data=!4m7!3m6!1s0x53a020ddf985adbd:0x99e0759edc03bf23!8m2!3d53.6282597!4d-113.6355034!16s%2Fg%2F1tlkc1bn!19sChIJva2F-d0goFMRI78D3J514Jk
Cooper Equipment Rentals,Construction machine rental service,20704 118a Ave NW,4.6,49,53.5711308,-113.6766352,53.5521992,-113.6795416,2114,TRUE,machinery,2026-09-29T16:56:29.621Z,https://www.google.com/maps/place/Cooper+Equipment+Rentals/data=!4m7!3m6!1s0x53a027480c12fcf7:0xa9a3ba9473108505!8m2!3d53.5711308!4d-113.6766352!16s%2Fg%2F11gcndph6g!19sChIJ9_wSDEgnoFMRBYUQc5S6o6k
Komatsu Mining Corp.,Mining equipment,15802 116 Ave NW,5,8,53.5670208,-113.5947313,53.5521992,-113.6795416,5839,TRUE,Industrial,2026-09-29T16:54:16.371Z,https://www.google.com/maps/place/Komatsu+Mining+Corp./data=!4m7!3m6!1s0x53a021463839823f:0x252119bd1b30c682!8m2!3d53.5670208!4d-113.5947313!16s%2Fg%2F11b5wldmwl!19sChIJP4I5OEYhoFMRgsYwG70ZISU
Hawin Park Estate Industrial,,,,,53.5735716,-113.5970845,53.5521992,-113.6795416,5942,TRUE,Industrial,2026-09-29T16:54:16.371Z,https://www.google.com/maps/place/Hawin+Park+Estate+Industrial/data=!4m7!3m6!1s0x53a0214c6a7a5467:0xbf79c847749af6c0!8m2!3d53.5735716!4d-113.5970845!16s%2Fg%2F1tmkknk_!19sChIJZ1R6akwhoFMRwPaadEfIeb8
Weldco-Beales Manufacturing (WBM),Steel fabricator,12155 154 St,3.4,11,53.5742302,-113.5856228,53.5521992,-113.6795416,6669,TRUE,manufacturing,2026-09-29T16:54:38.778Z,https://www.google.com/maps/place/Weldco-Beales+Manufacturing+%28WBM%29/data=!4m7!3m6!1s0x53a02151ed8c5981:0xd042df831b640d18!8m2!3d53.5742302!4d-113.5856228!16s%2Fg%2F1tcv5_dq!19sChIJgVmM7VEhoFMRGA1kG4PfQtA
Manufacturing & Training Facility Canadian Premier Products,Manufacturer,11616 154 St,,,53.5678752,-113.5877367,53.5521992,-113.6795416,6309,TRUE,manufacturing,2026-09-29T16:54:38.778Z,https://www.google.com/maps/place/Manufacturing+%26+Training+Facility+Canadian+Premier+Products/data=!4m7!3m6!1s0x53a021450b31f715:0x64f00e07a31e139a!8m2!3d53.5678752!4d-113.5877367!16s%2Fg%2F11c56rf5vv!19sChIJFfcxC0UhoFMRmhMeowcO8GQ
High Torq Heavy Equipment Service Ltd.,Mechanical contractor,10831 231 Street Northwest,4.4,15,53.555189,-113.711774,53.5521992,-113.6795416,2155,TRUE,machinery,2026-09-29T16:56:29.621Z,https://www.google.com/maps/place/High+Torq+Heavy+Equipment+Service+Ltd./data=!4m7!3m6!1s0x539f91be3fa02095:0xf445ba4255b2b3bc!8m2!3d53.555189!4d-113.711774!16s%2Fg%2F11jtw3zrqt!19sChIJlSCgP76Rn1MRvLOyVUK6RfQ
Grozic Manufacturing,Woodworker,15125 117 Ave NW,,,53.5692454,-113.5822319,53.5521992,-113.6795416,6701,TRUE,manufacturing,2026-09-29T16:54:38.778Z,https://www.google.com/maps/place/Grozic+Manufacturing/data=!4m7!3m6!1s0x53a021ea2fa0e317:0x84132bfae20d1fdb!8m2!3d53.5692454!4d-113.5822319!16s%2Fg%2F11n3_7wl1d!19sChIJF-OgL-ohoFMR2x8N4vorE4Q
Cci Manufacturing Inc,Manufacturer,16355 130 Ave NW,5,2,53.5884744,-113.6053698,53.5521992,-113.6795416,6345,TRUE,manufacturing,2026-09-29T16:54:38.778Z,https://www.google.com/maps/place/Cci+Manufacturing+Inc/data=!4m7!3m6!1s0x53a026b0778c1295:0xcbbd0354e7aebd11!8m2!3d53.5884744!4d-113.6053698!16s%2Fg%2F11q2ykgb0y!19sChIJlRKMd7AmoFMREb2u51QDvcs
Ace Machining & Manufacturing Ltd,Machine shop,11743 156 St,,,53.5685852,-113.5897958,53.5521992,-113.6795416,6201,TRUE,manufacturing,2026-09-29T16:54:38.778Z,https://www.google.com/maps/place/Ace+Machining+%26+Manufacturing+Ltd/data=!4m7!3m6!1s0x53a0214f61fdecd3:0x33db4446d2a60485!8m2!3d53.5685852!4d-113.5897958!16s%2Fg%2F1tfjktl0!19sChIJ0-z9YU8hoFMRhQSm0kZE2zM
Rainbow Sportswear Manufacturing Ltd.,Embroidery service,15439 118 Ave NW,4.7,12,53.5700719,-113.5887194,53.5521992,-113.6795416,6319,TRUE,manufacturing,2026-09-29T16:54:38.778Z,https://www.google.com/maps/place/Rainbow+Sportswear+Manufacturing+Ltd./data=!4m7!3m6!1s0x53a0214fec9e6c17:0x7172ed65b240c20c!8m2!3d53.5700719!4d-113.5887194!16s%2Fg%2F1xfsnf8q!19sChIJF2ye7E8hoFMRDMJAsmXtcnE
W J Manufacturing Ltd,Manufacturer,12114 156 St,,,53.5749863,-113.5912612,53.5521992,-113.6795416,6357,TRUE,manufacturing,2026-09-29T16:54:38.778Z,https://www.google.com/maps/place/W+J+Manufacturing+Ltd/data=!4m7!3m6!1s0x53a0214dfaddcd3d:0x9a61a22003d89aac!8m2!3d53.5749863!4d-113.5912612!16s%2Fg%2F1tnjj7ny!19sChIJPc3d-k0hoFMRrJrYAyCiYZo
Spencer Manufacturing,Manufacturer,15803 145 Ave NW,,,53.6053806,-113.594978,53.5521992,-113.6795416,8132,TRUE,manufacturing,2026-09-29T16:54:38.778Z,https://www.google.com/maps/place/Spencer+Manufacturing/data=!4m7!3m6!1s0x4163a2eac121b87d:0xddc6090519db19d2!8m2!3d53.6053806!4d-113.594978!16s%2Fg%2F11b6mr0kny!19sChIJfbghweqiY0ER0hnbGQUJxt0
Mercury Plastics of Canada Inc,Plastic fabrication company,14743 134 Ave NW,4.2,5,53.5932787,-113.5751143,53.5521992,-113.6795416,8271,TRUE,manufacturing,2026-09-29T16:54:38.778Z,https://www.google.com/maps/place/Mercury+Plastics+of+Canada+Inc/data=!4m7!3m6!1s0x53a02404c2a070b3:0xfce844a9abca8627!8m2!3d53.5932787!4d-113.5751143!16s%2Fg%2F1tftkx23!19sChIJs3CgwgQkoFMRJ4bKq6lE6Pw
Key Equipment Services,Industrial equipment supplier,18562 104 Ave NW,2.9,78,53.5468568,-113.6453956,53.5521992,-113.6795416,2333,TRUE,machinery,2026-09-29T16:56:29.621Z,https://www.google.com/maps/place/Key+Equipment+Services/data=!4m7!3m6!1s0x53a018b24597bd17:0xb40f04c653b92a38!8m2!3d53.5468568!4d-113.6453956!16s%2Fg%2F1hf08j644!19sChIJF72XRbIYoFMROCq5U8YED7Q
Portside Warehousing,Warehouse,11560 186 St NW #20,3.6,12,53.5650025,-113.6511062,53.5521992,-113.6795416,2357,TRUE,supply chain,2026-09-29T17:10:38.282Z,https://www.google.com/maps/place/Portside+Warehousing/data=!4m7!3m6!1s0x53a023c0e060dd6d:0xafeb048557a0df99!8m2!3d53.5650025!4d-113.6511062!16s%2Fg%2F11b6gcccpy!19sChIJbd1g4MAjoFMRmd-gV4UE668
Gratz Manufacturing Ltd,Metal fabricator,25791 114 Ave #108,5,13,53.5626404,-113.7545811,53.5521992,-113.6795416,5091,TRUE,manufacturing,2026-09-29T16:54:38.778Z,https://www.google.com/maps/place/Gratz+Manufacturing+Ltd/data=!4m7!3m6!1s0x53a02138edf034a7:0xb988353afbaaa394!8m2!3d53.5626404!4d-113.7545811!16s%2Fg%2F1tdyf9m6!19sChIJpzTw7TghoFMRlKOq-zo1iLk
Raylin Manufacturing Ltd.,Sheet metal contractor,12542 125 St NW,4.1,9,53.5819691,-113.5379566,53.5521992,-113.6795416,9918,TRUE,manufacturing,2026-09-29T16:54:38.778Z,https://www.google.com/maps/place/Raylin+Manufacturing+Ltd./data=!4m7!3m6!1s0x53a0238d2565de1b:0xfbe020d40c94d2b!8m2!3d53.5819691!4d-113.5379566!16s%2Fg%2F1tq6d58m!19sChIJG95lJY0joFMRK03JQA0Cvg8
Alberta Machine Inc.,Automation company,14505 114 Ave NW,5,1,53.5622354,-113.5719596,53.5521992,-113.6795416,7193,TRUE,manufacturing,2026-09-29T16:54:38.778Z,https://www.google.com/maps/place/Alberta+Machine+Inc./data=!4m7!3m6!1s0x53a021bb3067258b:0x38b36db12fae8d8d!8m2!3d53.5622354!4d-113.5719596!16s%2Fg%2F11h4cpy8l1!19sChIJiyVnMLshoFMRjY2uL7Ftszg
CnC Waste Solutions Inc.,Dumpster rental service,11231 231 St,5,13,53.5605616,-113.7129434,53.5521992,-113.6795416,2394,TRUE,CNC,2026-09-29T16:58:34.784Z,https://www.google.com/maps/place/CnC+Waste+Solutions+Inc./data=!4m7!3m6!1s0x86309bf04fc018f1:0x7abd301985b7e6bc!8m2!3d53.5605616!4d-113.7129434!16s%2Fg%2F11s2ntfnz_!19sChIJ8RjAT_CbMIYRvOa3hRkwvXo
Silverado Manufacturing,Manufacturer,11082 156 St,,,53.5579822,-113.5907315,53.5521992,-113.6795416,5902,TRUE,manufacturing,2026-09-29T16:54:38.778Z,https://www.google.com/maps/place/Silverado+Manufacturing/data=!4m7!3m6!1s0x53a02140188f80db:0xf66dc36e22f68cf!8m2!3d53.5579822!4d-113.5907315!16s%2Fg%2F11b5wlbyb9!19sChIJ24CPGEAhoFMRz2gv4jbcZg8
South Side Manufacturing Ltd,Contractor,15810 114 Ave NW,4.1,14,53.5636741,-113.5927155,53.5521992,-113.6795416,5875,TRUE,manufacturing,2026-09-29T16:54:38.778Z,https://www.google.com/maps/place/South+Side+Manufacturing+Ltd/data=!4m7!3m6!1s0x53a0190555e66ab9:0x6d47417f57bcbe4b!8m2!3d53.5636741!4d-113.5927155!16s%2Fg%2F11qql7l663!19sChIJuWrmVQUZoFMRS768V39BR20
Metrie - Edmonton MDF Manufacturing,Manufacturer,14810 131 Ave NW,4.4,5,53.5910633,-113.573322,53.5521992,-113.6795416,8238,TRUE,manufacturing,2026-09-29T16:54:38.778Z,https://www.google.com/maps/place/Metrie+-+Edmonton+MDF+Manufacturing/data=!4m7!3m6!1s0x53a024040bedeb07:0x9b6451ade06c6940!8m2!3d53.5910633!4d-113.573322!16s%2Fg%2F1tfmbxxw!19sChIJB-vtCwQkoFMRQGls4K1RZJs
Cummins Sales And Service - Parts Distribution Centre,Diesel engine dealer,18529 105 Ave NW #103,3.7,10,53.5476605,-113.6441031,53.5521992,-113.6795416,2395,TRUE,machinery,2026-09-29T16:56:29.621Z,https://www.google.com/maps/place/Cummins+Sales+And+Service+-+Parts+Distribution+Centre/data=!4m7!3m6!1s0x53a020c2ed549f7b:0x57c316c5b0dca4f5!8m2!3d53.5476605!4d-113.6441031!16s%2Fg%2F11hbph5vn6!19sChIJe59U7cIgoFMR9aTcsMUWw1c
RONA+ Edmonton-West,Home improvement store,10225 186 St NW,3.9,1600,53.5442753,-113.6449675,53.5521992,-113.6795416,2448,TRUE,assembly line,2026-09-29T16:56:06.475Z,https://www.google.com/maps/place/RONA%2B+Edmonton-West/data=!4m7!3m6!1s0x53a020db515caa2b:0xfe4322804cf0472e!8m2!3d53.5442753!4d-113.6449675!16s%2Fg%2F1q5bm2kym!19sChIJK6pcUdsgoFMRLkfwTIAiQ_4
Belvent Manufacturing Ltd,Steel fabricator,10922 120 St NW,3.4,5,53.5560166,-113.5300746,53.5521992,-113.6795416,9882,TRUE,manufacturing,2026-09-29T16:54:38.778Z,https://www.google.com/maps/place/Belvent+Manufacturing+Ltd/data=!4m7!3m6!1s0x53a023cefe0f5a29:0xc6c09cebf666c6e9!8m2!3d53.5560166!4d-113.5300746!16s%2Fg%2F1tf_h2ky!19sChIJKVoP_s4joFMR6cZm9uucwMY
Dynamic Manufacturing Solutions,Computer consultant,12155 154 St,,,53.574673,-113.586454,53.5521992,-113.6795416,6636,TRUE,manufacturing,2026-09-29T16:54:38.778Z,https://www.google.com/maps/place/Dynamic+Manufacturing+Solutions/data=!4m7!3m6!1s0x53a02151ed8c5981:0x97831886df302716!8m2!3d53.574673!4d-113.586454!16s%2Fg%2F1hm58c0s4!19sChIJgVmM7VEhoFMRFicw34YYg5c
Pierce Co. Manufacturers Ltd.,Oil field equipment supplier,12871 170 St NW,4.3,9,53.5888357,-113.6143841,53.5521992,-113.6795416,5925,TRUE,manufacturing,2026-09-29T16:54:38.778Z,https://www.google.com/maps/place/Pierce+Co.+Manufacturers+Ltd./data=!4m7!3m6!1s0x53a026b9b6cd4e2f:0x47ca2b47cd96b0f2!8m2!3d53.5888357!4d-113.6143841!16s%2Fg%2F1vlzb0_s!19sChIJL07NtrkmoFMR8rCWzUcrykc
Power Antenna Manufacturing Inc,Telecommunications equipment supplier,11215 154 St,5,5,53.5614264,-113.5859995,53.5521992,-113.6795416,6263,TRUE,manufacturing,2026-09-29T16:54:38.778Z,https://www.google.com/maps/place/Power+Antenna+Manufacturing+Inc/data=!4m7!3m6!1s0x53a0214179ae7c4d:0x9bd22a1f75c204ec!8m2!3d53.5614264!4d-113.5859995!16s%2Fg%2F1tj2bpgz!19sChIJTXyueUEhoFMR7ATCdR8q0ps
Icol manufacturing,Manufacturer,12920 Yellowhead Trail,,,53.581208,-113.5463961,53.5521992,-113.6795416,9366,TRUE,manufacturing,2026-09-29T16:54:38.778Z,https://www.google.com/maps/place/Icol+manufacturing/data=!4m7!3m6!1s0x53a023f3cdc6743d:0x681cc2cdda9a5913!8m2!3d53.581208!4d-113.5463961!16s%2Fg%2F11s7fv25w7!19sChIJPXTGzfMjoFMRE1ma2s3CHGg
Plantlife Cannabis Weed Dispensary Sunwapta,Cannabis store,10185 186 St NW,4.6,218,53.542824,-113.645951,53.5521992,-113.6795416,2452,TRUE,plant,2026-09-29T16:55:10.777Z,https://www.google.com/maps/place/Plantlife+Cannabis+Weed+Dispensary+Sunwapta/data=!4m7!3m6!1s0x53a021cdd70dda5d:0xa383e0c66107855e!8m2!3d53.542824!4d-113.645951!16s%2Fg%2F11j15lvn_3!19sChIJXdoN180hoFMRXoUHYcbgg6M
White Industrial,,,,,53.5592963,-113.6440065,53.5521992,-113.6795416,2476,TRUE,Industrial,2026-09-29T16:54:16.371Z,https://www.google.com/maps/place/White+Industrial/data=!4m7!3m6!1s0x53a020d398de9e7b:0x5bda8cb3ebbea138!8m2!3d53.5592963!4d-113.6440065!16s%2Fg%2F1tgjkzj4!19sChIJe57emNMgoFMROKG-67OM2ls
HIDEAWAY,Manufacturer,12240 142 St NW,4.9,102,53.575836,-113.5666139,53.5521992,-113.6795416,7907,TRUE,manufacturing,2026-09-29T16:54:38.778Z,https://www.google.com/maps/place/HIDEAWAY/data=!4m7!3m6!1s0x53a021a629cc5feb:0x4f5a52f0d611b5c!8m2!3d53.575836!4d-113.5666139!16s%2Fg%2F11g0kfbbc_!19sChIJ61_MKaYhoFMRXBthDS-l9QQ
Edmonton Trailer Manufacturing,Trailer manufacturer,26416 114 Ave #2,3.3,3,53.5686496,-113.796879,53.5521992,-113.6795416,7963,TRUE,manufacturing,2026-09-29T16:54:38.778Z,https://www.google.com/maps/place/Edmonton+Trailer+Manufacturing/data=!4m7!3m6!1s0x539f890c44b09c8d:0x32b29b7ab7834d03!8m2!3d53.5686496!4d-113.796879!16s%2Fg%2F11b5wdgw1g!19sChIJjZywRAyJn1MRA02Dt3qbsjI
E C O F Manufacturing Ltd,Millwork shop,12540 128 St NW,4.2,5,53.582567,-113.5428521,53.5521992,-113.6795416,9637,TRUE,manufacturing,2026-09-29T16:54:38.778Z,https://www.google.com/maps/place/E+C+O+F+Manufacturing+Ltd/data=!4m7!3m6!1s0x53a023f30524a8d1:0xb5dfbecdb648d83b!8m2!3d53.582567!4d-113.5428521!16s%2Fg%2F1tfbskq8!19sChIJ0agkBfMjoFMRO9hIts2-37U
Formations Inc Manufacturing,Manufacturer,12226 142 St NW,,,53.5748592,-113.5679921,53.5521992,-113.6795416,7786,TRUE,manufacturing,2026-09-29T16:54:38.778Z,https://www.google.com/maps/place/Formations+Inc+Manufacturing/data=!4m7!3m6!1s0x53a0236a4bda20ef:0x75a9188b6458bfd8!8m2!3d53.5748592!4d-113.5679921!16s%2Fg%2F11j_2mlc_9!19sChIJ7yDaS2ojoFMR2L9YZIsYqXU
DEMATCO Manufacturing Inc.,Sheet metal contractor,11586 Hayes Crescent,3.4,12,53.566071,-113.7541763,53.5521992,-113.6795416,5165,TRUE,manufacturing,2026-09-29T16:54:38.778Z,https://www.google.com/maps/place/DEMATCO+Manufacturing+Inc./data=!4m7!3m6!1s0x539f897e6aa80ef5:0x53acc74e38986395!8m2!3d53.566071!4d-113.7541763!16s%2Fg%2F1thhk5lf!19sChIJ9Q6oan6Jn1MRlWOYOE7HrFM
Sandhills Manufacturing Railings,Interior construction contractor,14803 114 Ave NW,,,53.562308,-113.576731,53.5521992,-113.6795416,6883,TRUE,manufacturing,2026-09-29T16:54:38.778Z,https://www.google.com/maps/place/Sandhills+Manufacturing+Railings/data=!4m7!3m6!1s0x53a021aa4a78aacb:0x724b678523375ed3!8m2!3d53.562308!4d-113.576731!16s%2Fg%2F11w7nmg4fn!19sChIJy6p4SqohoFMR0143I4VnS3I
Hilti Store - Edmonton West,Tool store,11232 186 St NW,3.8,44,53.561692,-113.6448447,53.5521992,-113.6795416,2523,TRUE,machinery,2026-09-29T16:56:29.621Z,https://www.google.com/maps/place/Hilti+Store+-+Edmonton+West/data=!4m7!3m6!1s0x53a020d14cc8606f:0x980d142259d91533!8m2!3d53.561692!4d-113.6448447!16s%2Fg%2F1pxq68x4f!19sChIJb2DITNEgoFMRMxXZWSIUDZg
River City Manufacturing,Manufacturer,11208 Walker Crescent,,,53.5591911,-113.7612695,53.5521992,-113.6795416,5454,TRUE,manufacturing,2026-09-29T16:54:38.778Z,https://www.google.com/maps/place/River+City+Manufacturing/data=!4m7!3m6!1s0x539f8938d83bc335:0x62e23f8ae85bff7f!8m2!3d53.5591911!4d-113.7612695!16s%2Fg%2F11pdwsq_mp!19sChIJNcM72DiJn1MRf_9b6Io_4mI
Airland Manufacturing Inc,Manufacturer,10453 Meyer Rd,5,2,53.545748,-113.7732535,53.5521992,-113.6795416,6232,TRUE,manufacturing,2026-09-29T16:54:38.778Z,https://www.google.com/maps/place/Airland+Manufacturing+Inc/data=!4m7!3m6!1s0x539f896328e73731:0x77d3dbe2b12a826!8m2!3d53.545748!4d-113.7732535!16s%2Fg%2F1tdz4h_5!19sChIJMTfnKGOJn1MRJqgSK749fQc
Reynolds Manufacturing,Safety equipment supplier,11620 120 St NW,,,53.5672523,-113.5297328,53.5521992,-113.6795416,10035,TRUE,manufacturing,2026-09-29T16:54:38.778Z,https://www.google.com/maps/place/Reynolds+Manufacturing/data=!4m7!3m6!1s0x53a0224daf761fdf:0xd7d518f8a070b553!8m2!3d53.5672523!4d-113.5297328!16s%2Fg%2F1tkf0nh6!19sChIJ3x92r00ioFMRU7VwoPgY1dc
Sandhills Manufacturing Railing Division,Contractor,14803 114 Ave NW,5,2,53.5625183,-113.5755723,53.5521992,-113.6795416,6963,TRUE,manufacturing,2026-09-29T16:54:38.778Z,https://www.google.com/maps/place/Sandhills+Manufacturing+Railing+Division/data=!4m7!3m6!1s0x53a021be299f4f83:0xbdf60890098b96f2!8m2!3d53.5625183!4d-113.5755723!16s%2Fg%2F11m_x13rpc!19sChIJg0-fKb4hoFMR8paLCZAI9r0
Leavitt Machinery,Forklift dealer,11015 186 St NW,4.8,61,53.5590524,-113.6426303,53.5521992,-113.6795416,2554,TRUE,machinery,2026-09-29T16:56:29.621Z,https://www.google.com/maps/place/Leavitt+Machinery/data=!4m7!3m6!1s0x53a020d0ea19830f:0x445926632d089dd4!8m2!3d53.5590524!4d-113.6426303!16s%2Fg%2F1tfcsxk3!19sChIJD4MZ6tAgoFMR1J0ILWMmWUQ
Henry Screenprinting & Manufacturing Ltd.,Screen printer,15863 116 Ave NW,4.4,10,53.5648849,-113.595173,53.5521992,-113.6795416,5748,TRUE,manufacturing,2026-09-29T16:54:38.778Z,https://www.google.com/maps/place/Henry+Screenprinting+%26+Manufacturing+Ltd./data=!4m7!3m6!1s0x53a021470756e0e7:0xa79f58750e631fda!8m2!3d53.5648849!4d-113.595173!16s%2Fg%2F11fzf9bd6h!19sChIJ5-BWB0choFMR2h9jDnVYn6c
Windsor Plywood,Home improvement store,18431 104 Ave NW,3.7,145,53.5459182,-113.6418512,53.5521992,-113.6795416,2586,TRUE,injection molding,2026-09-29T16:59:51.785Z,https://www.google.com/maps/place/Windsor+Plywood/data=!4m7!3m6!1s0x53a020e81efa98ef:0x21e9361b74881386!8m2!3d53.5459182!4d-113.6418512!16s%2Fg%2F1tf5df3n!19sChIJ75j6HuggoFMRhhOIdBs26SE
Edmonton TransX,Logistics service,19121 118a Ave NW,4.2,34,53.5692634,-113.6528701,53.5521992,-113.6795416,2589,TRUE,supply chain,2026-09-29T17:10:38.282Z,https://www.google.com/maps/place/Edmonton+TransX/data=!4m7!3m6!1s0x53a027308fd083b7:0x1498386727880cac!8m2!3d53.5692634!4d-113.6528701!16s%2Fg%2F11b5wp4b9b!19sChIJt4PQjzAnoFMRrAyIJ2c4mBQ
Sentag Modular Manufacturing,Portable building manufacturer,9825 283 street,4.7,13,53.5379569,-113.7927421,53.5521992,-113.6795416,7645,TRUE,manufacturing,2026-09-29T16:54:38.778Z,https://www.google.com/maps/place/Sentag+Modular+Manufacturing/data=!4m7!3m6!1s0x53a020ccaf540b6d:0x4c3a36047b56a1d2!8m2!3d53.5379569!4d-113.7927421!16s%2Fg%2F1trtt_kk!19sChIJbQtUr8wgoFMR0qFWewQ2Okw
Beaver Thermal Solutions Inc. - Logix & Insulated Concrete Forms Manufacturers,Plastic fabrication company,11581 272 St,3.9,10,53.5663747,-113.7761552,53.5521992,-113.6795416,6573,TRUE,manufacturing,2026-09-29T16:54:38.778Z,https://www.google.com/maps/place/Beaver+Thermal+Solutions+Inc.+-+Logix+%26+Insulated+Concrete+Forms+Manufacturers/data=!4m7!3m6!1s0x539f89977a15d4c1:0xd7eef841bb679537!8m2!3d53.5663747!4d-113.7761552!16s%2Fg%2F1tdvjv_z!19sChIJwdQVepeJn1MRN5Vnu0H47tc
Armor Machine & Manufacturing Ltd,Machine shop,9962 29 Ave NW,3.9,12,53.4581102,-113.4856633,53.5521992,-113.6795416,16549,FALSE,manufacturing,2026-09-29T16:54:38.778Z,https://www.google.com/maps/place/Armor+Machine+%26+Manufacturing+Ltd/data=!4m7!3m6!1s0x416398e2b6f63535:0xb03dc95313857e9c!8m2!3d53.4581102!4d-113.4856633!16s%2Fg%2F1ts3f95j!19sChIJNTX2tuKYY0ERnH6FE1PJPbA
Timberwolf Manufacturing Inc,Manufacturer,5811 98 St NW,,,53.4944022,-113.4826442,53.5521992,-113.6795416,14516,TRUE,manufacturing,2026-09-29T16:54:38.778Z,https://www.google.com/maps/place/Timberwolf+Manufacturing+Inc/data=!4m7!3m6!1s0x53a018b129a92acd:0x8b0cdeffe64fa01e!8m2!3d53.4944022!4d-113.4826442!16s%2Fg%2F1v_z3_zm!19sChIJzSqpKbEYoFMRHqBP5v_eDIs
Food Processors Affiliation Canada Inc.,Association / Organization,14964 121a Ave NW Ste 100,,,53.5739458,-113.5795108,53.5521992,-113.6795416,7035,TRUE,manufacturing,2026-09-29T16:54:38.778Z,https://www.google.com/maps/place/Food+Processors+Affiliation+Canada+Inc./data=!4m7!3m6!1s0x53a02110130d33c9:0xc442b1746ec262fc!8m2!3d53.5739458!4d-113.5795108!16s%2Fg%2F11rht9fbn3!19sChIJyTMNExAhoFMR_GLCbnSxQsQ
Control Manufacturing Inc.,Manufacturer,5925 87a St NW,5,1,53.4957228,-113.4604872,53.5521992,-113.6795416,15783,TRUE,manufacturing,2026-09-29T16:54:38.778Z,https://www.google.com/maps/place/Control+Manufacturing+Inc./data=!4m7!3m6!1s0x53a018957fd74ba1:0xdb94e5a33555ce34!8m2!3d53.4957228!4d-113.4604872!16s%2Fg%2F1thff3jp!19sChIJoUvXf5UYoFMRNM5VNaPllNs
Dematco Manufacturing Inc 24/7Towing,,,,,53.5448027,-113.7630155,53.5521992,-113.6795416,5576,TRUE,manufacturing,2026-09-29T16:54:38.778Z,https://www.google.com/maps/place/Dematco+Manufacturing+Inc+24%2F7Towing/data=!4m7!3m6!1s0x539f8980bd29596f:0x369c0bf7b4ad1484!8m2!3d53.5448027!4d-113.7630155!16s%2Fg%2F11nnv_490n!19sChIJb1kpvYCJn1MRhBSttPcLnDY
Alltec Manufacturing Inc,Manufacturer,3944 101 St NW,,,53.4756718,-113.4895122,53.5521992,-113.6795416,15175,TRUE,manufacturing,2026-09-29T16:54:38.778Z,https://www.google.com/maps/place/Alltec+Manufacturing+Inc/data=!4m7!3m6!1s0x53a01f2dfe701eed:0x95ef5d73bcba698b!8m2!3d53.4756718!4d-113.4895122!16s%2Fg%2F1vd3vgtb!19sChIJ7R5w_i0foFMRi2m6vHNd75U
Busy Bee Tools,Tool store,18520 111 Avenue Northwest,4.1,140,53.5599867,-113.6421281,53.5521992,-113.6795416,2619,TRUE,machinery,2026-09-29T16:56:29.621Z,https://www.google.com/maps/place/Busy+Bee+Tools/data=!4m7!3m6!1s0x53a020d732ccc611:0x8e34f215be0cee7a!8m2!3d53.5599867!4d-113.6421281!16s%2Fg%2F1tfrrlkq!19sChIJEcbMMtcgoFMReu4MvhXyNI4
BIE Engineering Corp,Structural engineer,10711 184 St NW,4.3,48,53.5534746,-113.6397208,53.5521992,-113.6795416,2634,TRUE,engineering,2026-09-29T17:05:55.774Z,https://www.google.com/maps/place/BIE+Engineering+Corp/data=!4m7!3m6!1s0x53a020d96c30028f:0xc945f89822b62485!8m2!3d53.5534746!4d-113.6397208!16s%2Fg%2F1vlzb0z6!19sChIJjwIwbNkgoFMRhSS2Ipj4Rck
Edmonton Exchanger - Main Office & Manufacturing Shop,Manufacturer,5545 89 St NW,4,13,53.4912803,-113.4637956,53.5521992,-113.6795416,15789,TRUE,manufacturing,2026-09-29T16:54:38.778Z,https://www.google.com/maps/place/Edmonton+Exchanger+-+Main+Office+%26+Manufacturing+Shop/data=!4m7!3m6!1s0x53a018c0a33a0c55:0xe20e99ac9738c220!8m2!3d53.4912803!4d-113.4637956!16s%2Fg%2F1tj5kv7h!19sChIJVQw6o8AYoFMRIMI4l6yZDuI
STAC Manufacturing inc.,Machine shop,5724 96 St NW,,,53.4933626,-113.4775408,53.5521992,-113.6795416,14870,TRUE,manufacturing,2026-09-29T16:54:38.778Z,https://www.google.com/maps/place/STAC+Manufacturing+inc./data=!4m7!3m6!1s0x53a019cc200f57af:0x8a14378f261ec97b!8m2!3d53.4933626!4d-113.4775408!16s%2Fg%2F11qn7ffj24!19sChIJr1cPIMwZoFMRe8keJo83FIo
Drader Manufacturing Industries Ltd,Plastic injection molding service,5750 50 St NW,4.8,5,53.4948669,-113.4187138,53.5521992,-113.6795416,18383,FALSE,manufacturing,2026-09-29T16:54:38.778Z,https://www.google.com/maps/place/Drader+Manufacturing+Industries+Ltd/data=!4m7!3m6!1s0x53a01858d0b03715:0xd1dc8cad61fd85a5!8m2!3d53.4948669!4d-113.4187138!16s%2Fg%2F1tnqgnz4!19sChIJFTew0FgYoFMRpYX9Ya2M3NE
Best Label Manufacturing Ltd,Manufacturer,16936 110 St NW,5,1,53.6312409,-113.5145562,53.5521992,-113.6795416,13993,TRUE,manufacturing,2026-09-29T16:54:38.778Z,https://www.google.com/maps/place/Best+Label+Manufacturing+Ltd/data=!4m7!3m6!1s0x53a020dd3f8a0851:0xb7b1ed9022f2d927!8m2!3d53.6312409!4d-113.5145562!16s%2Fg%2F1tfsh28l!19sChIJUQiKP90goFMRJ9nyIpDtsbc
HMWS Manufacturing Ltd (Harness Master),Manufacturer,25901 114 Ave #100,,,53.5625224,-113.7558975,53.5521992,-113.6795416,5172,TRUE,manufacturing,2026-09-29T16:54:38.778Z,https://www.google.com/maps/place/HMWS+Manufacturing+Ltd+%28Harness+Master%29/data=!4m7!3m6!1s0x53a0241cab199b21:0x9c23f8e6f37d16e1!8m2!3d53.5625224!4d-113.7558975!16s%2Fg%2F11rgh76mtx!19sChIJIZsZqxwkoFMR4RZ98-b4I5w
Karma Machining & Manufacturing Ltd,Manufacturer,4113 98 St NW,5,8,53.4769385,-113.4817761,53.5521992,-113.6795416,15525,TRUE,manufacturing,2026-09-29T16:54:38.778Z,https://www.google.com/maps/place/Karma+Machining+%26+Manufacturing+Ltd/data=!4m7!3m6!1s0x53a01f32a9074eeb:0x97105969b0a51621!8m2!3d53.4769385!4d-113.4817761!16s%2Fg%2F1tfzrlr8!19sChIJ604HqTIfoFMRIRalsGlZEJc
Irontech Rig Repair & Manufacturing Inc.,Manufacturer,53016 Fulton Dr,5,1,53.5447767,-113.7654053,53.5521992,-113.6795416,5732,TRUE,manufacturing,2026-09-29T16:54:38.778Z,https://www.google.com/maps/place/Irontech+Rig+Repair+%26+Manufacturing+Inc./data=!4m7!3m6!1s0x539f8981e17b7289:0x53c33199e18d021a!8m2!3d53.5447767!4d-113.7654053!16s%2Fg%2F11b7tyrq51!19sChIJiXJ74YGJn1MRGgKN4Zkxw1M
Moose Manufacturing,Welder,10032 29a Ave NW,5,9,53.4612475,-113.4879605,53.5521992,-113.6795416,16211,FALSE,manufacturing,2026-09-29T16:54:38.778Z,https://www.google.com/maps/place/Moose+Manufacturing/data=!4m7!3m6!1s0x53a01ed9bd911c79:0x778fba6f2ad0f878!8m2!3d53.4612475!4d-113.4879605!16s%2Fg%2F1tdc4xnv!19sChIJeRyRvdkeoFMRePjQKm-6j3c
Plainsman Mfg. Inc.,Manufacturer,8305 McIntyre Rd NW,5,10,53.4932327,-113.4481277,53.5521992,-113.6795416,16644,TRUE,manufacturing,2026-09-29T16:54:38.778Z,https://www.google.com/maps/place/Plainsman+Mfg.+Inc./data=!4m7!3m6!1s0x53a018eca245955b:0x26285c514fa16158!8m2!3d53.4932327!4d-113.4481277!16s%2Fg%2F11b5wqblhp!19sChIJW5VFouwYoFMRWGGhT1FcKCY
onetwosix design,Industrial design company,12914 146 St NW,4.9,13,53.5871299,-113.572831,53.5521992,-113.6795416,8046,TRUE,manufacturing,2026-09-29T16:54:38.778Z,https://www.google.com/maps/place/onetwosix+design/data=!4m7!3m6!1s0x53a024065ac82c95:0xec25f099a0cf24b3!8m2!3d53.5871299!4d-113.572831!16s%2Fg%2F11c0pxccgn!19sChIJlSzIWgYkoFMRsyTPoJnwJew
Milco Machining & Manufacturing Ltd,Machine shop,9924 70 Ave NW,5,1,53.5067871,-113.4873373,53.5521992,-113.6795416,13671,TRUE,manufacturing,2026-09-29T16:54:38.778Z,https://www.google.com/maps/place/Milco+Machining+%26+Manufacturing+Ltd/data=!4m7!3m6!1s0x53a018a636f803c1:0xfa18ff9c5993f3ac!8m2!3d53.5067871!4d-113.4873373!16s%2Fg%2F1ts1rxrv!19sChIJwQP4NqYYoFMRrPOTWZz_GPo
Amco Manufacturing Ltd,Machining manufacturer,4719 68 Ave NW,5,6,53.504571,-113.4142313,53.5521992,-113.6795416,18318,FALSE,manufacturing,2026-09-29T16:54:38.778Z,https://www.google.com/maps/place/Amco+Manufacturing+Ltd/data=!4m7!3m6!1s0x53a01867ca4672cb:0x5fa801094ef72ecb!8m2!3d53.504571!4d-113.4142313!16s%2Fg%2F1tdz4h_s!19sChIJy3JGymcYoFMRyy73TgkBqF8
Smantec Manufacturing Inc,Machine shop,8009 Wagner Rd NW,5,7,53.4985719,-113.4496418,53.5521992,-113.6795416,16325,TRUE,manufacturing,2026-09-29T16:54:38.778Z,https://www.google.com/maps/place/Smantec+Manufacturing+Inc/data=!4m7!3m6!1s0x53a0185dfe45e2ed:0x44af29404386f45a!8m2!3d53.4985719!4d-113.4496418!16s%2Fg%2F1thx3qrf!19sChIJ7eJF_l0YoFMRWvSGQ0Apr0Q
Viscon Contact Lens Manufacturing Limited,Manufacturer,10050 112 St NW #600,5,1,53.5401414,-113.5144795,53.5521992,-113.6795416,10988,TRUE,manufacturing,2026-09-29T16:54:38.778Z,https://www.google.com/maps/place/Viscon+Contact+Lens+Manufacturing+Limited/data=!4m7!3m6!1s0x53a023d33fdb5343:0x8799521c8f4cfec8!8m2!3d53.5401414!4d-113.5144795!16s%2Fg%2F11bc7qm7w3!19sChIJQ1PbP9MjoFMRyP5MjxxSmYc
Cadco Manufacturing Ltd,Steel fabricator,6028 72a Ave NW,5,3,53.5090737,-113.4269712,53.5521992,-113.6795416,17368,FALSE,manufacturing,2026-09-29T16:54:38.778Z,https://www.google.com/maps/place/Cadco+Manufacturing+Ltd/data=!4m7!3m6!1s0x53a01862e84f4679:0x12cf79c1fa9a7fc8!8m2!3d53.5090737!4d-113.4269712!16s%2Fg%2F1td0mq1w!19sChIJeUZP6GIYoFMRyH-a-sF5zxI
Sytec Manufacturing Ltd,Sheet metal contractor,7815 127 Ave NW,4.2,5,53.584273,-113.4610539,53.5521992,-113.6795416,14862,TRUE,manufacturing,2026-09-29T16:54:38.778Z,https://www.google.com/maps/place/Sytec+Manufacturing+Ltd/data=!4m7!3m6!1s0x53a0234086e068cb:0xf19a66c9293acce8!8m2!3d53.584273!4d-113.4610539!16s%2Fg%2F1tfwk0x4!19sChIJy2jghkAjoFMR6Mw6KclmmvE
KMS Tools & Equipment,Tool store,10631 184 St NW,4.4,865,53.5526516,-113.6389576,53.5521992,-113.6795416,2681,TRUE,machinery,2026-09-29T16:56:29.621Z,https://www.google.com/maps/place/KMS+Tools+%26+Equipment/data=!4m7!3m6!1s0x53a02167b9a6efb9:0x28a5ff6bfa74ea8d!8m2!3d53.5526516!4d-113.6389576!16s%2Fg%2F1hc45l_3_!19sChIJue-muWchoFMRjep0-mv_pSg
Phil's Fudge Factory,Food manufacturer,11830 152 St NW #9,4.7,124,53.5711446,-113.5844072,53.5521992,-113.6795416,6627,TRUE,factory,2026-09-29T16:54:55.771Z,https://www.google.com/maps/place/Phil%27s+Fudge+Factory/data=!4m7!3m6!1s0x53a01faabce4ae27:0xa54b2039ef652114!8m2!3d53.5711446!4d-113.5844072!16s%2Fg%2F11clvq_8m2!19sChIJJ67kvKofoFMRFCFl7zkgS6U
KMS Tools & Equipment,Tool store,10631 184 Street Northwest,4.4,865,53.552652,-113.638958,53.5521992,-113.6795416,2681,TRUE,equipment,2026-09-29T16:56:42.784Z,https://www.google.com/maps/place/KMS+Tools+%26+Equipment/data=!4m7!3m6!1s0x53a02167b9a6efb9:0x28a5ff6bfa74ea8d!8m2!3d53.552652!4d-113.638958!16s%2Fg%2F1hc45l_3_!19sChIJue-muWchoFMRjep0-mv_pSg
Forget Me Not 3D Casting,,,5,10,53.5540782,-113.6390052,53.5521992,-113.6795416,2686,TRUE,casting,2026-09-29T16:59:00.780Z,https://www.google.com/maps/place/Forget+Me+Not+3D+Casting/data=!4m7!3m6!1s0x53a01f3afd03ad39:0x936231b60c81136c!8m2!3d53.5540782!4d-113.6390052!16s%2Fg%2F11h32z54fd!19sChIJOa0D_TofoFMRbBOBDLYxYpM
Fitness Factory Edmonton,Exercise equipment store,5115 99 St NW,4.7,563,53.4890212,-113.4853093,53.5521992,-113.6795416,14637,TRUE,factory,2026-09-29T16:54:55.771Z,https://www.google.com/maps/place/Fitness+Factory+Edmonton/data=!4m7!3m6!1s0x53a019a16d2a7d41:0xabac8f112bfdf889!8m2!3d53.4890212!4d-113.4853093!16s%2Fg%2F11qg3lrbqc!19sChIJQX0qbaEZoFMRifj9KxGPrKs
CF Factory Outlet,Furniture store,8882 170 St NW,1.6,25,53.5217374,-113.6191851,53.5521992,-113.6795416,5233,TRUE,factory,2026-09-29T16:54:55.771Z,https://www.google.com/maps/place/CF+Factory+Outlet/data=!4m7!3m6!1s0x53a021d1a5a7135b:0x72cac71c7c8d23f4!8m2!3d53.5217374!4d-113.6191851!16s%2Fg%2F11jt671702!19sChIJWxOnpdEhoFMR9CONfBzHynI
CastForLife,,,4.3,6,53.5540782,-113.6390052,53.5521992,-113.6795416,2686,TRUE,casting,2026-09-29T16:59:00.780Z,https://www.google.com/maps/place/CastForLife/data=!4m7!3m6!1s0x539ff5fc02f3a0c5:0xcda1e72e857a2c8e!8m2!3d53.5540782!4d-113.6390052!16s%2Fg%2F11v6cdzt68!19sChIJxaDzAvz1n1MRjix6hS7noc0
Flower Factory,Warehouse,11309 166a St NW,2.3,3,53.5622567,-113.6056757,53.5521992,-113.6795416,5006,TRUE,factory,2026-09-29T16:54:55.771Z,https://www.google.com/maps/place/Flower+Factory/data=!4m7!3m6!1s0x53a0217d80794b01:0xff80ce854fd5cea9!8m2!3d53.5622567!4d-113.6056757!16s%2Fg%2F11qghxlh1_!19sChIJAUt5gH0hoFMRqc7VT4XOgP8
Ackard Contractors Ltd.,Construction company,10879 184 St NW,4.4,82,53.555713,-113.639006,53.5521992,-113.6795416,2706,TRUE,construction,2026-09-29T17:05:38.783Z,https://www.google.com/maps/place/Ackard+Contractors+Ltd./data=!4m7!3m6!1s0x53a020da32b5a5e1:0x690266d337aca4d1!8m2!3d53.555713!4d-113.639006!16s%2Fg%2F1tf86s09!19sChIJ4aW1MtogoFMR0aSsN9NmAmk
Makita Factory Service Centre,Tool store,11614 149 St,4.4,46,53.5682235,-113.5785481,53.5521992,-113.6795416,6904,TRUE,factory,2026-09-29T16:54:55.771Z,https://www.google.com/maps/place/Makita+Factory+Service+Centre/data=!4m7!3m6!1s0x53a0215babf082c7:0x8a3adf88b2629981!8m2!3d53.5682235!4d-113.5785481!16s%2Fg%2F1tdr7wfz!19sChIJx4Lwq1shoFMRgZlisojfOoo
Nike Factory Store - Edmonton,Sporting goods store,9743 19 Ave NW,4.1,1208,53.4467169,-113.4823689,53.5521992,-113.6795416,17540,FALSE,factory,2026-09-29T16:54:55.771Z,https://www.google.com/maps/place/Nike+Factory+Store+-+Edmonton/data=!4m7!3m6!1s0x53a01ec6985668c9:0x5e784da7d4ef2263!8m2!3d53.4467169!4d-113.4823689!16s%2Fg%2F1tfw2qbs!19sChIJyWhWmMYeoFMRYyLv1KdNeF4
General Maintenance & Restoration Inc,Building restoration service,18327 105 Ave NW #101,5,1,53.5483,-113.6389099,53.5521992,-113.6795416,2719,TRUE,maintenance,2026-09-29T17:09:57.777Z,https://www.google.com/maps/place/General+Maintenance+%26+Restoration+Inc/data=!4m7!3m6!1s0x53a020de1d39a813:0xd0470a39b364f29a!8m2!3d53.5483!4d-113.6389099!16s%2Fg%2F11gf9pny2z!19sChIJE6g5Hd4goFMRmvJkszkKR9A
Idea Factory,Video production service,11062 156 St #213,5,9,53.5582894,-113.5913368,53.5521992,-113.6795416,5866,TRUE,factory,2026-09-29T16:54:55.771Z,https://www.google.com/maps/place/Idea+Factory/data=!4m7!3m6!1s0x53a020e93697e127:0x8ff5763a4bf6cd7!8m2!3d53.5582894!4d-113.5913368!16s%2Fg%2F1tq6jrw1!19sChIJJ-GXNukgoFMR12y_pGNX_wg
Canada Bread Company,Manufacturer,12151 160 St NW,3.3,12,53.5763389,-113.5962445,53.5521992,-113.6795416,6121,TRUE,factory,2026-09-29T16:54:55.771Z,https://www.google.com/maps/place/Canada+Bread+Company/data=!4m7!3m6!1s0x53a0214cf9212b8d:0xcfee5f615618cae8!8m2!3d53.5763389!4d-113.5962445!16s%2Fg%2F11cjjb7jq9!19sChIJjSsh-UwhoFMR6MoYVmFf7s8
Saputo Inc.,Food products supplier,16110 116 Ave NW,3.7,36,53.5669096,-113.5974241,53.5521992,-113.6795416,5665,TRUE,factory,2026-09-29T16:54:55.771Z,https://www.google.com/maps/place/Saputo+Inc./data=!4m7!3m6!1s0x53a021480baac3fb:0x55e1d71c5cdefbf5!8m2!3d53.5669096!4d-113.5974241!16s%2Fg%2F11b66fk1y1!19sChIJ-8OqC0ghoFMR9fveXBzX4VU
The UPS Store,Shipping and mailing service,18521 Stony Plain Rd,4.6,195,53.5392263,-113.6440839,53.5521992,-113.6795416,2751,TRUE,stamping,2026-09-29T16:59:31.784Z,https://www.google.com/maps/place/The+UPS+Store/data=!4m7!3m6!1s0x53a02123fbb9a7ff:0x6b7c80c02e5203!8m2!3d53.5392263!4d-113.6440839!16s%2Fg%2F11vpssg8gj!19sChIJ_6e5-yMhoFMRA1IuwIB8awA
Ribbon Factory & Powerplay Sports,Trophy shop,14203 129 Ave NW,5,3,53.5872548,-113.5663706,53.5521992,-113.6795416,8428,TRUE,factory,2026-09-29T16:54:55.771Z,https://www.google.com/maps/place/Ribbon+Factory+%26+Powerplay+Sports/data=!4m7!3m6!1s0x53a02407b06d7f9b:0x8dc3f0fef06939e0!8m2!3d53.5872548!4d-113.5663706!16s%2Fg%2F1v44dnf2!19sChIJm39tsAckoFMR4Dlp8P7ww40
Dinner Factory Canada,Food producer,1 Hebert Rd #111,4.1,63,53.6226858,-113.6094434,53.5521992,-113.6795416,9102,TRUE,factory,2026-09-29T16:54:55.771Z,https://www.google.com/maps/place/Dinner+Factory+Canada/data=!4m7!3m6!1s0x53a025d4b7f5fca5:0x6a1dcfb193133b15!8m2!3d53.6226858!4d-113.6094434!16s%2Fg%2F1v4k65xr!19sChIJpfz1t9QloFMRFTsTk7HPHWo
The Roofing Factory,Roofing contractor,10838 138 St NW,5,40,53.5538506,-113.5602392,53.5521992,-113.6795416,7883,TRUE,factory,2026-09-29T16:54:55.771Z,https://www.google.com/maps/place/The+Roofing+Factory/data=!4m7!3m6!1s0x9b1dfcbfee629d7:0xcb26f0831eefa243!8m2!3d53.5538506!4d-113.5602392!16s%2Fg%2F11txnk2lfq!19sChIJ1ynm_svfsQkRQ6LvHoPwJss
Instabox Alberta Inc.,Packaging company,16208 114 Ave NW,4.6,44,53.5633559,-113.6009375,53.5521992,-113.6795416,5338,TRUE,factory,2026-09-29T16:54:55.771Z,https://www.google.com/maps/place/Instabox+Alberta+Inc./data=!4m7!3m6!1s0x53a02138fc41c293:0x9b1cb5531775c502!8m2!3d53.5633559!4d-113.6009375!16s%2Fg%2F1tgb_f_s!19sChIJk8JB_DghoFMRAsV1F1O1HJs
Botaniful,Plant nursery,"Inside Lucky Supermarket, 13851 127 St 2nd Floor",4.6,329,53.6016244,-113.5388759,53.5521992,-113.6795416,10791,TRUE,plant,2026-09-29T16:55:10.777Z,https://www.google.com/maps/place/Botaniful/data=!4m7!3m6!1s0x53a025473214d1c3:0x62fe0a2dc9f5ab7a!8m2!3d53.6016244!4d-113.5388759!16s%2Fg%2F11gycs3sy2!19sChIJw9EUMkcloFMReqv1yS0K_mI
Apache Seeds Limited,Garden center,10136 149 St,4.6,560,53.542756,-113.5783154,53.5521992,-113.6795416,6770,TRUE,plant,2026-09-29T16:55:10.777Z,https://www.google.com/maps/place/Apache+Seeds+Limited/data=!4m7!3m6!1s0x53a02174a9eda79d:0x478c92ac418adc6a!8m2!3d53.542756!4d-113.5783154!16s%2Fg%2F1tgb70nb!19sChIJnaftqXQhoFMRatyKQaySjEc
GNJ Johnston Automation,Automation company,11204 184 St NW,1,1,53.5608532,-113.6404556,53.5521992,-113.6795416,2755,TRUE,automation,2026-09-29T17:06:57.789Z,https://www.google.com/maps/place/GNJ+Johnston+Automation/data=!4m7!3m6!1s0x53a02120f0c1f26d:0x168fe613ceff88c4!8m2!3d53.5608532!4d-113.6404556!16s%2Fg%2F11v6xslj9q!19sChIJbfLB8CAhoFMRxIj_zhPmjxY
T & T Hydroponic Equipment Garden Supply,Hydroponics equipment supplier,14925 112 Ave NW,4.4,140,53.5600419,-113.579174,53.5521992,-113.6795416,6687,TRUE,plant,2026-09-29T16:55:10.777Z,https://www.google.com/maps/place/T+%26+T+Hydroponic+Equipment+Garden+Supply/data=!4m7!3m6!1s0x53a02142bc36158f:0xbd2214f9903c63b2!8m2!3d53.5600419!4d-113.579174!16s%2Fg%2F1td5lcmf!19sChIJjxU2vEIhoFMRsmM8kPkUIr0
YEG EXOTIC,Beverage distributor,15003 118 Ave NW,4.6,1420,53.5700244,-113.5796434,53.5521992,-113.6795416,6889,TRUE,plant,2026-09-29T16:55:10.777Z,https://www.google.com/maps/place/YEG+EXOTIC/data=!4m7!3m6!1s0x53a0219712e91589:0x84f621286fda9da6!8m2!3d53.5700244!4d-113.5796434!16s%2Fg%2F11jljzb842!19sChIJiRXpEpchoFMRpp3abygh9oQ
Awesome Blossom,Plant nursery,11140 142 St NW,4.8,704,53.5597906,-113.567141,53.5521992,-113.6795416,7472,TRUE,plant,2026-09-29T16:55:10.777Z,https://www.google.com/maps/place/Awesome+Blossom/data=!4m7!3m6!1s0x53a022346c077715:0x61e7dd1f856ec78f!8m2!3d53.5597906!4d-113.567141!16s%2Fg%2F1tdfydlx!19sChIJFXcHbDQioFMRj8duhR_d52E
Canada Post Mail Processing Plant,Corporate office,12135 149 St,4.3,51,53.5742752,-113.5760382,53.5521992,-113.6795416,7263,TRUE,plant,2026-09-29T16:55:10.777Z,https://www.google.com/maps/place/Canada+Post+Mail+Processing+Plant/data=!4m7!3m6!1s0x53a02157274b4b59:0xd9d56176e13bb9b5!8m2!3d53.5742752!4d-113.5760382!16s%2Fg%2F1td9vt7h!19sChIJWUtLJ1choFMRtbk74XZh1dk
Plantyana,Plant nursery,10520 120 St NW,5,13,53.5483789,-113.5290036,53.5521992,-113.6795416,9954,TRUE,plant,2026-09-29T16:55:10.777Z,https://www.google.com/maps/place/Plantyana/data=!4m7!3m6!1s0x53a021c326739763:0xba469f7ed1e04cb8!8m2!3d53.5483789!4d-113.5290036!16s%2Fg%2F11t830km4b!19sChIJY5dzJsMhoFMRuEzg0X6fRro
Salisbury Greenhouse at Enjoy,Plant nursery,"100, 101 Riel Dr",4.2,370,53.6116988,-113.6469124,53.5521992,-113.6795416,6958,TRUE,plant,2026-09-29T16:55:10.777Z,https://www.google.com/maps/place/Salisbury+Greenhouse+at+Enjoy/data=!4m7!3m6!1s0x53a025eef03eeb9d:0x3429a5cec5eafeda!8m2!3d53.6116988!4d-113.6469124!16s%2Fg%2F1tjdwldg!19sChIJnes-8O4loFMR2v7qxc6lKTQ
EWEL Electrical Wholesalers Edmonton,Electrical products wholesaler,11604 186 St NW,4.4,57,53.5659631,-113.6447895,53.5521992,-113.6795416,2759,TRUE,PLC,2026-09-29T17:07:40.777Z,https://www.google.com/maps/place/EWEL+Electrical+Wholesalers+Edmonton/data=!4m7!3m6!1s0x53a0215595fe6541:0x6029a17ab35cf913!8m2!3d53.5659631!4d-113.6447895!16s%2Fg%2F1tsypgck!19sChIJQWX-lVUhoFMRE_lcs3qhKWA
Paramount Pallet Edmonton,Pallet supplier,15112 118 Ave NW,4.3,7,53.5714155,-113.5816941,53.5521992,-113.6795416,6806,TRUE,plant,2026-09-29T16:55:10.777Z,https://www.google.com/maps/place/Paramount+Pallet+Edmonton/data=!4m7!3m6!1s0x53a0215a82ee2361:0x3f0e086e090ae2c9!8m2!3d53.5714155!4d-113.5816941!16s%2Fg%2F1wnf0r07!19sChIJYSPuglohoFMRyeIKCW4IDj8
Salco Group Demolitions,Human resource consulting,15359 117 Ave NW,4.1,21,53.5687367,-113.5851742,53.5521992,-113.6795416,6498,TRUE,plant,2026-09-29T16:55:10.777Z,https://www.google.com/maps/place/Salco+Group+Demolitions/data=!4m7!3m6!1s0x53a0213335c3c625:0x4e967632b983eb2a!8m2!3d53.5687367!4d-113.5851742!16s%2Fg%2F11hmbk98m_!19sChIJJcbDNTMhoFMRKuuDuTJ2lk4
Bloomex Edmonton Flowers & Gift Baskets,Florist,15324 116 Ave NW,4.1,9436,53.5683487,-113.5852499,53.5521992,-113.6795416,6481,TRUE,plant,2026-09-29T16:55:10.777Z,https://www.google.com/maps/place/Bloomex+Edmonton+Flowers+%26+Gift+Baskets/data=!4m7!3m6!1s0x53a018be1908c9ff:0xed6e3f6980c25fd!8m2!3d53.5683487!4d-113.5852499!16s%2Fg%2F1tg9scd0!19sChIJ_8kIGb4YoFMR_SUMmPbj1g4
AccuChem,Chemical plant,11411 160 St NW,4.8,26,53.5638098,-113.596892,53.5521992,-113.6795416,5610,TRUE,plant,2026-09-29T16:55:10.777Z,https://www.google.com/maps/place/AccuChem/data=!4m7!3m6!1s0x53a0181fa54c35fb:0x98b8903eef2c695b!8m2!3d53.5638098!4d-113.596892!16s%2Fg%2F1tfhg2rc!19sChIJ-zVMpR8YoFMRW2ks7z6QuJg
Bunzl Industrial,Packaging supply store,11224 184 St NW,4.1,17,53.5612905,-113.6404026,53.5521992,-113.6795416,2776,TRUE,Industrial,2026-09-29T16:54:16.371Z,https://www.google.com/maps/place/Bunzl+Industrial/data=!4m7!3m6!1s0x53a020d664433a63:0x1160684aa6df40d7!8m2!3d53.5612905!4d-113.6404026!16s%2Fg%2F1w_vmz01!19sChIJYzpDZNYgoFMR10DfpkpoYBE
Factory Climbing,Rock climbing gym,10247 184 St NW,4.8,310,53.5450697,-113.6390526,53.5521992,-113.6795416,2790,TRUE,factory,2026-09-29T16:54:55.771Z,https://www.google.com/maps/place/Factory+Climbing/data=!4m7!3m6!1s0x53a020e86f190e89:0x888dfe7d1cf5348b!8m2!3d53.5450697!4d-113.6390526!16s%2Fg%2F1tw1dj06!19sChIJiQ4Zb-ggoFMRizT1HH3-jYg
Fort Garry Industries Ltd,Truck parts supplier,16230 118 Ave NW,4.2,163,53.5712239,-113.6018307,53.5521992,-113.6795416,5551,TRUE,heavy industry,2026-09-29T16:55:19.788Z,https://www.google.com/maps/place/Fort+Garry+Industries+Ltd/data=!4m7!3m6!1s0x53a02149ea91334b:0x49cf26727d5a731e!8m2!3d53.5712239!4d-113.6018307!16s%2Fg%2F1tf79slt!19sChIJSzOR6kkhoFMRHnNafXImz0k
Irizar Heavy Industries Inc.,Manufacturer,1512 Adamson View SW,,,53.4039309,-113.5175278,53.5521992,-113.6795416,19666,FALSE,heavy industry,2026-09-29T16:55:19.788Z,https://www.google.com/maps/place/Irizar+Heavy+Industries+Inc./data=!4m7!3m6!1s0x53a01ddb83595555:0x154b11f725bd3625!8m2!3d53.4039309!4d-113.5175278!16s%2Fg%2F11t5_9bk3p!19sChIJVVVZg9sdoFMRJTa9JfcRSxU
Crane Carrier (Canada) Limited,Truck parts supplier,11523 186 St NW,1,1,53.5656054,-113.6436608,53.5521992,-113.6795416,2800,TRUE,heavy industry,2026-09-29T16:55:19.788Z,https://www.google.com/maps/place/Crane+Carrier+%28Canada%29+Limited/data=!4m7!3m6!1s0x53a020d6abfc2fab:0xa8b19003701123ec!8m2!3d53.5656054!4d-113.6436608!16s%2Fg%2F1tt1sclb!19sChIJqy_8q9YgoFMR7CMRcAOQsag
Interior Heavy Equipment Training School (IHE SCHOOL) - Edmonton Site,Training center,54231 AB-44,4.2,31,53.6723135,-113.8051797,53.5521992,-113.6795416,15719,FALSE,heavy industry,2026-09-29T16:55:19.788Z,https://www.google.com/maps/place/Interior+Heavy+Equipment+Training+School+%28IHE+SCHOOL%29+-+Edmonton+Site/data=!4m7!3m6!1s0x53a029b98c4c871f:0x60c361ec1cdf5047!8m2!3d53.6723135!4d-113.8051797!16s%2Fg%2F11lqszlp44!19sChIJH4dMjLkpoFMRR1DfHOxhw2A
Ultimate Coders Edmonton West - Computer Coding and Robotics Classes for Kids SK to Grade 12 | Coding Summer Camps,Education center,21656 92 Ave NW,5,4,53.528193,-113.6924876,53.5521992,-113.6795416,2803,TRUE,robotics,2026-09-29T17:07:30.779Z,https://www.google.com/maps/place/Ultimate+Coders+Edmonton+West+-+Computer+Coding+and+Robotics+Classes+for+Kids+SK+to+Grade+12+%7C+Coding+Summer+Camps/data=!4m7!3m6!1s0x539f8b127af6e767:0x62ea514474d09445!8m2!3d53.528193!4d-113.6924876!16s%2Fg%2F11xtxyxqn0!19sChIJZ-f2ehKLn1MRRZTQdERR6mI
THE GOLF FACTORY,Indoor golf course,10457 184 St NW,4.8,111,53.5473066,-113.6376082,53.5521992,-113.6795416,2823,TRUE,factory,2026-09-29T16:54:55.771Z,https://www.google.com/maps/place/THE+GOLF+FACTORY/data=!4m7!3m6!1s0x53a020dd59900001:0xb62a9d43751b1e9a!8m2!3d53.5473066!4d-113.6376082!16s%2Fg%2F11np3gk9vy!19sChIJAQCQWd0goFMRmh4bdUOdKrY
Heavy,Construction company,9192 52 St. SE,4.4,19,50.9707245,-113.9574909,53.5521992,-113.6795416,287669,FALSE,heavy industry,2026-09-29T16:55:19.788Z,https://www.google.com/maps/place/Heavy/data=!4m7!3m6!1s0x537179f3fab5b837:0x9b78d5cc991ecee1!8m2!3d50.9707245!4d-113.9574909!16s%2Fg%2F1tdk07xr!19sChIJN7i1-vN5cVMR4c4emczVeJs
Provincial Refrigeration,HVAC contractor,11252 184 St NW,4.5,26,53.5624924,-113.6403421,53.5521992,-113.6795416,2831,TRUE,repair and operations,2026-09-29T17:10:07.807Z,https://www.google.com/maps/place/Provincial+Refrigeration/data=!4m7!3m6!1s0x539f8ef78c5702c3:0x95cb8312ae0674f9!8m2!3d53.5624924!4d-113.6403421!16s%2Fg%2F11b5wpddp0!19sChIJwwJXjPeOn1MR-XQGrhKDy5U
Heavy Hauler Service & Repair Ltd,Truck repair shop,7320 67 St NW,4.5,22,53.5099817,-113.4312686,53.5521992,-113.6795416,17067,FALSE,heavy industry,2026-09-29T16:55:19.788Z,https://www.google.com/maps/place/Heavy+Hauler+Service+%26+Repair+Ltd/data=!4m7!3m6!1s0x53a01867fe53450b:0x711f066093f5da0e!8m2!3d53.5099817!4d-113.4312686!16s%2Fg%2F1tdw_6jf!19sChIJC0VT_mcYoFMRDtr1k2AGH3E
Irizar Heavy Industries Inc.,,,5,4,53.3990274,-113.524497,53.5521992,-113.6795416,19884,FALSE,heavy industry,2026-09-29T16:55:19.788Z,https://www.google.com/maps/place/Irizar+Heavy+Industries+Inc./data=!4m7!3m6!1s0x53a01ddb9cf2b96b:0xf29e610a8c036530!8m2!3d53.3990274!4d-113.524497!16s%2Fg%2F11b5zxm0tj!19sChIJa7nynNsdoFMRMGUDjAphnvI
Production World,Audio visual equipment supplier,12410B 142 St NW,4.6,36,53.5793797,-113.5664807,53.5521992,-113.6795416,8055,TRUE,production,2026-09-29T16:55:54.386Z,https://www.google.com/maps/place/Production+World/data=!4m7!3m6!1s0x53a021674b64a0f7:0xbbd37dd4f747497a!8m2!3d53.5793797!4d-113.5664807!16s%2Fg%2F1tctf8pq!19sChIJ96BkS2choFMReklH99R907s
Urban Video Inc.,Video production service,11749 156 St #100,5,40,53.5685825,-113.5901999,53.5521992,-113.6795416,6176,TRUE,production,2026-09-29T16:55:54.386Z,https://www.google.com/maps/place/Urban+Video+Inc./data=!4m7!3m6!1s0x53a021458ba65735:0x11b420b342a0fe1c!8m2!3d53.5685825!4d-113.5901999!16s%2Fg%2F11ckqn5_3p!19sChIJNVemi0UhoFMRHP6gQrMgtBE
ALL IN Productions,Video production service,10537 164 St NW,5,22,53.5493835,-113.6037602,53.5521992,-113.6795416,5016,TRUE,production,2026-09-29T16:55:54.386Z,https://www.google.com/maps/place/ALL+IN+Productions/data=!4m7!3m6!1s0x53a0215074e91b3d:0x7910139f4c85d3cc!8m2!3d53.5493835!4d-113.6037602!16s%2Fg%2F11q9j4qfd1!19sChIJPRvpdFAhoFMRzNOFTJ8TEHk
Production Lighting,Stage lighting equipment supplier,13331 146 St NW,4.6,38,53.5936406,-113.5723538,53.5521992,-113.6795416,8445,TRUE,production,2026-09-29T16:55:54.386Z,https://www.google.com/maps/place/Production+Lighting/data=!4m7!3m6!1s0x53a021566ee88031:0xa8e55e82893318bf!8m2!3d53.5936406!4d-113.5723538!16s%2Fg%2F1tycwb9r!19sChIJMYDoblYhoFMRvxgziYJe5ag
Publish Art Productions Inc. | LUM Kids Film Studio,Video production service,10045 156 St,5,25,53.5402485,-113.5896953,53.5521992,-113.6795416,6083,TRUE,production,2026-09-29T16:55:54.386Z,https://www.google.com/maps/place/Publish+Art+Productions+Inc.+%7C+LUM%C3%89+Kids+Film+Studio/data=!4m7!3m6!1s0x53a021ed879cd491:0xae9ea7dc826560d3!8m2!3d53.5402485!4d-113.5896953!16s%2Fg%2F11zg2cygrb!19sChIJkdSch-0hoFMR02Blgtynnq4
Nordic Media,Video production service,14204 128 Ave NW,4.5,35,53.5852152,-113.5662451,53.5521992,-113.6795416,8334,TRUE,production,2026-09-29T16:55:54.386Z,https://www.google.com/maps/place/Nordic+Media/data=!4m7!3m6!1s0x53a018cbc4c67c05:0x34f518aec1c6b8a8!8m2!3d53.5852152!4d-113.5662451!16s%2Fg%2F11bbrlzmnm!19sChIJBXzGxMsYoFMRqLjGwa4Y9TQ
Alberta Film Production,Video production service,14211 87 Ave NW,5,4,53.5190699,-113.5669103,53.5521992,-113.6795416,8305,TRUE,production,2026-09-29T16:55:54.386Z,https://www.google.com/maps/place/Alberta+Film+Production/data=!4m7!3m6!1s0x2e17ab01836e4253:0x9e55f6d9997eb823!8m2!3d53.5190699!4d-113.5669103!16s%2Fg%2F11vl83hcz_!19sChIJU0JugwGrFy4RI7h-mdn2VZ4
Crown Video Duplicating Inc,Video production service,15397 117 Ave NW,,,53.5690226,-113.5867956,53.5521992,-113.6795416,6405,TRUE,production,2026-09-29T16:55:54.386Z,https://www.google.com/maps/place/Crown+Video+Duplicating+Inc/data=!4m7!3m6!1s0x53a023e2107cdb43:0x183540a91302f2d1!8m2!3d53.5690226!4d-113.5867956!16s%2Fg%2F1tw1dj1g!19sChIJQ9t8EOIjoFMR0fICE6lANRg
Moving Artistry Productions,Video production service,15615 102 Ave NW #202,5,18,53.5431542,-113.5908959,53.5521992,-113.6795416,5942,TRUE,production,2026-09-29T16:55:54.386Z,https://www.google.com/maps/place/Moving+Artistry+Productions/data=!4m7!3m6!1s0xaf9d60db5626b089:0xaba1028eb75faf44!8m2!3d53.5431542!4d-113.5908959!16s%2Fg%2F11rq5x939q!19sChIJibAmVttgna8RRK9ft44Coas
CMN Electrical Systems Ltd,Electrician,18211 105 Ave NW #100,4.7,25,53.5481985,-113.6371771,53.5521992,-113.6795416,2834,TRUE,control systems,2026-09-29T17:08:05.774Z,https://www.google.com/maps/place/CMN+Electrical+Systems+Ltd/data=!4m7!3m6!1s0x53a020dd9ad5674f:0x4481117fb8856788!8m2!3d53.5481985!4d-113.6371771!16s%2Fg%2F1tf3124v!19sChIJT2fVmt0goFMRiGeFuH8RgUQ
Reel Mensch Studio,Video production service,12018 102 Ave NW,5,98,53.5433018,-113.5296441,53.5521992,-113.6795416,9953,TRUE,production,2026-09-29T16:55:54.386Z,https://www.google.com/maps/place/Reel+Mensch+Studio/data=!4m7!3m6!1s0x53a0222c6a1afcb7:0x6509daed2d1dded9!8m2!3d53.5433018!4d-113.5296441!16s%2Fg%2F11b5wqb9x4!19sChIJt_waaiwioFMR2d4dLe3aCWU
Allstar Show Industries Inc,Video production service,11450 149 St,4.6,28,53.5648727,-113.58056,53.5521992,-113.6795416,6688,TRUE,production,2026-09-29T16:55:54.386Z,https://www.google.com/maps/place/Allstar+Show+Industries+Inc/data=!4m7!3m6!1s0x53a020e1a2917829:0xe714be4bc725f40d!8m2!3d53.5648727!4d-113.58056!16s%2Fg%2F1tls2j5v!19sChIJKXiRouEgoFMRDfQlx0u-FOc
Matrix Video Communications Corp.,Video production service,11775 156 St,4.3,3,53.5690604,-113.5898682,53.5521992,-113.6795416,6212,TRUE,production,2026-09-29T16:55:54.386Z,https://www.google.com/maps/place/Matrix+Video+Communications+Corp./data=!4m7!3m6!1s0x53a0212040795cfd:0x7a9973643383e628!8m2!3d53.5690604!4d-113.5898682!16s%2Fg%2F1tvgv04n!19sChIJ_Vx5QCAhoFMRKOaDM2RzmXo
Canadian Energy Edmonton,Battery wholesaler,11408 184 St NW,4,22,53.5634816,-113.6405842,53.5521992,-113.6795416,2863,TRUE,energy,2026-09-29T17:02:09.787Z,https://www.google.com/maps/place/Canadian+Energy+Edmonton/data=!4m7!3m6!1s0x53a021219668f67f:0xa53fda0e53e16df2!8m2!3d53.5634816!4d-113.6405842!16s%2Fg%2F1vqmj167!19sChIJf_ZoliEhoFMR8m3hUw7aP6U
Canada Disc,Manufacturer,15397 117 Ave NW,5,2,53.5690226,-113.5867956,53.5521992,-113.6795416,6405,TRUE,production,2026-09-29T16:55:54.386Z,https://www.google.com/maps/place/Canada+Disc/data=!4m7!3m6!1s0x53a0214566fd58b9:0x2cc30c877344da39!8m2!3d53.5690226!4d-113.5867956!16s%2Fg%2F11b5wr6vnh!19sChIJuVj9ZkUhoFMROdpEc4cMwyw
Kiwi Productions Inc,,,5,44,54.4983702,-115.0011694,53.5521992,-113.6795416,136089,FALSE,production,2026-09-29T16:55:54.386Z,https://www.google.com/maps/place/Kiwi+Productions+Inc/data=!4m7!3m6!1s0x53a023cb2025660b:0x73d039a89cfccff3!8m2!3d54.4983702!4d-115.0011694!16s%2Fg%2F11b7gpxcc1!19sChIJC2YlIMsjoFMR88_8nKg50HM
Block Media Co.,Video production service,10615 124 St,5,14,53.5498106,-113.5355752,53.5521992,-113.6795416,9514,TRUE,production,2026-09-29T16:55:54.386Z,https://www.google.com/maps/place/Block+Media+Co./data=!4m7!3m6!1s0x53a021239c769c61:0x875ba9ccbeff9ba2!8m2!3d53.5498106!4d-113.5355752!16s%2Fg%2F11j0wnc_ps!19sChIJYZx2nCMhoFMRopv_vsypW4c
Media21 Production,Video production service,12227 107 Ave NW,5,1,53.5508504,-113.5335007,53.5521992,-113.6795416,9649,TRUE,production,2026-09-29T16:55:54.386Z,https://www.google.com/maps/place/Media21+Production/data=!4m7!3m6!1s0x53a023ff931bfd6f:0x8e4ab9b45e6f3d67!8m2!3d53.5508504!4d-113.5335007!16s%2Fg%2F11syct6k03!19sChIJb_0bk_8joFMRZz1vXrS5So4
Lemon agency. Video Production Edmonton.,Video production service,10816 112 St NW,5,60,53.5536391,-113.5144031,53.5521992,-113.6795416,10910,TRUE,production,2026-09-29T16:55:54.386Z,https://www.google.com/maps/place/Lemon+agency.+Video+Production+Edmonton./data=!4m7!3m6!1s0x53a023388e6414b9:0xb37731e07f3506f0!8m2!3d53.5536391!4d-113.5144031!16s%2Fg%2F11t05h3d5j!19sChIJuRRkjjgjoFMR8AY1f-Axd7M
Wilson Industrial,,,,,53.5532543,-113.6361166,53.5521992,-113.6795416,2871,TRUE,Industrial,2026-09-29T16:54:16.371Z,https://www.google.com/maps/place/Wilson+Industrial/data=!4m7!3m6!1s0x53a020d9333be491:0x9a87a977c0d4a546!8m2!3d53.5532543!4d-113.6361166!16s%2Fg%2F1tfj2vry!19sChIJkeQ7M9kgoFMRRqXUwHeph5o
Cut:Thru Media,Video production service,4934 214 St,5,18,53.4863307,-113.6882596,53.5521992,-113.6795416,7347,TRUE,production,2026-09-29T16:55:54.386Z,https://www.google.com/maps/place/Cut:Thru+Media/data=!4m7!3m6!1s0x53a0206ff203c671:0xc20d2741589558b8!8m2!3d53.4863307!4d-113.6882596!16s%2Fg%2F11dxkfl059!19sChIJccYD8m8goFMRuFiVWEEnDcI
Dept.9 Studios,Film production company,5625 103a St NW,5,16,53.4939106,-113.4941698,53.5521992,-113.6795416,13863,TRUE,production,2026-09-29T16:55:54.386Z,https://www.google.com/maps/place/Dept.9+Studios/data=!4m7!3m6!1s0x53a019916824773b:0xc96b416908e9d324!8m2!3d53.4939106!4d-113.4941698!16s%2Fg%2F11j1trqypv!19sChIJO3ckaJEZoFMRJNPpCGlBa8k
PlanIt Studios Inc.,Video production service,10309 107 St NW #144,5,24,53.5452,-113.50451,53.5521992,-113.6795416,11590,TRUE,production,2026-09-29T16:55:54.386Z,https://www.google.com/maps/place/PlanIt+Studios+Inc./data=!4m7!3m6!1s0x53a02666f16d5247:0xd89d8d2e9b353c86!8m2!3d53.5452!4d-113.50451!16s%2Fg%2F1hc3lm_49!19sChIJR1Jt8WYmoFMRhjw1my6Nndg
Potluck Productions Inc.,Film production company,10045 156 St Office# 208,,,53.5402375,-113.5896916,53.5521992,-113.6795416,6083,TRUE,production,2026-09-29T16:55:54.386Z,https://www.google.com/maps/place/Potluck+Productions+Inc./data=!4m7!3m6!1s0x53a021c4e4f9b8f7:0xf251be54f5297db9!8m2!3d53.5402375!4d-113.5896916!16s%2Fg%2F11k3_skw2s!19sChIJ97j55MQhoFMRuX0p9VS-UfI
Dunia Productions,Film production company,145 Ave NW,,,53.6073199,-113.5630435,53.5521992,-113.6795416,9834,TRUE,production,2026-09-29T16:55:54.386Z,https://www.google.com/maps/place/Dunia+Productions/data=!4m7!3m6!1s0x53a025c84f20dccb:0xbdb78bf2b17cca11!8m2!3d53.6073199!4d-113.5630435!16s%2Fg%2F11vxjrp08s!19sChIJy9wgT8gloFMREcp8sfKLt70
Variety Productions,Photography Service,8520 174 St NW,5,13,53.5193795,-113.6230603,53.5521992,-113.6795416,5220,TRUE,production,2026-09-29T16:55:54.386Z,https://www.google.com/maps/place/Variety+Productions/data=!4m7!3m6!1s0x53a021c1147cb4f1:0x88a3e87d724c31fe!8m2!3d53.5193795!4d-113.6230603!16s%2Fg%2F11n__0zw7g!19sChIJ8bR8FMEhoFMR_jFMcn3oo4g
Q Filmz Media,Video production service,11150 Jasper Ave,5,172,53.5411321,-113.5135157,53.5521992,-113.6795416,11038,TRUE,production,2026-09-29T16:55:54.386Z,https://www.google.com/maps/place/Q+Filmz+Media/data=!4m7!3m6!1s0x53a022467630b7c9:0x9c751993fbc91f1e!8m2!3d53.5411321!4d-113.5135157!16s%2Fg%2F11h40_9d78!19sChIJybcwdkYioFMRHh_J-5MZdZw
Wallywood Media Production,Video production service,10410 102 Ave NW,5,13,53.5432705,-113.4997239,53.5521992,-113.6795416,11921,TRUE,production,2026-09-29T16:55:54.386Z,https://www.google.com/maps/place/Wallywood+Media+Production/data=!4m7!3m6!1s0x53a0234a51024ee9:0x3e91dafe524c063b!8m2!3d53.5432705!4d-113.4997239!16s%2Fg%2F11n4p6dg55!19sChIJ6U4CUUojoFMROwZMUv7akT4
Evolution AV,Audio visual equipment supplier,11668 154 St,4.8,24,53.5692803,-113.5876624,53.5521992,-113.6795416,6359,TRUE,production,2026-09-29T16:55:54.386Z,https://www.google.com/maps/place/Evolution+AV/data=!4m7!3m6!1s0x53a023c0d327464d:0x6a3ce371832eea1c!8m2!3d53.5692803!4d-113.5876624!16s%2Fg%2F1tgqj2yd!19sChIJTUYn08AjoFMRHOoug3HjPGo
Aspen Films,Video production service,"2020, 10060 Jasper Ave Tower 1",4.8,19,53.5413879,-113.4928318,53.5521992,-113.6795416,12394,TRUE,production,2026-09-29T16:55:54.386Z,https://www.google.com/maps/place/Aspen+Films/data=!4m7!3m6!1s0x53a023a5aaf03619:0x5c3ea62125afa0c0!8m2!3d53.5413879!4d-113.4928318!16s%2Fg%2F11ls6b588m!19sChIJGTbwqqUjoFMRwKCvJSGmPlw
Shop Production World,,,5,1,53.5266401,-113.4926628,53.5521992,-113.6795416,12672,TRUE,production,2026-09-29T16:55:54.386Z,https://www.google.com/maps/place/Shop+Production+World/data=!4m7!3m6!1s0x53a023c9bc3fe631:0x84b03719787ea001!8m2!3d53.5266401!4d-113.4926628!16s%2Fg%2F11h4gmq5q3!19sChIJMeY_vMkjoFMRAaB-eBk3sIQ
Kinnikinnick K2 Production Facility,Food manufacturer,12586 129 St NW,4.4,9,53.5829262,-113.5449999,53.5521992,-113.6795416,9519,TRUE,production,2026-09-29T16:55:54.386Z,https://www.google.com/maps/place/Kinnikinnick+K2+Production+Facility/data=!4m7!3m6!1s0x53a023f3922a3029:0xd67334c441be5813!8m2!3d53.5829262!4d-113.5449999!16s%2Fg%2F11f4z8yjy2!19sChIJKTAqkvMjoFMRE1i-QcQ0c9Y
Guava Productions,Video production service,13220 St Albert Trail NW,,,53.5927325,-113.5695169,53.5521992,-113.6795416,8549,TRUE,production,2026-09-29T16:55:54.386Z,https://www.google.com/maps/place/Guava+Productions/data=!4m7!3m6!1s0x53a0192edce3d0a9:0x5ba802cf01bc3e30!8m2!3d53.5927325!4d-113.5695169!16s%2Fg%2F11l63d3pzn!19sChIJqdDj3C4ZoFMRMD68Ac8CqFs
Original Video Productions,Video production service,10405 Jasper Ave,5,13,53.5405641,-113.5001375,53.5521992,-113.6795416,11923,TRUE,production,2026-09-29T16:55:54.386Z,https://www.google.com/maps/place/Original+Video+Productions/data=!4m7!3m6!1s0x53a01fd04b99c2b7:0x6d539ba76f32afd3!8m2!3d53.5405641!4d-113.5001375!16s%2Fg%2F11byp5_l6k!19sChIJt8KZS9AfoFMR068yb6ebU20
263 Production,Music producer,4632 205 St NW,,,53.4845862,-113.6768156,53.5521992,-113.6795416,7520,TRUE,production,2026-09-29T16:55:54.386Z,https://www.google.com/maps/place/263+Production/data=!4m7!3m6!1s0x539f8b42df5a13ff:0x2aaa0aee0f8f2ede!8m2!3d53.4845862!4d-113.6768156!16s%2Fg%2F11t7tvrz98!19sChIJ_xNa30KLn1MR3i6PD-4Kqio
Frame 30 Productions Ltd,Video production service,10816A Whyte Ave NW,5,3,53.5183699,-113.5102652,53.5521992,-113.6795416,11802,TRUE,production,2026-09-29T16:55:54.386Z,https://www.google.com/maps/place/Frame+30+Productions+Ltd/data=!4m7!3m6!1s0x53a0221c98ead3ef:0xe9544487c387da0e!8m2!3d53.5183699!4d-113.5102652!16s%2Fg%2F1thcs0bt!19sChIJ79PqmBwioFMRDtqHw4dEVOk
AFX Materials & Fabrication Ltd.,Steel fabricator,15203 117 Ave NW,,,53.5691555,-113.5838013,53.5521992,-113.6795416,6598,TRUE,production,2026-09-29T16:55:54.386Z,https://www.google.com/maps/place/AFX+Materials+%26+Fabrication+Ltd./data=!4m7!3m6!1s0x53a0215ab07f1713:0x514b87beaa218a78!8m2!3d53.5691555!4d-113.5838013!16s%2Fg%2F1tf31240!19sChIJExd_sFohoFMReIohqr6HS1E
Integra Films,Video production service,10818 Jasper Ave #35071,5,26,53.5411088,-113.5069013,53.5521992,-113.6795416,11473,TRUE,production,2026-09-29T16:55:54.386Z,https://www.google.com/maps/place/Integra+Films/data=!4m7!3m6!1s0x539f8e583d241f21:0x9fbb76595facc7c1!8m2!3d53.5411088!4d-113.5069013!16s%2Fg%2F11b6z0w11_!19sChIJIR8kPViOn1MRwcesX1l2u58
Grindstone Productions,DJ service,14204 128 Ave NW,5,241,53.5852349,-113.5662887,53.5521992,-113.6795416,8332,TRUE,production,2026-09-29T16:55:54.386Z,https://www.google.com/maps/place/Grindstone+Productions/data=!4m7!3m6!1s0x539f91c7673a236b:0xf9788087b8cf7b37!8m2!3d53.5852349!4d-113.5662887!16s%2Fg%2F11bv_djlp1!19sChIJayM6Z8eRn1MRN3vPuIeAePk
Video Edmonton Production Inc.,Video production service,6103 109 St NW,4,1,53.4986875,-113.5115429,53.5521992,-113.6795416,12599,TRUE,production,2026-09-29T16:55:54.386Z,https://www.google.com/maps/place/Video+Edmonton+Production+Inc./data=!4m7!3m6!1s0x53a01f514fb1f63f:0xc7d5cdc80445964b!8m2!3d53.4986875!4d-113.5115429!16s%2Fg%2F1yg6d464x!19sChIJP_axT1EfoFMRS5ZFBMjN1cc
Kindersley Transport Ltd.,Logistics service,18204 111 Ave NW,2.8,49,53.560585,-113.637034,53.5521992,-113.6795416,2959,TRUE,supply chain,2026-09-29T17:10:38.282Z,https://www.google.com/maps/place/Kindersley+Transport+Ltd./data=!4m7!3m6!1s0x53a0214df5d4e97f:0x51abb3083741369b!8m2!3d53.560585!4d-113.637034!16s%2Fg%2F1tgjkzj9!19sChIJf-nU9U0hoFMRmzZBNwizq1E
Edmonton Videographer & Video Production | Third Born Entertainment,Video production service,2203 118 St NW,5,13,53.4527849,-113.5295322,53.5521992,-113.6795416,14854,FALSE,production,2026-09-29T16:55:54.386Z,https://www.google.com/maps/place/Edmonton+Videographer+%26+Video+Production+%7C+Third+Born+Entertainment/data=!4m7!3m6!1s0x53a01efe4c82a9fb:0x1a44498da918b7a7!8m2!3d53.4527849!4d-113.5295322!16s%2Fg%2F12mkzhz15!19sChIJ-6mCTP4eoFMRp7cYqY1JRBo
Camenex Control Systems Ltd,Engineering consultant,18108 105 Ave NW #100,,,53.5490674,-113.6347112,53.5521992,-113.6795416,2982,TRUE,control systems,2026-09-29T17:08:05.774Z,https://www.google.com/maps/place/Camenex+Control+Systems+Ltd/data=!4m7!3m6!1s0x53a020dd9ad7dd23:0xa625f586e9fb6c62!8m2!3d53.5490674!4d-113.6347112!16s%2Fg%2F1v3_2c4q!19sChIJI93Xmt0goFMRYmz76Yb1JaY
ICU Video Productions Ltd.,Video production service,13828 128 Ave NW,5,2,53.5859313,-113.5581761,53.5521992,-113.6795416,8848,TRUE,production,2026-09-29T16:55:54.386Z,https://www.google.com/maps/place/ICU+Video+Productions+Ltd./data=!4m7!3m6!1s0x53a023f7c9254331:0xdd6e57a47e595b29!8m2!3d53.5859313!4d-113.5581761!16s%2Fg%2F1tsypgdj!19sChIJMUMlyfcjoFMRKVtZfqRXbt0
Bottom Line Productions,Marketing agency,10515 111 St NW,4.2,5,53.5485136,-113.5116987,53.5521992,-113.6795416,11096,TRUE,production,2026-09-29T16:55:54.386Z,https://www.google.com/maps/place/Bottom+Line+Productions/data=!4m7!3m6!1s0x53a018f3b12b61cd:0x425ed9ef5328238d!8m2!3d53.5485136!4d-113.5116987!16s%2Fg%2F1tf69qt1!19sChIJzWErsfMYoFMRjSMoU-_ZXkI
Prentaprint,Print shop,11656 154 St,,,53.56888,-113.58875,53.5521992,-113.6795416,6277,TRUE,production,2026-09-29T16:55:54.386Z,https://www.google.com/maps/place/Prentaprint/data=!4m7!3m6!1s0x53a0214581da1dbb:0x4ce8ed43cbbebb48!8m2!3d53.56888!4d-113.58875!16s%2Fg%2F11vyzt_1j_!19sChIJux3agUUhoFMRSLu-y0Pt6Ew
Alberta Media Production Industries Association,Association / Organization,9722 102 St NW Ste 242,4.7,3,53.535115,-113.4959551,53.5521992,-113.6795416,12278,TRUE,production,2026-09-29T16:55:54.386Z,https://www.google.com/maps/place/Alberta+Media+Production+Industries+Association/data=!4m7!3m6!1s0x53a01f4b7a02a3b9:0xb40c7abc3b97e264!8m2!3d53.535115!4d-113.4959551!16s%2Fg%2F11g_53pzn!19sChIJuaMCeksfoFMRZOKXO7x6DLQ
Vertical Roots Edmonton,Agricultural production,14303 129 Ave NW,5,57,53.5871022,-113.5676121,53.5521992,-113.6795416,8348,TRUE,production,2026-09-29T16:55:54.386Z,https://www.google.com/maps/place/Vertical+Roots+Edmonton/data=!4m7!3m6!1s0x53a0259f6084d20b:0xff2343b69eca839!8m2!3d53.5871022!4d-113.5676121!16s%2Fg%2F11strv1zx6!19sChIJC9KEYJ8loFMROajsaTs08g8
M31 Design Group,Video production service,16511 116 Ave NW,,,53.5648882,-113.6064149,53.5521992,-113.6795416,5032,TRUE,production,2026-09-29T16:55:54.386Z,https://www.google.com/maps/place/M31+Design+Group/data=!4m7!3m6!1s0x53a018b3704f62db:0xb6c6d65e36e2d549!8m2!3d53.5648882!4d-113.6064149!16s%2Fg%2F1q67s1qrp!19sChIJ22JPcLMYoFMRSdXiNl7WxrY
Kingdom Maker Studios,Video production service,,5,18,53.4390946,-113.6195251,53.5521992,-113.6795416,13188,FALSE,production,2026-09-29T16:55:54.386Z,https://www.google.com/maps/place/Kingdom+Maker+Studios/data=!4m7!3m6!1s0x539ff5c41b2fb889:0x79516de04f43508f!8m2!3d53.4390946!4d-113.6195251!16s%2Fg%2F11vkdbnb_n!19sChIJibgvG8T1n1MRj1BDT-BtUXk
Cineflair,Video production service,3723 98 St NW,4.9,10,53.4725121,-113.4814999,53.5521992,-113.6795416,15811,TRUE,production,2026-09-29T16:55:54.386Z,https://www.google.com/maps/place/Cineflair/data=!4m7!3m6!1s0x53a023cb2025660b:0x2e66d415808a08d!8m2!3d53.4725121!4d-113.4814999!16s%2Fg%2F11b6hxyw_1!19sChIJC2YlIMsjoFMRjaAIWEFt5gI
The Nature Production,Market,13204 Rainbow Valley Rd NW,5,1,53.4836592,-113.5565128,53.5521992,-113.6795416,11146,TRUE,production,2026-09-29T16:55:54.386Z,https://www.google.com/maps/place/The+Nature+Production/data=!4m7!3m6!1s0x53a01f55ca392467:0x7702c2585683d27!8m2!3d53.4836592!4d-113.5565128!16s%2Fg%2F11t_kd4c9s!19sChIJZyQ5ylUfoFMRJz1ohSUscAc
Ainsworth Inc,Mechanical engineer,18220 102 Ave NW,4.1,7,53.5450907,-113.6357905,53.5521992,-113.6795416,2997,TRUE,automation,2026-09-29T17:06:57.789Z,https://www.google.com/maps/place/Ainsworth+Inc/data=!4m7!3m6!1s0x53a026a8e42b59d9:0x2469316052121074!8m2!3d53.5450907!4d-113.6357905!16s%2Fg%2F1tpf6tkv!19sChIJ2Vkr5KgmoFMRdBASUmAxaSQ
Crowtown Productions,Recording studio,11020 122 St NW,,,53.5580517,-113.5328593,53.5521992,-113.6795416,9711,TRUE,production,2026-09-29T16:55:54.386Z,https://www.google.com/maps/place/Crowtown+Productions/data=!4m7!3m6!1s0x53a023c5da637ad3:0x64600f9ebb4819c2!8m2!3d53.5580517!4d-113.5328593!16s%2Fg%2F11qn4bwf70!19sChIJ03pj2sUjoFMRwhlIu54PYGQ
Edmonton Production Rentals,Equipment rental agency,7612 Wagner Rd NW,4.8,24,53.5019163,-113.4447326,53.5521992,-113.6795416,16497,TRUE,production,2026-09-29T16:55:54.386Z,https://www.google.com/maps/place/Edmonton+Production+Rentals/data=!4m7!3m6!1s0x53a01938b9249be3:0xa35d4d964baf916f!8m2!3d53.5019163!4d-113.4447326!16s%2Fg%2F11mk7zg7md!19sChIJ45skuTgZoFMRb5GvS5ZNXaM
McKinley & Taylor Production Centre Ltd,Metal fabricator,11402 120 St NW,4.6,9,53.5646085,-113.5299671,53.5521992,-113.6795416,9975,TRUE,production,2026-09-29T16:55:54.386Z,https://www.google.com/maps/place/McKinley+%26+Taylor+Production+Centre+Ltd/data=!4m7!3m6!1s0x4163bcac04510d59:0xe16e2b083934b7f1!8m2!3d53.5646085!4d-113.5299671!16s%2Fg%2F1v76zbbv!19sChIJWQ1RBKy8Y0ER8bc0OQgrbuE
Shafi Media Post-Production,Event management company,10528 108 St NW,5,2,53.5484153,-113.5073183,53.5521992,-113.6795416,11385,TRUE,production,2026-09-29T16:55:54.386Z,https://www.google.com/maps/place/Shafi+Media+Post-Production/data=!4m7!3m6!1s0x53a023408769dead:0x5cf7d3914c376c8c!8m2!3d53.5484153!4d-113.5073183!16s%2Fg%2F11fks648k2!19sChIJrd5ph0AjoFMRjGw3TJHT91w
Film Alberta Studio,Movie studio,5305 Allard Way NW,4.5,8,53.4900376,-113.4973004,53.5521992,-113.6795416,13890,TRUE,production,2026-09-29T16:55:54.386Z,https://www.google.com/maps/place/Film+Alberta+Studio/data=!4m7!3m6!1s0x53a01f4b7a016663:0x4189dc006fb2e577!8m2!3d53.4900376!4d-113.4973004!16s%2Fg%2F11b6_pklj4!19sChIJY2YBeksfoFMRd-WybwDciUE
Integrated Rectifier Technologies Inc,Manufacturer,15360 116 Ave NW,5,2,53.5680959,-113.5866849,53.5521992,-113.6795416,6383,TRUE,production,2026-09-29T16:55:54.386Z,https://www.google.com/maps/place/Integrated+Rectifier+Technologies+Inc/data=!4m7!3m6!1s0x53a021450d3c187d:0x3233634b4c6b96b7!8m2!3d53.5680959!4d-113.5866849!16s%2Fg%2F1tn00xqx!19sChIJfRg8DUUhoFMRt5ZrTEtjMzI
Pointless Heart Productions,Recording studio,16212 100a Ave NW,5,3,53.5405014,-113.6017336,53.5521992,-113.6795416,5303,TRUE,production,2026-09-29T16:55:54.386Z,https://www.google.com/maps/place/Pointless+Heart+Productions/data=!4m7!3m6!1s0x53a021753210fab3:0x69a604dd6ef1d6ec!8m2!3d53.5405014!4d-113.6017336!16s%2Fg%2F11trgt6qk3!19sChIJs_oQMnUhoFMR7Nbxbt0Epmk
Production Office Edmonton Folk Music Festival,Festival,9613 96 Ave NW,4,1,53.534401,-113.476478,53.5521992,-113.6795416,13562,TRUE,production,2026-09-29T16:55:54.386Z,https://www.google.com/maps/place/Production+Office+Edmonton+Folk+Music+Festival/data=!4m7!3m6!1s0x53a02339971b32d7:0xbab8a2c5fb00fa78!8m2!3d53.534401!4d-113.476478!16s%2Fg%2F11zh751df8!19sChIJ1zIblzkjoFMRePoA-8WiuLo
Old Saw Storytelling,Film production company,10306 112 St NW Ste 200,5,2,53.5448529,-113.5145587,53.5521992,-113.6795416,10930,TRUE,production,2026-09-29T16:55:54.386Z,https://www.google.com/maps/place/Old+Saw+Storytelling/data=!4m7!3m6!1s0x53a02247ffc15a93:0x9f2b61bbc49ae229!8m2!3d53.5448529!4d-113.5145587!16s%2Fg%2F11c6qcjps3!19sChIJk1rB_0cioFMRKeKaxLthK58
Evolve Website Production,,,5,13,54.4983702,-115.0011694,53.5521992,-113.6795416,136089,FALSE,production,2026-09-29T16:55:54.386Z,https://www.google.com/maps/place/Evolve+Website+Production/data=!4m7!3m6!1s0x53a025b766d95133:0x2c5da5e9b2b515d!8m2!3d54.4983702!4d-115.0011694!16s%2Fg%2F11b5vy2fn9!19sChIJM1HZZrcloFMRXVErm17axQI
Ground Zero Productions,Video production service,"the Sylbert Building, 10132 105 St NW",3,2,53.5416552,-113.501491,53.5521992,-113.6795416,11822,TRUE,production,2026-09-29T16:55:54.386Z,https://www.google.com/maps/place/Ground+Zero+Productions/data=!4m7!3m6!1s0x53a0224807cad145:0x90048c7a9953b7f3!8m2!3d53.5416552!4d-113.501491!16s%2Fg%2F1hc5qdwb5!19sChIJRdHKB0gioFMR87dTmXqMBJA
Studio Post,Video production service,7316 101 Ave NW,5,8,53.5414049,-113.4410191,53.5521992,-113.6795416,15804,FALSE,production,2026-09-29T16:55:54.386Z,https://www.google.com/maps/place/Studio+Post/data=!4m7!3m6!1s0x53a02292df8d4319:0xa29e231335bfc2b!8m2!3d53.5414049!4d-113.4410191!16s%2Fg%2F1vc81h72!19sChIJGUON35IioFMRK_xbMzHiKQo
MTE Logistix,Logistics service,18150 109 Ave,,,53.5567884,-113.6345309,53.5521992,-113.6795416,3017,TRUE,supply chain,2026-09-29T17:10:38.282Z,https://www.google.com/maps/place/MTE+Logistix/data=!4m7!3m6!1s0x53a021368c51d4c9:0x1d4de459b3aafebb!8m2!3d53.5567884!4d-113.6345309!16s%2Fg%2F11swkbd4r9!19sChIJydRRjDYhoFMRu_6qs1nkTR0
Reel Good Video Production,,,5,10,53.5270986,-113.6029642,53.5521992,-113.6795416,5779,TRUE,production,2026-09-29T16:55:54.386Z,https://www.google.com/maps/place/Reel+Good+Video+Production/data=!4m7!3m6!1s0x493d1f4ba4b14141:0xc74108ed104fd470!8m2!3d53.5270986!4d-113.6029642!16s%2Fg%2F11wc08hp7c!19sChIJQUGxpEsfPUkRcNRPEO0IQcc
drAutomation,Automation company,11618 149 St,,,53.5684242,-113.5785918,53.5521992,-113.6795416,6907,TRUE,production,2026-09-29T16:55:54.386Z,https://www.google.com/maps/place/drAutomation/data=!4m7!3m6!1s0x53a0215a552488cd:0xdeb40fa1df1d20b9!8m2!3d53.5684242!4d-113.5785918!16s%2Fg%2F11h2gdtbr7!19sChIJzYgkVVohoFMRuSAd36EPtN4
CameraCats Productions,Video production service,10826 113 St,,,53.5536543,-113.5162902,53.5521992,-113.6795416,10785,TRUE,production,2026-09-29T16:55:54.386Z,https://www.google.com/maps/place/CameraCats+Productions/data=!4m7!3m6!1s0x53a023c852dd68d9:0xd160b7a9e03bcc68!8m2!3d53.5536543!4d-113.5162902!16s%2Fg%2F11gm_51cvf!19sChIJ2WjdUsgjoFMRaMw74Km3YNE
Amato Art Productions,Art center,16151 108 Ave NW,,,53.5525542,-113.6009852,53.5521992,-113.6795416,5190,TRUE,production,2026-09-29T16:55:54.386Z,https://www.google.com/maps/place/Amato+Art+Productions/data=!4m7!3m6!1s0x53a0211659f94961:0x5940ccd1d8d13ee0!8m2!3d53.5525542!4d-113.6009852!16s%2Fg%2F11b5wlkfvs!19sChIJYUn5WRYhoFMR4D7R2NHMQFk
Erlord Production,Theater production,10700 104 Ave NW,,,53.5470528,-113.5024616,53.5521992,-113.6795416,11713,TRUE,production,2026-09-29T16:55:54.386Z,https://www.google.com/maps/place/Erlord+Production/data=!4m7!3m6!1s0x53a023db8c4cc31b:0x635ae62cd0997aad!8m2!3d53.5470528!4d-113.5024616!16s%2Fg%2F11tnhr0cg1!19sChIJG8NMjNsjoFMRrXqZ0CzmWmM
ev+ AGENCY,Video production service,16060 114 Ave NW Suite 105,5,4,53.5635785,-113.5986278,53.5521992,-113.6795416,5492,TRUE,production,2026-09-29T16:55:54.386Z,https://www.google.com/maps/place/ev%2B+AGENCY/data=!4m7!3m6!1s0x53a023cf3fbb1295:0xb3076075bd11616a!8m2!3d53.5635785!4d-113.5986278!16s%2Fg%2F1td5336g!19sChIJlRK7P88joFMRamERvXVgB7M
DH Woodworking Inc.,Cabinet maker,15125 117 Ave NW,5,1,53.5692454,-113.5822319,53.5521992,-113.6795416,6701,TRUE,production,2026-09-29T16:55:54.386Z,https://www.google.com/maps/place/DH+Woodworking+Inc./data=!4m7!3m6!1s0x53a0213e5568175b:0x3b706e0d08f06287!8m2!3d53.5692454!4d-113.5822319!16s%2Fg%2F11mdb8gg9v!19sChIJWxdoVT4hoFMRh2LwCA1ucDs
Lindisfarne Productions,Video production service,8710 51 Ave NW,5,1,53.488555,-113.4585131,53.5521992,-113.6795416,16236,TRUE,production,2026-09-29T16:55:54.386Z,https://www.google.com/maps/place/Lindisfarne+Productions/data=!4m7!3m6!1s0x53a018c19022c28b:0x44044955f34b6fed!8m2!3d53.488555!4d-113.4585131!16s%2Fg%2F1tg7rpyt!19sChIJi8IikMEYoFMR7W9L81VJBEQ
A-Squared Communications,Video production service,229 Greenoch Crescent NW,5,11,53.4789913,-113.423185,53.5521992,-113.6795416,18803,FALSE,production,2026-09-29T16:55:54.386Z,https://www.google.com/maps/place/A-Squared+Communications/data=!4m7!3m6!1s0x53a0191bdbf73925:0xeffc757c495599dd!8m2!3d53.4789913!4d-113.423185!16s%2Fg%2F11jg1bhmrc!19sChIJJTn32xsZoFMR3ZlVSXx1_O8
Long Sleeve Productions,Video production service,10011 116 St NW,,,53.5391754,-113.52075,53.5521992,-113.6795416,10591,TRUE,production,2026-09-29T16:55:54.386Z,https://www.google.com/maps/place/Long+Sleeve+Productions/data=!4m7!3m6!1s0x53a023938a20a397:0x11d66f36059b47a1!8m2!3d53.5391754!4d-113.52075!16s%2Fg%2F11g4d3y5b2!19sChIJl6MgipMjoFMRoUebBTZv1hE
Shooters Production Studio,Photography studio,9719 47 Ave NW,,,53.4844471,-113.480432,53.5521992,-113.6795416,15167,TRUE,production,2026-09-29T16:55:54.386Z,https://www.google.com/maps/place/Shooters+Production+Studio/data=!4m7!3m6!1s0x53a021a9ae2ea5fb:0x87747166e8b52c1b!8m2!3d53.4844471!4d-113.480432!16s%2Fg%2F11fsmxj4lr!19sChIJ-6UurqkhoFMRGyy16GZxdIc
Lasertech Fabricators,Laser cutting service,16310 121a Ave NW,4,1,53.5742184,-113.6034417,53.5521992,-113.6795416,5591,TRUE,production,2026-09-29T16:55:54.386Z,https://www.google.com/maps/place/Lasertech+Fabricators/data=!4m7!3m6!1s0x53a018cb34e2e565:0xce988c242f10d9bb!8m2!3d53.5742184!4d-113.6034417!16s%2Fg%2F1td588yk!19sChIJZeXiNMsYoFMRu9kQLySMmM4
Inovata Foods Corp,Frozen food manufacturer,12803 149 St,4.3,23,53.5862976,-113.5771943,53.5521992,-113.6795416,7749,TRUE,production,2026-09-29T16:55:54.386Z,https://www.google.com/maps/place/Inovata+Foods+Corp/data=!4m7!3m6!1s0x53a024004c8d7b2d:0x36e1fc281db02cc8!8m2!3d53.5862976!4d-113.5771943!16s%2Fg%2F1tcwl7hy!19sChIJLXuNTAAkoFMRyCywHSj84TY
Cooper & O'Hara - Video Production + Commercial Photography,Video production service,5608 Whyte Ave NW,5,13,53.5183203,-113.4231905,53.5521992,-113.6795416,17355,FALSE,production,2026-09-29T16:55:54.386Z,https://www.google.com/maps/place/Cooper+%26+O%27Hara+-+Video+Production+%2B+Commercial+Photography/data=!4m7!3m6!1s0x53a018a7a118ddef:0xd919e71b99142225!8m2!3d53.5183203!4d-113.4231905!16s%2Fg%2F11c71c0g1l!19sChIJ790YoacYoFMRJSIUmRvnGdk
Riverford Productions Inc.,Film production company,10515 111 St NW,,,53.5485136,-113.5116987,53.5521992,-113.6795416,11096,TRUE,production,2026-09-29T16:55:54.386Z,https://www.google.com/maps/place/Riverford+Productions+Inc./data=!4m7!3m6!1s0x53a022350e700001:0xa5750effea00ab43!8m2!3d53.5485136!4d-113.5116987!16s%2Fg%2F11q2xtwb09!19sChIJAQBwDjUioFMRQ6sA6v8OdaU
Sterling Glass Hardware Edmonton,Wholesaler,15047 118 Ave NW,5,1,53.5697928,-113.5806347,53.5521992,-113.6795416,6819,TRUE,production,2026-09-29T16:55:54.386Z,https://www.google.com/maps/place/Sterling+Glass+Hardware+Edmonton/data=!4m7!3m6!1s0x53a02142a445ac37:0x8f62cebbee1025a4!8m2!3d53.5697928!4d-113.5806347!16s%2Fg%2F11wh9yd417!19sChIJN6xFpEIhoFMRpCUQ7rvOYo8
Skitz Club Productions,Video production service,11516 Jasper Ave,,,53.5411834,-113.5200371,53.5521992,-113.6795416,10609,TRUE,production,2026-09-29T16:55:54.386Z,https://www.google.com/maps/place/Skitz+Club+Productions/data=!4m7!3m6!1s0x53a023aee88a4c85:0x22eb55a15a5a8fe7!8m2!3d53.5411834!4d-113.5200371!16s%2Fg%2F11sy3dldsc!19sChIJhUyK6K4joFMR549aWqFV6yI
ID: PRODUCTIONS INC.,Media company,10169 104 Street NW #105,,,53.542441,-113.4987721,53.5521992,-113.6795416,11992,TRUE,production,2026-09-29T16:55:54.386Z,https://www.google.com/maps/place/ID:+PRODUCTIONS+INC./data=!4m7!3m6!1s0x53a022487c37a2db:0x7163cc581bfefe9f!8m2!3d53.542441!4d-113.4987721!16s%2Fg%2F11h6nm6bv5!19sChIJ26I3fEgioFMRn_7-G1jMY3E
Reliance Production Optimization,Corporate office,10359 104 Street NW,,,53.5459275,-113.4988543,53.5521992,-113.6795416,11957,TRUE,production,2026-09-29T16:55:54.386Z,https://www.google.com/maps/place/Reliance+Production+Optimization/data=!4m7!3m6!1s0x53a0231a90df8129:0x480ce03dfcb61fe1!8m2!3d53.5459275!4d-113.4988543!16s%2Fg%2F11f5vqkxk6!19sChIJKYHfkBojoFMR4R-2_D3gDEg
Trinity Electronics Systems Ltd.,Electrical engineer,10708 181 St NW,4.5,10,53.5538131,-113.6338884,53.5521992,-113.6795416,3021,TRUE,electrical engineering,2026-09-29T17:06:40.778Z,https://www.google.com/maps/place/Trinity+Electronics+Systems+Ltd./data=!4m7!3m6!1s0x53a021cdcffe72f3:0x3b9a35b66f415bd3!8m2!3d53.5538131!4d-113.6338884!16s%2Fg%2F11pz8vp0gg!19sChIJ83L-z80hoFMR01tBb7Y1mjs
H&W Produce,Produce market,12510 132 Ave NW,4.4,918,53.5929897,-113.5378378,53.5521992,-113.6795416,10398,TRUE,production,2026-09-29T16:55:54.386Z,https://www.google.com/maps/place/H%26W+Produce/data=!4m7!3m6!1s0x53a024760e73def7:0x8f2d5f0a3feda7a!8m2!3d53.5929897!4d-113.5378378!16s%2Fg%2F1tdfhcht!19sChIJ995zDnYkoFMRetr-o_DV8gg
Fresh Direct Produce,Wholesaler,12822 148 St NW,,,53.5860812,-113.5751116,53.5521992,-113.6795416,7858,TRUE,production,2026-09-29T16:55:54.386Z,https://www.google.com/maps/place/Fresh+Direct+Produce/data=!4m7!3m6!1s0x53a025e7f72cf537:0x2176cc29d6c1af99!8m2!3d53.5860812!4d-113.5751116!16s%2Fg%2F11zf5t11_n!19sChIJN_Us9-cloFMRma_B1inMdiE
Emma Brown Production,,,5,3,62.6573279,-95.989235,53.5521992,-113.6795416,1441954,FALSE,production,2026-09-29T16:55:54.386Z,https://www.google.com/maps/place/Emma+Brown+Production/data=!4m7!3m6!1s0xa04f2feb51f289b7:0xd270e33f5e116777!8m2!3d62.6573279!4d-95.989235!16s%2Fg%2F11vb6j9l5x!19sChIJt4nyUesvT6ARd2cRXj_jcNI
Comtel Systems Ltd.,Electronics manufacturer,12003 149 St,5,1,53.5723928,-113.5774959,53.5521992,-113.6795416,7104,TRUE,production,2026-09-29T16:55:54.386Z,https://www.google.com/maps/place/Comtel+Systems+Ltd./data=!4m7!3m6!1s0x53a021574c99e223:0xc2cc84b70bfc6b71!8m2!3d53.5723928!4d-113.5774959!16s%2Fg%2F1jgl_ldqp!19sChIJI-KZTFchoFMRcWv8C7eEzMI
Bissett Fasteners Ltd.,Wholesaler,15016 116 Ave NW,5,2,53.5680743,-113.580362,53.5521992,-113.6795416,6784,TRUE,production,2026-09-29T16:55:54.386Z,https://www.google.com/maps/place/Bissett+Fasteners+Ltd./data=!4m7!3m6!1s0x53a0215ae1edc639:0x67900930a97dbf0a!8m2!3d53.5680743!4d-113.580362!16s%2Fg%2F11f3mbq9m8!19sChIJOcbt4VohoFMRCr99qTAJkGc
European Market & Produce,Market,6607 177 St NW,4.4,842,53.5022167,-113.6269583,53.5521992,-113.6795416,6555,TRUE,production,2026-09-29T16:55:54.386Z,https://www.google.com/maps/place/European+Market+%26+Produce/data=!4m7!3m6!1s0x53a020137b17d661:0xb2c6f00370a13ca9!8m2!3d53.5022167!4d-113.6269583!16s%2Fg%2F1vvdtxd1!19sChIJYdYXexMgoFMRqTyhcAPwxrI
Milo Productions Inc.,Video production service,"Enterprise Square, 10230 Jasper Ave",,,53.5411918,-113.4968505,53.5521992,-113.6795416,12132,TRUE,production,2026-09-29T16:55:54.386Z,https://www.google.com/maps/place/Milo+Productions+Inc./data=!4m7!3m6!1s0x53a0224634487c03:0x8d9835127ce86c2b!8m2!3d53.5411918!4d-113.4968505!16s%2Fg%2F11qg96t34v!19sChIJA3xINEYioFMRK2zofBI1mI0
Shuang Hui Trading Ltd,Produce wholesaler,16424 117 Ave NW,4.8,6,53.5687008,-113.6052865,53.5521992,-113.6795416,5236,TRUE,production,2026-09-29T16:55:54.386Z,https://www.google.com/maps/place/Shuang+Hui+Trading+Ltd/data=!4m7!3m6!1s0x53a02140c188471d:0xd97fc2988566d64d!8m2!3d53.5687008!4d-113.6052865!16s%2Fg%2F11g659sqht!19sChIJHUeIwUAhoFMRTdZmhZjCf9k
ProSource Industrial Supply & Rentals,Industrial equipment supplier,18224 102 Ave NW,,,53.5452239,-113.6352779,53.5521992,-113.6795416,3025,TRUE,Industrial,2026-09-29T16:54:16.371Z,https://www.google.com/maps/place/ProSource+Industrial+Supply+%26+Rentals/data=!4m7!3m6!1s0x53a0216794faf49d:0x43f310ce090821d3!8m2!3d53.5452239!4d-113.6352779!16s%2Fg%2F11nvts1n4r!19sChIJnfT6lGchoFMR0yEICc4Q80M
Productions Loft Inc.,Video production service,1640 Robertson Close SW,,,53.4217236,-113.5298047,53.5521992,-113.6795416,17568,FALSE,production,2026-09-29T16:55:54.386Z,https://www.google.com/maps/place/Productions+Loft+Inc./data=!4m7!3m6!1s0x53a022a241e75eef:0x4d276554a5cf2b79!8m2!3d53.4217236!4d-113.5298047!16s%2Fg%2F11bvvy9b9f!19sChIJ717nQaIioFMReSvPpVRlJ00
Westool Production Supply Ltd,Distribution service,6040 97 St NW,4.4,14,53.4964253,-113.479822,53.5521992,-113.6795416,14586,TRUE,production,2026-09-29T16:55:54.386Z,https://www.google.com/maps/place/Westool+Production+Supply+Ltd/data=!4m7!3m6!1s0x53a018ba7710a2dd:0x20ed173dd6f7ef4c!8m2!3d53.4964253!4d-113.479822!16s%2Fg%2F1tj7w1fz!19sChIJ3aIQd7oYoFMRTO_31j0X7SA
SE Productions Inc.,,,5,11,49.2577354,-123.123904,53.5521992,-113.6795416,809599,FALSE,production,2026-09-29T16:55:54.386Z,https://www.google.com/maps/place/SE+Productions+Inc./data=!4m7!3m6!1s0x266936b4fe4c14bb:0x347f2d75464c7159!8m2!3d49.2577354!4d-123.123904!16s%2Fg%2F11w3zx175s!19sChIJuxRM_rQ2aSYRWXFMRnUtfzQ
Studio 7 Production,Wedding photographer,1608 65 St SW,5,6,53.4200099,-113.442012,53.5521992,-113.6795416,21518,FALSE,production,2026-09-29T16:55:54.386Z,https://www.google.com/maps/place/Studio+7+Production/data=!4m7!3m6!1s0x53a01dad98f666a3:0x3c5936d5e9605a5a!8m2!3d53.4200099!4d-113.442012!16s%2Fg%2F11g2xrljy5!19sChIJo2b2mK0doFMRWlpg6dU2WTw
Edmonton Wholesale Market,Wholesale grocer,11628 142 St NW,4.1,461,53.5681379,-113.5677905,53.5521992,-113.6795416,7591,TRUE,production,2026-09-29T16:55:54.386Z,https://www.google.com/maps/place/Edmonton+Wholesale+Market/data=!4m7!3m6!1s0x53a023fe4bb708e5:0x4dfc8d53b1cbd644!8m2!3d53.5681379!4d-113.5677905!16s%2Fg%2F11cly7115j!19sChIJ5Qi3S_4joFMRRNbLsVON_E0
IC Live Video Productions,Video production service,11733 86 St NW,,,53.569854,-113.4729807,53.5521992,-113.6795416,13783,TRUE,production,2026-09-29T16:55:54.386Z,https://www.google.com/maps/place/IC+Live+Video+Productions/data=!4m7!3m6!1s0x53a023055bc3bb6b:0x5b30b0b95add92c6!8m2!3d53.569854!4d-113.4729807!16s%2Fg%2F11vch2cv0m!19sChIJa7vDWwUjoFMRxpLdWrmwMFs
Focused Energy Productions Inc.,,,4.9,86,52.2793704,-113.7936488,53.5521992,-113.6795416,141739,FALSE,production,2026-09-29T16:55:54.386Z,https://www.google.com/maps/place/Focused+Energy+Productions+Inc./data=!4m7!3m6!1s0x6099d71f99e14747:0x60535ebdcc369980!8m2!3d52.2793704!4d-113.7936488!16s%2Fg%2F11n_mgkxd5!19sChIJR0fhmR_XmWARgJk2zL1eU2A
Scholten Productions,,,5,17,53.5560154,-113.5859341,53.5521992,-113.6795416,6198,TRUE,production,2026-09-29T16:55:54.386Z,https://www.google.com/maps/place/Scholten+Productions/data=!4m7!3m6!1s0x5d4bcb3add30de3:0xab4f6d551d5ebf89!8m2!3d53.5560154!4d-113.5859341!16s%2Fg%2F11r_k6h3_k!19sChIJ4w3TrbO81AURib9eHVVtT6s
Mader Productions,,,5,18,53.5266401,-113.4926628,53.5521992,-113.6795416,12672,TRUE,production,2026-09-29T16:55:54.386Z,https://www.google.com/maps/place/Mader+Productions/data=!4m7!3m6!1s0x8665b62bdc8481f5:0x5bce2d0f88c75914!8m2!3d53.5266401!4d-113.4926628!16s%2Fg%2F11spqkm_93!19sChIJ9YGE3Cu2ZYYRFFnHiA8tzls
Wholesale Club 111th Avenue,Wholesaler,14740 111 Ave NW,4.2,686,53.559655,-113.575742,53.5521992,-113.6795416,6906,TRUE,production,2026-09-29T16:55:54.386Z,https://www.google.com/maps/place/Wholesale+Club+111th+Avenue/data=!4m7!3m6!1s0x4163bcb28f9bfe1f:0x196bb5aad2f11a0!8m2!3d53.559655!4d-113.575742!16s%2Fg%2F1td2tl4x!19sChIJH_6bj7K8Y0ERoBEvrVq7lgE
Pinwheel Productions,,,5,57,53.4699891,-113.701442,53.5521992,-113.6795416,9255,TRUE,production,2026-09-29T16:55:54.386Z,https://www.google.com/maps/place/Pinwheel+Productions/data=!4m7!3m6!1s0x8060050fed310ca1:0x40c8f58a413e4d44!8m2!3d53.4699891!4d-113.701442!16s%2Fg%2F11s1wsw5x8!19sChIJoQwx7Q8FYIARRE0-QYr1yEA
Kensi Production,,,,,53.8208188,-113.3868226,53.5521992,-113.6795416,35549,FALSE,production,2026-09-29T16:55:54.386Z,https://www.google.com/maps/place/Kensi+Production/data=!4m7!3m6!1s0x628c3ab11f5afa95:0xfc6d0dbee4b935d8!8m2!3d53.8208188!4d-113.3868226!16s%2Fg%2F11x2s7llbf!19sChIJlfpaH7E6jGIR2DW55L4Nbfw
Boundary Equipment Co Ltd,Machinery parts manufacturer,10740 181 St NW,3,3,53.5544079,-113.63382,53.5521992,-113.6795416,3030,TRUE,heavy industry,2026-09-29T16:55:19.788Z,https://www.google.com/maps/place/Boundary+Equipment+Co+Ltd/data=!4m7!3m6!1s0x53a020d92d90f349:0xeaa585e65c5169ba!8m2!3d53.5544079!4d-113.63382!16s%2Fg%2F1tfs0rkz!19sChIJSfOQLdkgoFMRumlRXOaFpeo
Flare Media - Event Photo and Video Production Agency,,,5,2,52.2793704,-113.7936488,53.5521992,-113.6795416,141739,FALSE,production,2026-09-29T16:55:54.386Z,https://www.google.com/maps/place/Flare+Media+-+Event+Photo+and+Video+Production+Agency/data=!4m7!3m6!1s0x8de6e1c9cde775a3:0x8834237de3d9bfc8!8m2!3d52.2793704!4d-113.7936488!16s%2Fg%2F11z6mm5r5k!19sChIJo3Xnzcnh5o0RyL_Z430jNIg
Edge Production Supplies Ltd,Industrial equipment supplier,5332 68 Ave NW,3,1,53.5051914,-113.4250385,53.5521992,-113.6795416,17615,FALSE,production,2026-09-29T16:55:54.386Z,https://www.google.com/maps/place/Edge+Production+Supplies+Ltd/data=!4m7!3m6!1s0x53a01866c4705441:0x942b4a8b33b5f4eb!8m2!3d53.5051914!4d-113.4250385!16s%2Fg%2F1tfx4l2n!19sChIJQVRwxGYYoFMR6_S1M4tKK5Q
Balloon Kingdom Production,,,5,6,62.6573279,-95.989235,53.5521992,-113.6795416,1441954,FALSE,production,2026-09-29T16:55:54.386Z,https://www.google.com/maps/place/Balloon+Kingdom+Production/data=!4m7!3m6!1s0x4327f11c0458802d:0xaac9d694fb23171a!8m2!3d62.6573279!4d-95.989235!16s%2Fg%2F11tg626dpl!19sChIJLYBYBBzxJ0MRGhcj-5TWyao
Primeframe Production,,,5,3,62.6573279,-95.989235,53.5521992,-113.6795416,1441954,FALSE,production,2026-09-29T16:55:54.386Z,https://www.google.com/maps/place/Primeframe+Production/data=!4m7!3m6!1s0x75d9114912d6aad:0x501cfe2d6f7c175b!8m2!3d62.6573279!4d-95.989235!16s%2Fg%2F11ydwl94j1!19sChIJrWotkRSRXQcRWxd8by3-HFA
Forge Dynamics,Safety equipment supplier,10510 180 St NW,,,53.5490852,-113.6333131,53.5521992,-113.6795416,3074,TRUE,forging,2026-09-29T16:59:16.779Z,https://www.google.com/maps/place/Forge+Dynamics/data=!4m7!3m6!1s0x53a020ddfaa155dd:0x31b85312e67a9c31!8m2!3d53.5490852!4d-113.6333131!16s%2Fg%2F11c0vj18wc!19sChIJ3VWh-t0goFMRMZx65hJTuDE
Westech Industrial Ltd. Edmonton: Process Instrumentation & Control.,Industrial equipment supplier,11324 182 St NW #101,,,53.5627403,-113.6364534,53.5521992,-113.6795416,3078,TRUE,Industrial,2026-09-29T16:54:16.371Z,https://www.google.com/maps/place/Westech+Industrial+Ltd.+Edmonton:+Process+Instrumentation+%26+Control./data=!4m7!3m6!1s0x53a020db96e9b639:0x4ab45d267a164ce5!8m2!3d53.5627403!4d-113.6364534!16s%2Fg%2F11fy19034t!19sChIJObbpltsgoFMR5UwWeiZdtEo
Glassbuilt Manufacturing,Glass manufacturer,18073 107 Ave NW,5,1,53.5525897,-113.6328889,53.5521992,-113.6795416,3082,TRUE,manufacturing,2026-09-29T16:54:38.778Z,https://www.google.com/maps/place/Glassbuilt+Manufacturing/data=!4m7!3m6!1s0x53a021005d87e351:0xf6021b1ff05ce23!8m2!3d53.5525897!4d-113.6328889!16s%2Fg%2F11vrktbvk1!19sChIJUeOHXQAhoFMRI84F_7EhYA8
McElheran's Furniture + Design,Furniture store,10115 124 St,4.8,155,53.5422491,-113.5354708,53.5521992,-113.6795416,9582,TRUE,assembly line,2026-09-29T16:56:06.475Z,https://www.google.com/maps/place/McElheran%27s+Furniture+%2B+Design/data=!4m7!3m6!1s0x53a0222a4b9b4667:0x400fb8982fc5ff47!8m2!3d53.5422491!4d-113.5354708!16s%2Fg%2F1tnbktq5!19sChIJZ0abSyoioFMRR__FL5i4D0A
Arctec Alloys Limited,Welding supply store,18031 109 Ave,5,4,53.5557084,-113.6327669,53.5521992,-113.6795416,3114,TRUE,refining,2026-09-29T17:01:52.779Z,https://www.google.com/maps/place/Arctec+Alloys+Limited/data=!4m7!3m6!1s0x53a020d8e704843d:0x3b675232ea4f1593!8m2!3d53.5557084!4d-113.6327669!16s%2Fg%2F1vfwcjn7!19sChIJPYQE59ggoFMRkxVP6jJSZzs
Alberta Drive-Line Rebuilders Ltd,Transmission shop,9182 Yellowhead Trail,4.7,272,53.5815759,-113.4828917,53.5521992,-113.6795416,13391,TRUE,assembly line,2026-09-29T16:56:06.475Z,https://www.google.com/maps/place/Alberta+Drive-Line+Rebuilders+Ltd/data=!4m7!3m6!1s0x53a0233fbc0612df:0xbb817386f8a094ab!8m2!3d53.5815759!4d-113.4828917!16s%2Fg%2F1tgs0m90!19sChIJ3xIGvD8joFMRq5Sg-IZzgbs
Leon's Furniture,Furniture store,13730 140 St NW,4.5,7274,53.6004365,-113.5641586,53.5521992,-113.6795416,9317,TRUE,assembly line,2026-09-29T16:56:06.475Z,https://www.google.com/maps/place/Leon%27s+Furniture/data=!4m7!3m6!1s0x53a02413b367c4b7:0x878fc9333664a9b8!8m2!3d53.6004365!4d-113.5641586!16s%2Fg%2F1tx1swmy!19sChIJt8RnsxMkoFMRuKlkNjPJj4c
Edmiston Industrial,,,,,53.5631999,-113.6359867,53.5521992,-113.6795416,3126,TRUE,Industrial,2026-09-29T16:54:16.371Z,https://www.google.com/maps/place/Edmiston+Industrial/data=!4m7!3m6!1s0x53a0212bd11011af:0x1a542a94e8cf9674!8m2!3d53.5631999!4d-113.6359867!16s%2Fg%2F1tgmvz25!19sChIJrxEQ0SshoFMRdJbP6JQqVBo
Delton Cabinets,Cabinet maker,13030 146 St NW,4.3,92,53.589389,-113.572444,53.5521992,-113.6795416,8192,TRUE,assembly line,2026-09-29T16:56:06.475Z,https://www.google.com/maps/place/Delton+Cabinets/data=!4m7!3m6!1s0x53a023f8625234b7:0x8d80b05bf04eb665!8m2!3d53.589389!4d-113.572444!16s%2Fg%2F1tdy44dx!19sChIJtzRSYvgjoFMRZbZO8FuwgI0
Two Small Men with Big Hearts Moving,Mover,14630 128 Ave NW,4.7,1522,53.5853502,-113.5730364,53.5521992,-113.6795416,7940,TRUE,assembly line,2026-09-29T16:56:06.475Z,https://www.google.com/maps/place/Two+Small+Men+with+Big+Hearts+Moving/data=!4m7!3m6!1s0x53a02400eaa41eb1:0x6b4075db85d50b9b!8m2!3d53.5853502!4d-113.5730364!16s%2Fg%2F11bv6plhk0!19sChIJsR6k6gAkoFMRmwvVhdt1QGs
Tenaquip Limited,Industrial equipment supplier,9285 266 St,4.3,61,53.5261292,-113.7646546,53.5521992,-113.6795416,6327,TRUE,assembly line,2026-09-29T16:56:06.475Z,https://www.google.com/maps/place/Tenaquip+Limited/data=!4m7!3m6!1s0x53a0192a6fc4c907:0xdab8fdb71081127c!8m2!3d53.5261292!4d-113.7646546!16s%2Fg%2F11b5wjc6g5!19sChIJB8nEbyoZoFMRfBKBELf9uNo
AMRE Supply,Appliance parts supplier,11413 120 St NW,4.4,683,53.5648876,-113.5290585,53.5521992,-113.6795416,10039,TRUE,assembly line,2026-09-29T16:56:06.475Z,https://www.google.com/maps/place/AMRE+Supply/data=!4m7!3m6!1s0x53a023c1241e7525:0x8551818d56e0c99f!8m2!3d53.5648876!4d-113.5290585!16s%2Fg%2F1tflfxx2!19sChIJJXUeJMEjoFMRn8ngVo2BUYU
Edmonton Beds,Mattress store,14715 114 Ave NW,4.6,171,53.5626247,-113.5753214,53.5521992,-113.6795416,6981,TRUE,assembly line,2026-09-29T16:56:06.475Z,https://www.google.com/maps/place/Edmonton+Beds/data=!4m7!3m6!1s0x53a0215d16b1a4f1:0xdd0892e85ff875be!8m2!3d53.5626247!4d-113.5753214!16s%2Fg%2F11ckcgfdnv!19sChIJ8aSxFl0hoFMRvnX4X-iSCN0
Element Cycling & Multisport,Bicycle Shop,10147 119 St NW,4.6,105,53.5420716,-113.5265834,53.5521992,-113.6795416,10168,TRUE,assembly line,2026-09-29T16:56:06.475Z,https://www.google.com/maps/place/Element+Cycling+%26+Multisport/data=!4m7!3m6!1s0x53a02167325b30f5:0x477f40cb33f11ec!8m2!3d53.5420716!4d-113.5265834!16s%2Fg%2F1vyxj2jc!19sChIJ9TBbMmchoFMR7BE_swz0dwQ
Backtrack Railway Services Ltd.,Railroad equipment supplier,55 Corriveau Ave,4.6,54,53.642551,-113.571713,53.5521992,-113.6795416,12311,FALSE,assembly line,2026-09-29T16:56:06.475Z,https://www.google.com/maps/place/Backtrack+Railway+Services+Ltd./data=!4m7!3m6!1s0x53a025a571879163:0x54d88fc3e72f31c8!8m2!3d53.642551!4d-113.571713!16s%2Fg%2F1thd1g_m!19sChIJY5GHcaUloFMRyDEv58OP2FQ
Racks For Cars - Edmonton North,Outdoor sports store,14173 162 Ave NW,4.4,150,53.6229069,-113.5684608,53.5521992,-113.6795416,10750,TRUE,assembly line,2026-09-29T16:56:06.475Z,https://www.google.com/maps/place/Racks+For+Cars+-+Edmonton+North/data=!4m7!3m6!1s0x53a0210f13acc835:0xaeb9bbdf03ae938d!8m2!3d53.6229069!4d-113.5684608!16s%2Fg%2F1tdfydl8!19sChIJNcisEw8hoFMRjZOuA9-7ua4
New-Line Hose & Fittings,Hose supplier,7103 67 St NW,5,15,53.5069685,-113.428954,53.5521992,-113.6795416,17309,FALSE,assembly line,2026-09-29T16:56:06.475Z,https://www.google.com/maps/place/New-Line+Hose+%26+Fittings/data=!4m7!3m6!1s0x53a01974b8f82969:0x2a33256b46252312!8m2!3d53.5069685!4d-113.428954!16s%2Fg%2F11vjccs75l!19sChIJaSn4uHQZoFMREiMlRmslMyo
The Brick,Furniture store,8882 170 St NW #2934,4.4,2581,53.5238206,-113.6186595,53.5521992,-113.6795416,5113,TRUE,assembly line,2026-09-29T16:56:06.475Z,https://www.google.com/maps/place/The+Brick/data=!4m7!3m6!1s0x53a020fd1010f0c9:0x7f7812b557eae4d8!8m2!3d53.5238206!4d-113.6186595!16s%2Fg%2F1tcvnz20!19sChIJyfAQEP0goFMR2OTqV7USeH8
Assembly Line,Furniture store,373 Atlantic Ave,5,15,40.6875495,-73.9857694,53.5521992,-113.6795416,3271280,FALSE,assembly line,2026-09-29T16:56:06.475Z,https://www.google.com/maps/place/Assembly+Line/data=!4m7!3m6!1s0x89c25ba44f3c8d8b:0x4e7e43de82703901!8m2!3d40.6875495!4d-73.9857694!16s%2Fg%2F11spx6pr5s!19sChIJi408T6RbwokRATlwgt5Dfk4
Fairview Ltd.,Hydraulic equipment supplier,18121 111 Ave NW,4.3,9,53.5591392,-113.6334898,53.5521992,-113.6795416,3138,TRUE,manufacturing,2026-09-29T16:54:38.778Z,https://www.google.com/maps/place/Fairview+Ltd./data=!4m7!3m6!1s0x53a01c1fd73904b1:0xd9b38f6a46f77ba0!8m2!3d53.5591392!4d-113.6334898!16s%2Fg%2F1tdk9rwf!19sChIJsQQ51x8coFMRoHv3RmqPs9k
Mayo Industrial & Auto Supplies Ltd.,Industrial supermarket,17954 106 Ave NW,4.7,19,53.5504735,-113.6320701,53.5521992,-113.6795416,3142,TRUE,Industrial,2026-09-29T16:54:16.371Z,https://www.google.com/maps/place/Mayo+Industrial+%26+Auto+Supplies+Ltd./data=!4m7!3m6!1s0x53a022334f9793a5:0xad30e47b4dd61a0c!8m2!3d53.5504735!4d-113.6320701!16s%2Fg%2F1tkmm72_!19sChIJpZOXTzMioFMRDBrWTXvkMK0
Rivercity Motors,Mechanic,8733 53 Ave NW,4.9,831,53.4895031,-113.4592359,53.5521992,-113.6795416,16147,TRUE,assembly line,2026-09-29T16:56:06.475Z,https://www.google.com/maps/place/Rivercity+Motors/data=!4m7!3m6!1s0x53a018c1ab89f4bd:0xacfcec4ffdccf636!8m2!3d53.4895031!4d-113.4592359!16s%2Fg%2F11b5zzpfz4!19sChIJvfSJq8EYoFMRNvbM_U_s_Kw
Harlund Industries Ltd,Industrial equipment supplier,17934 105 Ave NW #100,3.3,7,53.548979,-113.632023,53.5521992,-113.6795416,3160,TRUE,machinery,2026-09-29T16:56:29.621Z,https://www.google.com/maps/place/Harlund+Industries+Ltd/data=!4m7!3m6!1s0x53a020de0cd43dbd:0x33fbdff0273b54ea!8m2!3d53.548979!4d-113.632023!16s%2Fg%2F1tf_mz_q!19sChIJvT3UDN4goFMR6lQ7J_Df-zM
COI,Office furniture store,10520 Jasper Ave 4th Floor,4,26,53.541368,-113.501659,53.5521992,-113.6795416,11814,TRUE,assembly line,2026-09-29T16:56:06.475Z,https://www.google.com/maps/place/COI/data=!4m7!3m6!1s0x53a023c07c556fa9:0x87235276295c0f44!8m2!3d53.541368!4d-113.501659!16s%2Fg%2F1thz1brl!19sChIJqW9VfMAjoFMRRA9cKXZSI4c
Canadian Tire,Home goods store,11839 Kingsway NW,3.9,3596,53.5668105,-113.5257361,53.5521992,-113.6795416,10288,TRUE,assembly line,2026-09-29T16:56:06.475Z,https://www.google.com/maps/place/Canadian+Tire/data=!4m7!3m6!1s0x53a023bf6c722045:0xc0366e5992af0bc2!8m2!3d53.5668105!4d-113.5257361!16s%2Fg%2F1tp2_1j9!19sChIJRSBybL8joFMRwguvklluNsA
Auto Imports,Auto repair shop,9904 75 Ave NW,4.6,1201,53.5116907,-113.4864932,53.5521992,-113.6795416,13531,TRUE,assembly line,2026-09-29T16:56:06.475Z,https://www.google.com/maps/place/Auto+Imports/data=!4m7!3m6!1s0x53a02209eb3a9f9f:0xa4a51fb077a80829!8m2!3d53.5116907!4d-113.4864932!16s%2Fg%2F1wcxcs9v!19sChIJn5866wkioFMRKQiod7AfpaQ
Laser Screen Printing & Embroidery,Promotional products supplier,5615 94a St NW,4.8,147,53.4924866,-113.4716423,53.5521992,-113.6795416,15263,TRUE,assembly line,2026-09-29T16:56:06.475Z,https://www.google.com/maps/place/Laser+Screen+Printing+%26+Embroidery/data=!4m7!3m6!1s0x53a018b8f820855b:0xe63e693bbdacc82!8m2!3d53.4924866!4d-113.4716423!16s%2Fg%2F1tgtf57v!19sChIJW4Ug-LgYoFMRgszau5PmYw4
Amcan Bearing Company,Bearing supplier,17885 106a Ave NW #101,3,2,53.5511632,-113.6312033,53.5521992,-113.6795416,3195,TRUE,machinery,2026-09-29T16:56:29.621Z,https://www.google.com/maps/place/Amcan+Bearing+Company/data=!4m7!3m6!1s0x53a020e037cb85dd:0x89dd3a5a607b9440!8m2!3d53.5511632!4d-113.6312033!16s%2Fg%2F1td09mmf!19sChIJ3YXLN-AgoFMRQJR7YFo63Yk
Eskimo Auto & Truck Parts,Used auto parts store,12940 53 St NW,4.1,475,53.5888525,-113.4232946,53.5521992,-113.6795416,17404,FALSE,assembly line,2026-09-29T16:56:06.475Z,https://www.google.com/maps/place/Eskimo+Auto+%26+Truck+Parts/data=!4m7!3m6!1s0x53a03ccbd3da6bb9:0x1a2a0b15de8dfac7!8m2!3d53.5888525!4d-113.4232946!16s%2Fg%2F1td7bvfl!19sChIJuWva08s8oFMRx_qN3hULKho
Racks For Cars - Edmonton South,Outdoor sports store,5605 99 St NW,4.6,864,53.4918609,-113.485734,53.5521992,-113.6795416,14462,TRUE,assembly line,2026-09-29T16:56:06.475Z,https://www.google.com/maps/place/Racks+For+Cars+-+Edmonton+South/data=!4m7!3m6!1s0x53a018ac7ac283a5:0x5b25718ef9d26b52!8m2!3d53.4918609!4d-113.485734!16s%2Fg%2F1tmqr0vr!19sChIJpYPCeqwYoFMRUmvS-Y5xJVs
ASR Moving Edmonton,Mover,10180 101 St NW #3400,4.9,479,53.5427777,-113.4944398,53.5521992,-113.6795416,12274,TRUE,assembly line,2026-09-29T16:56:06.475Z,https://www.google.com/maps/place/ASR+Moving+Edmonton/data=!4m7!3m6!1s0x53a0194d603bbc9f:0xd9d34b55432a2dc6!8m2!3d53.5427777!4d-113.4944398!16s%2Fg%2F11jccyfxs7!19sChIJn7w7YE0ZoFMRxi0qQ1VL09k
Imagine The Room,Cabinet store,7833 Coronet Rd NW,5,24,53.5056076,-113.4453843,53.5521992,-113.6795416,16321,TRUE,assembly line,2026-09-29T16:56:06.475Z,https://www.google.com/maps/place/Imagine+The+Room/data=!4m7!3m6!1s0x53a019d5c2e87525:0x9be7dd4277a6e96c!8m2!3d53.5056076!4d-113.4453843!16s%2Fg%2F11lc_3x14w!19sChIJJXXowtUZoFMRbOmmd0Ld55s
Staples,Office supply store,13118 50 St NW,3.9,920,53.5930024,-113.4176681,53.5521992,-113.6795416,17876,FALSE,assembly line,2026-09-29T16:56:06.475Z,https://www.google.com/maps/place/Staples/data=!4m7!3m6!1s0x53a03cc7e1fa3ef9:0xfa24103c51345da3!8m2!3d53.5930024!4d-113.4176681!16s%2Fg%2F1wk4crh0!19sChIJ-T764cc8oFMRo100UTwQJPo
Kemira Chemicals Canada Inc.,Chemical plant,11604 181 St NW,,,53.565245,-113.63644,53.5521992,-113.6795416,3195,TRUE,chemicals,2026-09-29T17:01:42.788Z,https://www.google.com/maps/place/Kemira+Chemicals+Canada+Inc./data=!4m7!3m6!1s0x53a0212a049f8e61:0x6a2808eded780e1c!8m2!3d53.565245!4d-113.63644!16s%2Fg%2F11s490k161!19sChIJYY6fBCohoFMRHA547e0IKGo
The Tint Factory,Window tinting service,17890 106 Ave NW #100,4.8,106,53.5503428,-113.6310235,53.5521992,-113.6795416,3212,TRUE,factory,2026-09-29T16:54:55.771Z,https://www.google.com/maps/place/The+Tint+Factory/data=!4m7!3m6!1s0x53a020dfbabceaad:0x949aa4fe08db39b5!8m2!3d53.5503428!4d-113.6310235!16s%2Fg%2F11bbt7lpz1!19sChIJreq8ut8goFMRtTnbCP6kmpQ
J V Machine & Power Train Works,Machine shop,15350 114 Ave NW 15350 114,4.4,18,53.563196,-113.586452,53.5521992,-113.6795416,6269,TRUE,machinery,2026-09-29T16:56:29.621Z,https://www.google.com/maps/place/J+V+Machine+%26+Power+Train+Works/data=!4m7!3m6!1s0x53a02143f3acd33d:0x9035f786df5cdeb1!8m2!3d53.563196!4d-113.586452!16s%2Fg%2F1v9lbg89!19sChIJPdOs80MhoFMRsd5c34b3NZA
Mainline Equipment,Equipment rental agency,14535 114 Ave NW,4.3,27,53.562408,-113.5729663,53.5521992,-113.6795416,7130,TRUE,machinery,2026-09-29T16:56:29.621Z,https://www.google.com/maps/place/Mainline+Equipment/data=!4m7!3m6!1s0x53a0247e344cb743:0x2492cb3db88865dc!8m2!3d53.562408!4d-113.5729663!16s%2Fg%2F1thggqb2!19sChIJQ7dMNH4koFMR3GWIuD3LkiQ
SMS Equipment Inc.,Construction equipment supplier,16116 111 Ave NW,3.1,16,53.5601844,-113.5997619,53.5521992,-113.6795416,5344,TRUE,machinery,2026-09-29T16:56:29.621Z,https://www.google.com/maps/place/SMS+Equipment+Inc./data=!4m7!3m6!1s0x53a0213efca93095:0xe1e626a520419855!8m2!3d53.5601844!4d-113.5997619!16s%2Fg%2F1tdfydlc!19sChIJlTCp_D4hoFMRVZhBIKUm5uE
Quality Building Maintenance,Property maintenance,17904 105 Ave NW #100,1,1,53.5490973,-113.63114,53.5521992,-113.6795416,3216,TRUE,maintenance,2026-09-29T17:09:57.777Z,https://www.google.com/maps/place/Quality+Building+Maintenance/data=!4m7!3m6!1s0x53a0216f6746db13:0xbe4b2cd5b1dcd16a!8m2!3d53.5490973!4d-113.63114!16s%2Fg%2F11sprjzxmy!19sChIJE9tGZ28hoFMRatHcsdUsS74
Liftboss JCB,Construction equipment supplier,18420 118a Ave NW,4.6,25,53.5709538,-113.6424575,53.5521992,-113.6795416,3217,TRUE,heavy equipment,2026-09-29T16:57:14.785Z,https://www.google.com/maps/place/Liftboss+JCB/data=!4m7!3m6!1s0x53a0233fbea243db:0xc7436febf4acdc35!8m2!3d53.5709538!4d-113.6424575!16s%2Fg%2F1thpwj7c!19sChIJ20Oivj8joFMRNdys9OtvQ8c
Green Tag Equipment Ltd.,Equipment rental agency,11654 156 St,5,15,53.5679644,-113.5912832,53.5521992,-113.6795416,6087,TRUE,machinery,2026-09-29T16:56:29.621Z,https://www.google.com/maps/place/Green+Tag+Equipment+Ltd./data=!4m7!3m6!1s0x421d8137b8a5552f:0xebdfa04292d3746!8m2!3d53.5679644!4d-113.5912832!16s%2Fg%2F11wx924s0n!19sChIJL1WluDeBHUIRRjctKQT6vQ4
AAA Precision Industries,Crane rental agency,15338 123 Ave NW #300,3.7,24,53.5770694,-113.5868163,53.5521992,-113.6795416,6719,TRUE,machinery,2026-09-29T16:56:29.621Z,https://www.google.com/maps/place/AAA+Precision+Industries/data=!4m7!3m6!1s0x53a021524ca50241:0x4e15a0583f263024!8m2!3d53.5770694!4d-113.5868163!16s%2Fg%2F11c1qmk_b7!19sChIJQQKlTFIhoFMRJDAmP1igFU4
LBI Distribution Industrial Supplies,Industrial supermarket,18420 118a Ave NW,5,6,53.5711212,-113.6425027,53.5521992,-113.6795416,3227,TRUE,Industrial,2026-09-29T16:54:16.371Z,https://www.google.com/maps/place/LBI+Distribution+Industrial+Supplies/data=!4m7!3m6!1s0x53a023e5206d533f:0xf8f5e2eaa63812b4!8m2!3d53.5711212!4d-113.6425027!16s%2Fg%2F11lg2p_0m_!19sChIJP1NtIOUjoFMRtBI4puri9fg
Headwater Equipment,Construction machine dealer,18104 111 Ave NW,4.6,11,53.5600217,-113.6324669,53.5521992,-113.6795416,3229,TRUE,machinery,2026-09-29T16:56:29.621Z,https://www.google.com/maps/place/Headwater+Equipment/data=!4m7!3m6!1s0x53a021291909f1ef:0xc6fdce5093ddc9ea!8m2!3d53.5600217!4d-113.6324669!16s%2Fg%2F11mvh17f3w!19sChIJ7_EJGSkhoFMR6sndk1DO_cY
CKE Machinery,Construction equipment supplier,13823 156 St,,,53.6007532,-113.5886901,53.5521992,-113.6795416,8070,TRUE,machinery,2026-09-29T16:56:29.621Z,https://www.google.com/maps/place/CKE+Machinery/data=!4m7!3m6!1s0x53a0241f02407a0d:0xd7e4ac58288bcc1a!8m2!3d53.6007532!4d-113.5886901!16s%2Fg%2F11y5vyp4pm!19sChIJDXpAAh8koFMRGsyLKFis5Nc
Foothills Steel Foundry,Steel fabricator,17838 106th Avenue E #100,,,53.5503255,-113.6307187,53.5521992,-113.6795416,3232,TRUE,foundry,2026-09-29T16:58:44.786Z,https://www.google.com/maps/place/Foothills+Steel+Foundry/data=!4m7!3m6!1s0x53a020de34b46849:0x9e17f640c7080221!8m2!3d53.5503255!4d-113.6307187!16s%2Fg%2F11btv67qm4!19sChIJSWi0NN4goFMRIQIIx0D2F54
Agri-Can Supply,Agricultural product wholesaler,11310 153 St NW,4.2,5,53.562213,-113.5846193,53.5521992,-113.6795416,6368,TRUE,machinery,2026-09-29T16:56:29.621Z,https://www.google.com/maps/place/Agri-Can+Supply/data=!4m7!3m6!1s0x53a021a053e50349:0xa5153320a05ff7d3!8m2!3d53.562213!4d-113.5846193!16s%2Fg%2F11yft66dnj!19sChIJSQPlU6AhoFMR0_dfoCAzFaU
Kenvo Technology Inc,Manufacturer,17878 106 Ave NW #100,5,1,53.5503419,-113.6306649,53.5521992,-113.6795416,3235,TRUE,machinery,2026-09-29T16:56:29.621Z,https://www.google.com/maps/place/Kenvo+Technology+Inc/data=!4m7!3m6!1s0x53a02147b8c9dd87:0x6ddb6f67112330a9!8m2!3d53.5503419!4d-113.6306649!16s%2Fg%2F1tf47v86!19sChIJh93JuEchoFMRqTAjEWdv220
Glen Machinery,Agricultural machinery manufacturer,460 Hemingway Rd NW #36,,,53.4972203,-113.6821883,53.5521992,-113.6795416,6116,TRUE,machinery,2026-09-29T16:56:29.621Z,https://www.google.com/maps/place/Glen+Machinery/data=!4m7!3m6!1s0x539f8a9489bc64e1:0xc7dfaa9d6507fb8f!8m2!3d53.4972203!4d-113.6821883!16s%2Fg%2F11q7zygszw!19sChIJ4WS8iZSKn1MRj_sHZZ2q38c
ID Industrial Inc.,,,,,53.553773,-113.630556,53.5521992,-113.6795416,3241,TRUE,Industrial,2026-09-29T16:54:16.371Z,https://www.google.com/maps/place/ID+Industrial+Inc./data=!4m7!3m6!1s0x53a020df34f9bc53:0xcbe4106b74cb52cf!8m2!3d53.553773!4d-113.630556!16s%2Fg%2F11b5wl66ph!19sChIJU7z5NN8goFMRz1LLdGsQ5Ms
Chem International,Cleaning products supplier,10770 180 St NW,,,53.5548331,-113.6306082,53.5521992,-113.6795416,3246,TRUE,chemicals,2026-09-29T17:01:42.788Z,https://www.google.com/maps/place/Chem+International/data=!4m7!3m6!1s0x53a020d8b70c338f:0xb8ef788fe0b1d215!8m2!3d53.5548331!4d-113.6306082!16s%2Fg%2F1tj_4y9x!19sChIJjzMMt9ggoFMRFdKx4I9477g
Edmonton Kubota Ltd.,Equipment supplier,15550 128 Ave NW,4.7,159,53.5855137,-113.5893501,53.5521992,-113.6795416,7014,TRUE,machinery,2026-09-29T16:56:29.621Z,https://www.google.com/maps/place/Edmonton+Kubota+Ltd./data=!4m7!3m6!1s0x53a026ac0eb65e13:0xcce5aef783a3d143!8m2!3d53.5855137!4d-113.5893501!16s%2Fg%2F11bwkl723t!19sChIJE162DqwmoFMRQ9Gjg_eu5cw
Crossman Automation Inc,Electric motor store,17908 105 Ave NW #100,,,53.5489594,-113.6304511,53.5521992,-113.6795416,3263,TRUE,machinery,2026-09-29T16:56:29.621Z,https://www.google.com/maps/place/Crossman+Automation+Inc/data=!4m7!3m6!1s0x53a020e0a8eeb35f:0xe531aa67c3c0d021!8m2!3d53.5489594!4d-113.6304511!16s%2Fg%2F1tl4cq7h!19sChIJX7PuqOAgoFMRIdDAw2eqMeU
Weldco Hydra-Lift,Hydraulic equipment supplier,12155 154 St,4,1,53.57423,-113.585623,53.5521992,-113.6795416,6669,TRUE,machinery,2026-09-29T16:56:29.621Z,https://www.google.com/maps/place/Weldco+Hydra-Lift/data=!4m7!3m6!1s0x53a0215196f03111:0x2cf2a706bdf7cad3!8m2!3d53.57423!4d-113.585623!16s%2Fg%2F11gfnhg90q!19sChIJETHwllEhoFMR08r3vQan8iw
True North Equipment Inc,Equipment supplier,16057 132 Ave NW,5,1,53.5905078,-113.5993125,53.5521992,-113.6795416,6798,TRUE,machinery,2026-09-29T16:56:29.621Z,https://www.google.com/maps/place/True+North+Equipment+Inc/data=!4m7!3m6!1s0x53a026a5782d591f:0xbb0c294432def32c!8m2!3d53.5905078!4d-113.5993125!16s%2Fg%2F11q94yw1zz!19sChIJH1kteKUmoFMRLPPeMkQpDLs
XCMG Canada Ltd.,Corporate office,18410 118a Ave NW,4.8,10,53.570919,-113.6414458,53.5521992,-113.6795416,3265,TRUE,machinery,2026-09-29T16:56:29.621Z,https://www.google.com/maps/place/XCMG+Canada+Ltd./data=!4m7!3m6!1s0x539f8f3ea91a68d5:0x19b8bcff1fe7b0a6!8m2!3d53.570919!4d-113.6414458!16s%2Fg%2F11kbkhd744!19sChIJ1WgaqT6Pn1MRprDnH_-8uBk
DSL Edmonton,Food machinery supplier,14520 128 Ave NW,4.2,20,53.585124,-113.571363,53.5521992,-113.6795416,8027,TRUE,machinery,2026-09-29T16:56:29.621Z,https://www.google.com/maps/place/DSL+Edmonton/data=!4m7!3m6!1s0x53a02400ba89d397:0xa02927c1562ca4cc!8m2!3d53.585124!4d-113.571363!16s%2Fg%2F1tdm7_n7!19sChIJl9OJugAkoFMRzKQsVsEnKaA
Complete Small Engine Parts And Repair,Small engine repair service,15304 116 Ave NW,3.9,107,53.5680467,-113.5844237,53.5521992,-113.6795416,6525,TRUE,machinery,2026-09-29T16:56:29.621Z,https://www.google.com/maps/place/Complete+Small+Engine+Parts+And+Repair/data=!4m7!3m6!1s0x53a021463697af27:0x38902a4248ff3f!8m2!3d53.5680467!4d-113.5844237!16s%2Fg%2F11c2lb86n5!19sChIJJ6-XNkYhoFMRP_9IQiqQOAA
Tsubaki Of Canada Limited,Manufacturer,12825 144 St NW,3,2,53.5865419,-113.5674218,53.5521992,-113.6795416,8330,TRUE,machinery,2026-09-29T16:56:29.621Z,https://www.google.com/maps/place/Tsubaki+Of+Canada+Limited/data=!4m7!3m6!1s0x53a018b47ca8b3fd:0x2a03b7a6b5abd183!8m2!3d53.5865419!4d-113.5674218!16s%2Fg%2F1w0h75p2!19sChIJ_bOofLQYoFMRg9Grtaa3Ayo
Faucher Industries Inc,Industrial equipment supplier,14530 121a Ave NW,,,53.5738103,-113.5711219,53.5521992,-113.6795416,7553,TRUE,machinery,2026-09-29T16:56:29.621Z,https://www.google.com/maps/place/Faucher+Industries+Inc/data=!4m7!3m6!1s0x53a02157ee68484b:0x5f81a92ed888f5b4!8m2!3d53.5738103!4d-113.5711219!16s%2Fg%2F1tw1dj0g!19sChIJS0ho7lchoFMRtPWI2C6pgV8
Welland Energy Services,Corporate office,17869 106a Ave NW #101,4,4,53.5511687,-113.6301073,53.5521992,-113.6795416,3268,TRUE,energy,2026-09-29T17:02:09.787Z,https://www.google.com/maps/place/Welland+Energy+Services/data=!4m7!3m6!1s0x53a020e08fbc47f9:0xdf2c7116289f89!8m2!3d53.5511687!4d-113.6301073!16s%2Fg%2F11b6bkhqk3!19sChIJ-Ue8j-AgoFMRiZ8oFnEs3wA
Wescor Food Equipment,Restaurant supply store,11825 145 St NW,4.4,35,53.5712752,-113.5706611,53.5521992,-113.6795416,7497,TRUE,machinery,2026-09-29T16:56:29.621Z,https://www.google.com/maps/place/Wescor+Food+Equipment/data=!4m7!3m6!1s0x53a021584972fa3f:0x790e9a729ce033ff!8m2!3d53.5712752!4d-113.5706611!16s%2Fg%2F1tfc68z2!19sChIJP_pySVghoFMR_zPgnHKaDnk
Industrial Floor Systems - Edmonton,Flooring contractor,17872 106 Ave NW Unit 101,5,1,53.5503184,-113.6301287,53.5521992,-113.6795416,3271,TRUE,Industrial,2026-09-29T16:54:16.371Z,https://www.google.com/maps/place/Industrial+Floor+Systems+-+Edmonton/data=!4m7!3m6!1s0x53a0215930afbc95:0xa22aa2fb2240825e!8m2!3d53.5503184!4d-113.6301287!16s%2Fg%2F1vgx0f9w!19sChIJlbyvMFkhoFMRXoJAIvuiKqI
A.B. Electrical Engineering Inc.,Engineering consultant,10743 180 St NW #201,5,1,53.55426,-113.62991,53.5521992,-113.6795416,3287,TRUE,electrical engineering,2026-09-29T17:06:40.778Z,https://www.google.com/maps/place/A.B.+Electrical+Engineering+Inc./data=!4m7!3m6!1s0x53a025b1a32b7cef:0x485a7a70ec2566e6!8m2!3d53.55426!4d-113.62991!16s%2Fg%2F1td04qz8!19sChIJ73wro7EloFMR5mYl7HB6Wkg
MTE Logistix,Logistics service,11010 178 St NW,3.3,36,53.5583392,-113.6306614,53.5521992,-113.6795416,3300,TRUE,supply chain,2026-09-29T17:10:38.282Z,https://www.google.com/maps/place/MTE+Logistix/data=!4m7!3m6!1s0x53a02127a8c0caab:0x487d24d116d99e6d!8m2!3d53.5583392!4d-113.6306614!16s%2Fg%2F1tx1swm3!19sChIJq8rAqCchoFMRbZ7ZFtEkfUg
Bandco Manufacturing Ltd.,Manufacturer,17850 105 Ave NW #100,5,2,53.5489926,-113.6295007,53.5521992,-113.6795416,3325,TRUE,manufacturing,2026-09-29T16:54:38.778Z,https://www.google.com/maps/place/Bandco+Manufacturing+Ltd./data=!4m7!3m6!1s0x53a020e09c723c15:0x852140ed6898addb!8m2!3d53.5489926!4d-113.6295007!16s%2Fg%2F11qg96svsp!19sChIJFTxynOAgoFMR262YaO1AIYU
SMS Equipment Inc.,Mining equipment,11285 274 St,4.5,41,53.5613688,-113.7776453,53.5521992,-113.6795416,6560,TRUE,machinery,2026-09-29T16:56:29.621Z,https://www.google.com/maps/place/SMS+Equipment+Inc./data=!4m7!3m6!1s0x539f899f25f492bf:0x81c68513b1a2480d!8m2!3d53.5613688!4d-113.7776453!16s%2Fg%2F1tdkrg_0!19sChIJv5L0JZ-Jn1MRDUiisROFxoE
H & H Component Services,Machining manufacturer,10771 180 St NW,,,53.555126,-113.6292293,53.5521992,-113.6795416,3339,TRUE,CNC,2026-09-29T16:58:34.784Z,https://www.google.com/maps/place/H+%26+H+Component+Services/data=!4m7!3m6!1s0x53a0214c12a49a3f:0x706e2769ec682e3b!8m2!3d53.555126!4d-113.6292293!16s%2Fg%2F11qt45m_3s!19sChIJP5qkEkwhoFMROy5o7GknbnA
JAPA Equipment Rentals Inc.,Equipment rental agency,10397 267 Street,5,17,53.5451179,-113.7687595,53.5521992,-113.6795416,5947,TRUE,machinery,2026-09-29T16:56:29.621Z,https://www.google.com/maps/place/JAPA+Equipment+Rentals+Inc./data=!4m7!3m6!1s0x539f8980df9a1763:0x1c8a629b2b464f20!8m2!3d53.5451179!4d-113.7687595!16s%2Fg%2F11b5wfftdn!19sChIJYxea34CJn1MRIE9GK5tiihw
Val Brig Equipment Sales,Equipment supplier,10160 115 St NW,4.2,20,53.542372,-113.5197209,53.5521992,-113.6795416,10615,TRUE,machinery,2026-09-29T16:56:29.621Z,https://www.google.com/maps/place/Val+Brig+Equipment+Sales/data=!4m7!3m6!1s0x53a02231eb2c6b3f:0x2cd1eb60e2a60a07!8m2!3d53.542372!4d-113.5197209!16s%2Fg%2F11b5wv0tpb!19sChIJP2ss6zEioFMRBwqm4mDr0Sw
Tortuga Production & Design,Graphic designer,"Weber greens drive, 199 St NW",5,1,53.523434,-113.664369,53.5521992,-113.6795416,3352,TRUE,production,2026-09-29T16:55:54.386Z,https://www.google.com/maps/place/Tortuga+Production+%26+Design/data=!4m7!3m6!1s0x53a021c8103454c7:0x83eb9742c4c11008!8m2!3d53.523434!4d-113.664369!16s%2Fg%2F11gph8cwfq!19sChIJx1Q0EMghoFMRCBDBxEKX64M
Metal Supermarkets Edmonton (West),Metal supplier,11451 156 Street Northwest,4.8,243,53.564365,-113.589955,53.5521992,-113.6795416,6070,TRUE,machinery,2026-09-29T16:56:29.621Z,https://www.google.com/maps/place/Metal+Supermarkets+Edmonton+%28West%29/data=!4m7!3m6!1s0x53a02146bc96b27b:0x1a12de5c7fee8163!8m2!3d53.564365!4d-113.589955!16s%2Fg%2F1tdk9rx2!19sChIJe7KWvEYhoFMRY4Huf1zeEho
Emerald Equipment Inc. - Edmonton,Construction machine dealer,10397 267 St,,,53.5448357,-113.7691763,53.5521992,-113.6795416,5978,TRUE,machinery,2026-09-29T16:56:29.621Z,https://www.google.com/maps/place/Emerald+Equipment+Inc.+-+Edmonton/data=!4m7!3m6!1s0x539f89c8ab2c627d:0xcd4973b6918f9b05!8m2!3d53.5448357!4d-113.7691763!16s%2Fg%2F11nhj301xf!19sChIJfWIsq8iJn1MRBZuPkbZzSc0
Akhurst Machinery Limited,Industrial equipment supplier,9615 63 Ave,5,8,53.4995904,-113.4771072,53.5521992,-113.6795416,14604,TRUE,machinery,2026-09-29T16:56:29.621Z,https://www.google.com/maps/place/Akhurst+Machinery+Limited/data=!4m7!3m6!1s0x53a018bb3af4581b:0xd5386e5340de73e9!8m2!3d53.4995904!4d-113.4771072!16s%2Fg%2F1tj4yd1m!19sChIJG1j0OrsYoFMR6XPeQFNuONU
West-Met Tool & Machinery Ltd,Machine shop,9205 51 Ave NW,2.8,4,53.4873099,-113.4696864,53.5521992,-113.6795416,15638,TRUE,machinery,2026-09-29T16:56:29.621Z,https://www.google.com/maps/place/West-Met+Tool+%26+Machinery+Ltd/data=!4m7!3m6!1s0x53a018c65368ff21:0x90fe124824727513!8m2!3d53.4873099!4d-113.4696864!16s%2Fg%2F1td9_c7g!19sChIJIf9oU8YYoFMRE3VyJEgS_pA
Alpha Adroit Engineering  Geotechnical Engineering and Concrete Testing,Engineering consultant,17816 105 Ave NW,4.1,30,53.5489422,-113.6289441,53.5521992,-113.6795416,3362,TRUE,engineering,2026-09-29T17:05:55.774Z,https://www.google.com/maps/place/Alpha+Adroit+Engineering+%E2%80%94+Geotechnical+Engineering+and+Concrete+Testing/data=!4m7!3m6!1s0x53a020df463c36c7:0x13a4aa617a232907!8m2!3d53.5489422!4d-113.6289441!16s%2Fg%2F11bwflx5fq!19sChIJxzY8Rt8goFMRBykjemGqpBM
LaMarche Machinery Inc,Metal machinery supplier,8821 60 Ave NW,5,1,53.4956579,-113.463141,53.5521992,-113.6795416,15626,TRUE,machinery,2026-09-29T16:56:29.621Z,https://www.google.com/maps/place/LaMarche+Machinery+Inc/data=!4m7!3m6!1s0x53a018be486bc23b:0xd06fbc6ca04af1ff!8m2!3d53.4956579!4d-113.463141!16s%2Fg%2F11b5wqc7b_!19sChIJO8JrSL4YoFMR__FKoGy8b9A
Finning Canada Heavy Rentals,Construction equipment supplier,10430 178 St NW,3.6,7,53.547118,-113.6293148,53.5521992,-113.6795416,3366,TRUE,machinery,2026-09-29T16:56:29.621Z,https://www.google.com/maps/place/Finning+Canada+Heavy+Rentals/data=!4m7!3m6!1s0x53a020e668b9a8b1:0x3d86a7be9a3ec571!8m2!3d53.547118!4d-113.6293148!16s%2Fg%2F11bw519nbm!19sChIJsai5aOYgoFMRccU-mr6nhj0
RAPTOR Mining,Mining equipment,18131 118 Ave NW,4.3,27,53.5681947,-113.6362187,53.5521992,-113.6795416,3369,TRUE,mining,2026-09-29T17:00:54.785Z,https://www.google.com/maps/place/RAPTOR+Mining/data=!4m7!3m6!1s0x53a021409507cfeb:0x4fbabebdbd8dd0b!8m2!3d53.5681947!4d-113.6362187!16s%2Fg%2F1pzrpffg4!19sChIJ688HlUAhoFMRC93Y2-ur-wQ
Fresh Produce Box LE SUPPORT,Food products supplier,17818 107 Ave NW,,,53.5535786,-113.6285678,53.5521992,-113.6795416,3371,TRUE,production,2026-09-29T16:55:54.386Z,https://www.google.com/maps/place/Fresh+Produce+Box+LE+SUPPORT/data=!4m7!3m6!1s0x53a021c567af483b:0x52439851fa808dcf!8m2!3d53.5535786!4d-113.6285678!16s%2Fg%2F11nbnh2cv0!19sChIJO0ivZ8UhoFMRz42A-lGYQ1I
Wanshing Machinery Edmonton,Forklift dealer,9835 42 Ave NW,4.5,8,53.478376,-113.4842552,53.5521992,-113.6795416,15300,TRUE,machinery,2026-09-29T16:56:29.621Z,https://www.google.com/maps/place/Wanshing+Machinery+Edmonton/data=!4m7!3m6!1s0x53a01fe24bdb0d37:0xe62d793709db3404!8m2!3d53.478376!4d-113.4842552!16s%2Fg%2F11wr3mr9lg!19sChIJNw3bS-IfoFMRBDTbCTd5LeY
Wajax,Industrial equipment supplier,11061 269 St,4,5,53.5568813,-113.7689248,53.5521992,-113.6795416,5927,TRUE,machinery,2026-09-29T16:56:29.621Z,https://www.google.com/maps/place/Wajax/data=!4m7!3m6!1s0x53a020e03e845ad1:0x766496457691d955!8m2!3d53.5568813!4d-113.7689248!16s%2Fg%2F12hkhnkkt!19sChIJ0VqEPuAgoFMRVdmRdkWWZHY
Rusty's Equipment & General Hauling Ltd,Machine maintenance service,14240 141 St NW,3.5,8,53.604494,-113.5639289,53.5521992,-113.6795416,9595,TRUE,machinery,2026-09-29T16:56:29.621Z,https://www.google.com/maps/place/Rusty%27s+Equipment+%26+General+Hauling+Ltd/data=!4m7!3m6!1s0x53a02414f067b16f:0xdaaba7c3d169d3cf!8m2!3d53.604494!4d-113.5639289!16s%2Fg%2F1tjfgjc3!19sChIJb7Fn8BQkoFMRz9Np0cOnq9o
Copperstone Technologies Ltd.,Mining equipment,15712 112 Ave NW,,,53.5615898,-113.5937834,53.5521992,-113.6795416,5760,TRUE,machinery,2026-09-29T16:56:29.621Z,https://www.google.com/maps/place/Copperstone+Technologies+Ltd./data=!4m7!3m6!1s0x53a021bf5290825d:0xcfe7ad3d9be5d60a!8m2!3d53.5615898!4d-113.5937834!16s%2Fg%2F11j1sqxbkf!19sChIJXYKQUr8hoFMRCtblmz2t588
Adrenaline Diesel,Diesel engine repair service,13019 151 St NW,4.7,188,53.589467,-113.5805308,53.5521992,-113.6795416,7740,TRUE,machinery,2026-09-29T16:56:29.621Z,https://www.google.com/maps/place/Adrenaline+Diesel/data=!4m7!3m6!1s0x53a026b9cb01aeab:0x2a221a16032472de!8m2!3d53.589467!4d-113.5805308!16s%2Fg%2F11b5wkp066!19sChIJq64By7kmoFMR3nIkAxYaIio
Midwest Developments A Division Of Midwest Furnishings & Supplies Ltd,General contractor,15150 123 Ave NW,3.8,4,53.5769953,-113.5819469,53.5521992,-113.6795416,7010,TRUE,machinery,2026-09-29T16:56:29.621Z,https://www.google.com/maps/place/Midwest+Developments+A+Division+Of+Midwest+Furnishings+%26+Supplies+Ltd/data=!4m7!3m6!1s0x53a02153f8fc366f:0x574c050e78513aa3!8m2!3d53.5769953!4d-113.5819469!16s%2Fg%2F1tdqzd9t!19sChIJbzb8-FMhoFMRozpReA4FTFc
Styletex Manufacturing Ltd,Manufacturer,17816 107 Ave NW,,,53.55362,-113.628545,53.5521992,-113.6795416,3372,TRUE,manufacturing,2026-09-29T16:54:38.778Z,https://www.google.com/maps/place/Styletex+Manufacturing+Ltd/data=!4m7!3m6!1s0x53a020df69a07e31:0x64349e7e21ac4fab!8m2!3d53.55362!4d-113.628545!16s%2Fg%2F1th5c7t5!19sChIJMX6gad8goFMRq0-sIX6eNGQ
Beaver Electrical Machinery,Electrical products wholesaler,27645 100 Ave #103,5,1,53.540615,-113.7842068,53.5521992,-113.6795416,7034,TRUE,machinery,2026-09-29T16:56:29.621Z,https://www.google.com/maps/place/Beaver+Electrical+Machinery/data=!4m7!3m6!1s0x539f8960e5f1e4bf:0xdd13aeb0562181d2!8m2!3d53.540615!4d-113.7842068!16s%2Fg%2F11njcp1q_n!19sChIJv-Tx5WCJn1MR0oEhVrCuE90
Alberta Construction Training Institute Edmonton ACTC,Training center,15210 123 Ave NW,4.8,6,53.5774959,-113.5834547,53.5521992,-113.6795416,6941,TRUE,machinery,2026-09-29T16:56:29.621Z,https://www.google.com/maps/place/Alberta+Construction+Training+Institute+Edmonton+ACTC/data=!4m7!3m6!1s0x53a03da27a3458cd:0xe8263f18be734488!8m2!3d53.5774959!4d-113.5834547!16s%2Fg%2F11c2q5r7rt!19sChIJzVg0eqI9oFMRiERzvhg_Jug
Pipeline Machinery International ULC,Construction machine rental service,27326 92 Ave,4.4,9,53.525048,-113.7781758,53.5521992,-113.6795416,7183,TRUE,machinery,2026-09-29T16:56:29.621Z,https://www.google.com/maps/place/Pipeline+Machinery+International+ULC/data=!4m7!3m6!1s0x539f8959fc1a64c1:0x8f076c885333d5e4!8m2!3d53.525048!4d-113.7781758!16s%2Fg%2F11j8w21479!19sChIJwWQa_FmJn1MR5NUzU4hsB48
Motion Machinery Ltd.,Truck parts supplier,28007 AB-16,4.4,12,53.5687151,-113.9892021,53.5521992,-113.6795416,20534,FALSE,machinery,2026-09-29T16:56:29.621Z,https://www.google.com/maps/place/Motion+Machinery+Ltd./data=!4m7!3m6!1s0x53a020b025964751:0xc504e8b97943eb0!8m2!3d53.5687151!4d-113.9892021!16s%2Fg%2F1twyz6pc!19sChIJUUeWJbAgoFMRsD6Ul4tOUAw
Manufactree Products Inc.,,,5,1,53.5266401,-113.4926628,53.5521992,-113.6795416,12672,TRUE,machinery,2026-09-29T16:56:29.621Z,https://www.google.com/maps/place/Manufactree+Products+Inc./data=!4m7!3m6!1s0x4de698745da7f421:0x482e3cf1fe7a1282!8m2!3d53.5266401!4d-113.4926628!16s%2Fg%2F11t32rydtb!19sChIJIfSnXXSY5k0RghJ6_vE8Lkg
Cool Air Rentals Ltd. - Edmonton,Equipment rental agency,3816 56 Avenue Northwest,4.3,16,53.493326,-113.401506,53.5521992,-113.6795416,19511,FALSE,machinery,2026-09-29T16:56:29.621Z,https://www.google.com/maps/place/Cool+Air+Rentals+Ltd.+-+Edmonton/data=!4m7!3m6!1s0x53a018cd919679a7:0xe5561a9e4c812387!8m2!3d53.493326!4d-113.401506!16s%2Fg%2F11c2k33522!19sChIJp3mWkc0YoFMRhyOBTJ4aVuU
OC100 Forklifts,Forklift dealer,14219 130 Ave NW,4.6,9,53.588091,-113.5674371,53.5521992,-113.6795416,8410,TRUE,machinery,2026-09-29T16:56:29.621Z,https://www.google.com/maps/place/OC100+Forklifts/data=!4m7!3m6!1s0x53a0258148258439:0x4ee9aed3bdb43235!8m2!3d53.588091!4d-113.5674371!16s%2Fg%2F11pts5f2g3!19sChIJOYQlSIEloFMRNTK0vdOu6U4
Thomas Skinner,Machine shop,9407 51 Ave NW,4.9,11,53.4876724,-113.4737482,53.5521992,-113.6795416,15381,TRUE,machinery,2026-09-29T16:56:29.621Z,https://www.google.com/maps/place/Thomas+Skinner/data=!4m7!3m6!1s0x53a018c86e11cc19:0xb32c644e2f470ff3!8m2!3d53.4876724!4d-113.4737482!16s%2Fg%2F1v9gjpbm!19sChIJGcwRbsgYoFMR8w9HL05kLLM
NTRG Manufacturing Inc,Manufacturer,17808 105 Ave NW #201,,,53.5494631,-113.6282283,53.5521992,-113.6795416,3403,TRUE,manufacturing,2026-09-29T16:54:38.778Z,https://www.google.com/maps/place/NTRG+Manufacturing+Inc/data=!4m7!3m6!1s0x53a02389f81fec69:0xec8f89fc1d4b29f9!8m2!3d53.5494631!4d-113.6282283!16s%2Fg%2F11p_67lc_f!19sChIJaewf-IkjoFMR-SlLHfyJj-w
Alaska Machine & Manufacturing,Machine shop,5820 96 St NW,5,9,53.4944017,-113.4772936,53.5521992,-113.6795416,14834,TRUE,machinery,2026-09-29T16:56:29.621Z,https://www.google.com/maps/place/Alaska+Machine+%26+Manufacturing/data=!4m7!3m6!1s0x53a018c1b19e87cd:0x2f57e9601d0709cf!8m2!3d53.4944017!4d-113.4772936!16s%2Fg%2F1tvrzdjs!19sChIJzYeescEYoFMRzwkHHWDpVy8
Finning Canada - General Line Equipment,Construction equipment supplier,10430 178 St NW,4.2,11,53.547065,-113.628676,53.5521992,-113.6795416,3409,TRUE,machinery,2026-09-29T16:56:29.621Z,https://www.google.com/maps/place/Finning+Canada+-+General+Line+Equipment/data=!4m7!3m6!1s0x53a020e0efac323d:0x59831a983ac1d6a3!8m2!3d53.547065!4d-113.628676!16s%2Fg%2F1tykv1pw!19sChIJPTKs7-AgoFMRo9bBOpgag1k
Alberta Millwrights Local 1460,Corporate campus,15210 123 Ave NW Ste 201,4.6,10,53.5774959,-113.5834547,53.5521992,-113.6795416,6941,TRUE,machinery,2026-09-29T16:56:29.621Z,https://www.google.com/maps/place/Alberta+Millwrights+Local+1460/data=!4m7!3m6!1s0x53a02153ec3cb0e9:0x1a2d1b3b1e40eb13!8m2!3d53.5774959!4d-113.5834547!16s%2Fg%2F11b6bqj7px!19sChIJ6bA87FMhoFMRE-tAHjsbLRo
General Metal Machinery Ltd,Sheet metal contractor,6239 88 St NW,5,2,53.498693,-113.462512,53.5521992,-113.6795416,15531,TRUE,machinery,2026-09-29T16:56:29.621Z,https://www.google.com/maps/place/General+Metal+Machinery+Ltd/data=!4m7!3m6!1s0x53a01896170decd5:0xa2c5e90f9023f735!8m2!3d53.498693!4d-113.462512!16s%2Fg%2F1tg7rpyp!19sChIJ1ewNF5YYoFMRNfcjkA_pxaI
London Machinery Inc,,,5,2,53.6375787,-113.5694917,53.5521992,-113.6795416,11953,TRUE,machinery,2026-09-29T16:56:29.621Z,https://www.google.com/maps/place/London+Machinery+Inc/data=!4m7!3m6!1s0x53a025ae3cbe4bcd:0x63ef708a104d556c!8m2!3d53.6375787!4d-113.5694917!16s%2Fg%2F11j00sgftd!19sChIJzUu-PK4loFMRbFVNEIpw72M
A P L Machine Tool Ltd,Machine repair service,6311 76 Ave NW,4.3,6,53.5116174,-113.4282434,53.5521992,-113.6795416,17211,FALSE,machinery,2026-09-29T16:56:29.621Z,https://www.google.com/maps/place/A+P+L+Machine+Tool+Ltd/data=!4m7!3m6!1s0x53a0187b67149b29:0x3352c5d88e2878db!8m2!3d53.5116174!4d-113.4282434!16s%2Fg%2F1whdj0kh!19sChIJKZsUZ3sYoFMR23gojtjFUjM
Dunrite Vibrator (1985) Edm Ltd,Hardware store,12820 141 St NW,4.7,7,53.5853749,-113.5641416,53.5521992,-113.6795416,8466,TRUE,machinery,2026-09-29T16:56:29.621Z,https://www.google.com/maps/place/Dunrite+Vibrator+%281985%29+Edm+Ltd/data=!4m7!3m6!1s0x53a023f8735d7e1b:0x598f8f291560e13e!8m2!3d53.5853749!4d-113.5641416!16s%2Fg%2F1tm8dnxz!19sChIJG35dc_gjoFMRPuFgFSmPj1k
TON Infrastructure,Manufacturer,12220 Stony Plain Rd Unit 600,3.7,3,53.5468217,-113.5335961,53.5521992,-113.6795416,9660,TRUE,machinery,2026-09-29T16:56:29.621Z,https://www.google.com/maps/place/TON+Infrastructure/data=!4m7!3m6!1s0x53a023d348c6a6e9:0xa8ccf0846997e87!8m2!3d53.5468217!4d-113.5335961!16s%2Fg%2F11y8z2q1rc!19sChIJ6abGSNMjoFMRh36ZRgjPjAo
Edmonton Small Engine Repair and Evaluation,Small engine repair service,14224 101 Ave NW,5,114,53.541664,-113.5670115,53.5521992,-113.6795416,7526,TRUE,machinery,2026-09-29T16:56:29.621Z,https://www.google.com/maps/place/Edmonton+Small+Engine+Repair+and+Evaluation/data=!4m7!3m6!1s0x53a02169256d061d:0x8d603ab73cd6cb15!8m2!3d53.541664!4d-113.5670115!16s%2Fg%2F11tmtv2r41!19sChIJHQZtJWkhoFMRFcvWPLc6YI0
Global Wholesale Machinery - heavy equipment dealer in Edmonton,Construction machine dealer,2808 5 St Unit 104,4.1,9,53.3640381,-113.528102,53.5521992,-113.6795416,23201,FALSE,machinery,2026-09-29T16:56:29.621Z,https://www.google.com/maps/place/Global+Wholesale+Machinery+-+heavy+equipment+dealer+in+Edmonton/data=!4m7!3m6!1s0x53a01dc0c24eab8f:0x9ee3a3a97e44a345!8m2!3d53.3640381!4d-113.528102!16s%2Fg%2F11tp1pp3zt!19sChIJj6tOwsAdoFMRRaNEfqmj454
PJ Moving Solutions,Mover,11203 180 St NW,4.7,82,53.5609924,-113.6300111,53.5521992,-113.6795416,3415,TRUE,assembly line,2026-09-29T16:56:06.475Z,https://www.google.com/maps/place/PJ+Moving+Solutions/data=!4m7!3m6!1s0x53a025d17b679735:0x4e976fa503c7d3e9!8m2!3d53.5609924!4d-113.6300111!16s%2Fg%2F11fj1ldlpy!19sChIJNZdne9EloFMR6dPHA6Vvl04
Talent Productions Inc,DJ service,17808 105 Ave NW,5,444,53.5490299,-113.6280824,53.5521992,-113.6795416,3418,TRUE,production,2026-09-29T16:55:54.386Z,https://www.google.com/maps/place/Talent+Productions+Inc/data=!4m7!3m6!1s0x53a019b69faf3fff:0xa9e447e86abd0563!8m2!3d53.5490299!4d-113.6280824!16s%2Fg%2F11f6508xty!19sChIJ_z-vn7YZoFMRYwW9auhH5Kk
McCann Equipment Ltd.,Tool rental service,4817 89 St NW,4,9,53.4854504,-113.4625667,53.5521992,-113.6795416,16151,TRUE,machinery,2026-09-29T16:56:29.621Z,https://www.google.com/maps/place/McCann+Equipment+Ltd./data=!4m7!3m6!1s0x53a018c43c7e2347:0xf1bf4fd3c9f28243!8m2!3d53.4854504!4d-113.4625667!16s%2Fg%2F11b6mplwws!19sChIJRyN-PMQYoFMRQ4LyydNPv_E
Multotec Canada Ltd.,Industrial equipment supplier,10050 112 St NW STE 904,,,53.5400393,-113.5144099,53.5521992,-113.6795416,10994,TRUE,machinery,2026-09-29T16:56:29.621Z,https://www.google.com/maps/place/Multotec+Canada+Ltd./data=!4m7!3m6!1s0x53a022308cc9912d:0x599e6ae6ed676609!8m2!3d53.5400393!4d-113.5144099!16s%2Fg%2F11gfmcn247!19sChIJLZHJjDAioFMRCWZn7eZqnlk
Redseal Food equipment,Food machinery supplier,12251 William Short Rd NW,4.6,29,53.5780068,-113.4553576,53.5521992,-113.6795416,15081,TRUE,machinery,2026-09-29T16:56:29.621Z,https://www.google.com/maps/place/Redseal+Food+equipment/data=!4m7!3m6!1s0x53a0233af1a31afd:0x7f161a8c5ce04f00!8m2!3d53.5780068!4d-113.4553576!16s%2Fg%2F11b5wl757g!19sChIJ_Rqj8TojoFMRAE_gXIwaFn8
Tigris Construction Ltd.,Construction company,14518A 115a Ave NW,4.6,10,53.5662877,-113.5716071,53.5521992,-113.6795416,7299,TRUE,machinery,2026-09-29T16:56:29.621Z,https://www.google.com/maps/place/Tigris+Construction+Ltd./data=!4m7!3m6!1s0x53a02187f1b25d55:0x374a4dd69fe7a22d!8m2!3d53.5662877!4d-113.5716071!16s%2Fg%2F11flbd0pgm!19sChIJVV2y8YchoFMRLaLnn9ZNSjc
CVL Engineers Inc.,Engineer,10532 178 St NW #202,4.8,19,53.5495498,-113.627958,53.5521992,-113.6795416,3420,TRUE,engineering,2026-09-29T17:05:55.774Z,https://www.google.com/maps/place/CVL+Engineers+Inc./data=!4m7!3m6!1s0x53a020ddee6aaaab:0x771ab548d8dec1f0!8m2!3d53.5495498!4d-113.627958!16s%2Fg%2F11dxh9mfkf!19sChIJq6pq7t0goFMR8MHe2Ei1Gnc
PSI Fluid Power Ltd.,Hydraulic equipment supplier,4210 51 Avenue Northwest,4.3,7,53.488407,-113.406831,53.5521992,-113.6795416,19374,FALSE,equipment,2026-09-29T16:56:42.784Z,https://www.google.com/maps/place/PSI+Fluid+Power+Ltd./data=!4m7!3m6!1s0x53a01856cb3dc681:0x77089487979a8556!8m2!3d53.488407!4d-113.406831!16s%2Fg%2F1tlvp6c3!19sChIJgcY9y1YYoFMRVoWal4eUCHc
Liftex Equipment Rentals Inc,Equipment rental agency,12855 156 St,4.8,38,53.5861247,-113.5894402,53.5521992,-113.6795416,7045,TRUE,equipment,2026-09-29T16:56:42.784Z,https://www.google.com/maps/place/Liftex+Equipment+Rentals+Inc/data=!4m7!3m6!1s0x53a026af582979dd:0x9a3df89f9d40d9b3!8m2!3d53.5861247!4d-113.5894402!16s%2Fg%2F1thx3qtg!19sChIJ3XkpWK8moFMRs9lAnZ_4PZo
Barda Equipment,Construction equipment supplier,11320 156 St,4.3,36,53.5627561,-113.5908528,53.5521992,-113.6795416,5974,TRUE,equipment,2026-09-29T16:56:42.784Z,https://www.google.com/maps/place/Barda+Equipment/data=!4m7!3m6!1s0x53a0214106c7cecd:0xab8a28693080ea42!8m2!3d53.5627561!4d-113.5908528!16s%2Fg%2F11btv659x7!19sChIJzc7HBkEhoFMRQuqAMGkoiqs
Taber Solids Control (1998) Ltd,Oil field equipment supplier,3805 69 Avenue Northwest,4.9,14,53.505506,-113.401446,53.5521992,-113.6795416,19100,FALSE,industrial machinery,2026-09-29T16:56:59.777Z,https://www.google.com/maps/place/Taber+Solids+Control+%281998%29+Ltd/data=!4m7!3m6!1s0x53a0186a131bfb6d:0x8804775369bf7ea6!8m2!3d53.505506!4d-113.401446!16s%2Fg%2F1w45592p!19sChIJbfsbE2oYoFMRpn6_aVN3BIg
Technichrome Industries Ltd,Hydraulic repair service,10442 David Road,4.5,8,53.545359,-113.777848,53.5521992,-113.6795416,6539,TRUE,industrial machinery,2026-09-29T16:56:59.777Z,https://www.google.com/maps/place/Technichrome+Industries+Ltd/data=!4m7!3m6!1s0x539f896328e73731:0x92692fad6d5d1ae3!8m2!3d53.545359!4d-113.777848!16s%2Fg%2F1th0b3c9!19sChIJMTfnKGOJn1MR4xpdba0vaZI
Unicon Concrete Specialties Ltd,Construction equipment supplier,11740 156 St,4.5,292,53.5698717,-113.5910979,53.5521992,-113.6795416,6163,TRUE,industrial machinery,2026-09-29T16:56:59.777Z,https://www.google.com/maps/place/Unicon+Concrete+Specialties+Ltd/data=!4m7!3m6!1s0x53a02405ad6443e5:0x5fb1797fc89099c7!8m2!3d53.5698717!4d-113.5910979!16s%2Fg%2F1w9y0snb!19sChIJ5UNkrQUkoFMRx5mQyH95sV8
Boreal Machine Inc,Machine shop,14525 119 Ave NW,5,5,53.5714124,-113.5723836,53.5521992,-113.6795416,7393,TRUE,industrial machinery,2026-09-29T16:56:59.777Z,https://www.google.com/maps/place/Boreal+Machine+Inc/data=!4m7!3m6!1s0x53a0215830b49003:0x2ff0094fb93e7bf!8m2!3d53.5714124!4d-113.5723836!16s%2Fg%2F1vl5gg4y!19sChIJA5C0MFghoFMRv-eT-5QA_wI
Allegra Marketing Print Mail,Print shop,10520 178 St NW #101,5,52,53.549153,-113.627975,53.5521992,-113.6795416,3423,TRUE,stamping,2026-09-29T16:59:31.784Z,https://www.google.com/maps/place/Allegra+Marketing+Print+Mail/data=!4m7!3m6!1s0x53a02118ad0052bd:0x4478cced43832b0a!8m2!3d53.549153!4d-113.627975!16s%2Fg%2F1tzgj9k4!19sChIJvVIArRghoFMRCiuDQ-3MeEQ
Kalkatic Engineering Ltd,Structural engineer,10520 178 St NW #200,4.8,5,53.5492106,-113.6279702,53.5521992,-113.6795416,3423,TRUE,engineering,2026-09-29T17:05:55.774Z,https://www.google.com/maps/place/Kalkatic+Engineering+Ltd/data=!4m7!3m6!1s0x53a021189b4bddd7:0x35450240f64408d!8m2!3d53.5492106!4d-113.6279702!16s%2Fg%2F11c0vk5cf7!19sChIJ191LmxghoFMRjUBkDyRQVAM
Danatec,Training center,15315 123 Ave NW #150,4.8,179,53.5763226,-113.5854306,53.5521992,-113.6795416,6769,TRUE,heavy equipment,2026-09-29T16:57:14.785Z,https://www.google.com/maps/place/Danatec/data=!4m7!3m6!1s0x5371774174f89439:0x8d31b12d18280a50!8m2!3d53.5763226!4d-113.5854306!16s%2Fg%2F1tptq8th!19sChIJOZT4dEF3cVMRUAooGC2xMY0
Linde Canada Inc.,Industrial gas supplier,10804 178 St NW #100,4.8,62,53.55552,-113.62791,53.5521992,-113.6795416,3431,TRUE,PLC,2026-09-29T17:07:40.777Z,https://www.google.com/maps/place/Linde+Canada+Inc./data=!4m7!3m6!1s0x53a021274d86e729:0x5390d1b7f7e7d27a!8m2!3d53.55552!4d-113.62791!16s%2Fg%2F1th1tqy6!19sChIJKeeGTSchoFMRetLn97fRkFM
Allwest Plastic Fabricators,Plastic fabrication company,15367 117 Ave NW,4,19,53.569004,-113.58535,53.5521992,-113.6795416,6496,TRUE,fabrication,2026-09-29T16:57:30.777Z,https://www.google.com/maps/place/Allwest+Plastic+Fabricators/data=!4m7!3m6!1s0x53a023e2107cdb43:0x28ee93ab868a5624!8m2!3d53.569004!4d-113.58535!16s%2Fg%2F1tf6g9wq!19sChIJQ9t8EOIjoFMRJFaKhquT7ig
Wholesale Bevel & Edge Ltd.,Glass manufacturer,11831 152 St NW,4.6,129,53.5712632,-113.5831494,53.5521992,-113.6795416,6710,TRUE,fabrication,2026-09-29T16:57:30.777Z,https://www.google.com/maps/place/Wholesale+Bevel+%26+Edge+Ltd./data=!4m7!3m6!1s0x53a021506c97dbf1:0xf86cfe922187ab3d!8m2!3d53.5712632!4d-113.5831494!16s%2Fg%2F1w8w9px6!19sChIJ8duXbFAhoFMRPauHIZL-bPg
Pulse Metalworks Ltd.,Metal fabricator,14509 118 Ave NW,5,32,53.5700535,-113.5716584,53.5521992,-113.6795416,7397,TRUE,fabrication,2026-09-29T16:57:30.777Z,https://www.google.com/maps/place/Pulse+Metalworks+Ltd./data=!4m7!3m6!1s0x53a022eddf32de45:0x991a139d046b33d6!8m2!3d53.5700535!4d-113.5716584!16s%2Fg%2F11bycrsmfm!19sChIJRd4y3-0ioFMR1jNrBJ0TGpk
Midwest Fabricators Ltd.,Metal fabricator,16310 121a Ave NW,4.9,15,53.5742424,-113.6035245,53.5521992,-113.6795416,5587,TRUE,fabrication,2026-09-29T16:57:30.777Z,https://www.google.com/maps/place/Midwest+Fabricators+Ltd./data=!4m7!3m6!1s0x53a021518a18edb9:0x6fb7b10795a3efb5!8m2!3d53.5742424!4d-113.6035245!16s%2Fg%2F1v96lgt7!19sChIJue0YilEhoFMRte-jlQext28
STH Welding,Metal fabricator,11920 145 St NW,4.6,43,53.5718791,-113.5715414,53.5521992,-113.6795416,7461,TRUE,fabrication,2026-09-29T16:57:30.777Z,https://www.google.com/maps/place/STH+Welding/data=!4m7!3m6!1s0x53a021439a1f75a1:0x47ef300be4bf1d58!8m2!3d53.5718791!4d-113.5715414!16s%2Fg%2F1tqpyy7p!19sChIJoXUfmkMhoFMRWB2_5Asw70c
Evolved Autoworks,Auto repair shop,11711 154 St,5,94,53.570025,-113.5865821,53.5521992,-113.6795416,6452,TRUE,fabrication,2026-09-29T16:57:30.777Z,https://www.google.com/maps/place/Evolved+Autoworks/data=!4m7!3m6!1s0x53a021f569275049:0xdd077ed7c0162834!8m2!3d53.570025!4d-113.5865821!16s%2Fg%2F11nhj51l1k!19sChIJSVAnafUhoFMRNCgWwNd-B90
ARC FAB PERFORMANCE & WELDING,Welder,15821 116 Ave NW Unit 7,,,53.5659868,-113.5939155,53.5521992,-113.6795416,5860,TRUE,fabrication,2026-09-29T16:57:30.777Z,https://www.google.com/maps/place/ARC+FAB+PERFORMANCE+%26+WELDING/data=!4m7!3m6!1s0x53a02175bbcbc95d:0x20aff9861b5c4346!8m2!3d53.5659868!4d-113.5939155!16s%2Fg%2F11r0nsqvmz!19sChIJXcnLu3UhoFMRRkNcG4b5ryA
Legend Welding & Fabrication Ltd,Welder,15911 121a Ave NW,5,9,53.5735384,-113.5961649,53.5521992,-113.6795416,5996,TRUE,fabrication,2026-09-29T16:57:30.777Z,https://www.google.com/maps/place/Legend+Welding+%26+Fabrication+Ltd/data=!4m7!3m6!1s0x53a0214c1fe656a5:0xcb99534c32309547!8m2!3d53.5735384!4d-113.5961649!16s%2Fg%2F1v42fgz1!19sChIJpVbmH0whoFMRR5UwMkxTmcs
Midwest Structural Limited,Metal fabricator,14505 122 Ave NW,4.8,12,53.5758667,-113.5718522,53.5521992,-113.6795416,7583,TRUE,fabrication,2026-09-29T16:57:30.777Z,https://www.google.com/maps/place/Midwest+Structural+Limited/data=!4m7!3m6!1s0x4163bb5a0b1bcae1:0xa34cc780f97d9a72!8m2!3d53.5758667!4d-113.5718522!16s%2Fg%2F11b75g4ty8!19sChIJ4cobC1q7Y0ERcpp9-YDHTKM
Spartan Steel Ltd,Steel fabricator,12404 153 St NW,5,2,53.5779973,-113.5855053,53.5521992,-113.6795416,6841,TRUE,fabrication,2026-09-29T16:57:30.777Z,https://www.google.com/maps/place/Spartan+Steel+Ltd/data=!4m7!3m6!1s0x53a0215390845dbf:0x19613aa5434d2287!8m2!3d53.5779973!4d-113.5855053!16s%2Fg%2F1w8w9px7!19sChIJv12EkFMhoFMRhyJNQ6U6YRk
Special Metal Fabricating,Metal fabricator,15011 131 Ave NW,5,10,53.5902017,-113.5799568,53.5521992,-113.6795416,7816,TRUE,fabrication,2026-09-29T16:57:30.777Z,https://www.google.com/maps/place/Special+Metal+Fabricating/data=!4m7!3m6!1s0x53a0240251bdf89b:0x10ec8bf9abe3f023!8m2!3d53.5902017!4d-113.5799568!16s%2Fg%2F1tt1scm9!19sChIJm_i9UQIkoFMRI_Djq_mL7BA
PermaCorp,Metal fabricator,"Head Office, 14646 112 Ave NW",4.2,43,53.5607192,-113.574029,53.5521992,-113.6795416,7034,TRUE,fabrication,2026-09-29T16:57:30.777Z,https://www.google.com/maps/place/PermaCorp/data=!4m7!3m6!1s0x53a021678b289fef:0xd42936b8bd735556!8m2!3d53.5607192!4d-113.574029!16s%2Fg%2F11bbrnntc_!19sChIJ758oi2choFMRVlVzvbg2KdQ
IMARK Architectural Metals,Metal fabricator,14440 123 Ave NW,4.6,18,53.5771219,-113.5703259,53.5521992,-113.6795416,7727,TRUE,fabrication,2026-09-29T16:57:30.777Z,https://www.google.com/maps/place/IMARK+Architectural+Metals/data=!4m7!3m6!1s0x53a023fd9207ea29:0xab2b69a1ef8ba832!8m2!3d53.5771219!4d-113.5703259!16s%2Fg%2F1tflxkyb!19sChIJKeoHkv0joFMRMqiL76FpK6s
Bear Metals Inc.,Sheet metal contractor,14564 116 Ave NW,5,2,53.5686028,-113.5715741,53.5521992,-113.6795416,7361,TRUE,fabrication,2026-09-29T16:57:30.777Z,https://www.google.com/maps/place/Bear+Metals+Inc./data=!4m7!3m6!1s0x53a0215946440d17:0x727ba5ab3c7489f8!8m2!3d53.5686028!4d-113.5715741!16s%2Fg%2F11j00s4h_c!19sChIJFw1ERlkhoFMR-Il0PKule3I
Tayco Custom Welding,Welder,15142 128 Avenue Northwest,4.9,17,53.585238,-113.58263,53.5521992,-113.6795416,7379,TRUE,metalworking,2026-09-29T16:57:46.785Z,https://www.google.com/maps/place/Tayco+Custom+Welding/data=!4m7!3m6!1s0x53a0210cea9cad29:0x79af7fa86813eeca!8m2!3d53.585238!4d-113.58263!16s%2Fg%2F11qk5f78ld!19sChIJKa2c6gwhoFMRyu4TaKh_r3k
Edmonton New Technology Society,Makerspace,12001 149 St,4.4,63,53.5723091,-113.5769432,53.5521992,-113.6795416,7135,TRUE,metalworking,2026-09-29T16:57:46.785Z,https://www.google.com/maps/place/Edmonton+New+Technology+Society/data=!4m7!3m6!1s0x53a023ca0c617a51:0xba15d776e68ab1d9!8m2!3d53.5723091!4d-113.5769432!16s%2Fg%2F12cpmy6n2!19sChIJUXphDMojoFMR2bGK5nbXFbo
Customtec Metals Inc,Sheet metal contractor,15818 131 Ave NW,5,7,53.590896,-113.595742,53.5521992,-113.6795416,7009,TRUE,metalworking,2026-09-29T16:57:46.785Z,https://www.google.com/maps/place/Customtec+Metals+Inc/data=!4m7!3m6!1s0x53a021235061f8d9:0xbce44358eb498585!8m2!3d53.590896!4d-113.595742!16s%2Fg%2F1tmg676z!19sChIJ2fhhUCMhoFMRhYVJ61hD5Lw
BMP  Boller Media Productions,,,5,16,53.5270986,-113.6489968,53.5521992,-113.6795416,3444,TRUE,production,2026-09-29T16:55:54.386Z,https://www.google.com/maps/place/BMP+%E2%80%A2+Boller+Media+Productions/data=!4m7!3m6!1s0x53a02470e4138783:0x4fdda07b8481fa8c!8m2!3d53.5270986!4d-113.6489968!16s%2Fg%2F124yfv9w1!19sChIJg4cT5HAkoFMRjPqBhHug3U8
Rocky Mountain Equipment,Farm equipment supplier,17720 105 Ave NW,4.3,46,53.5489923,-113.6270914,53.5521992,-113.6795416,3483,TRUE,machinery,2026-09-29T16:56:29.621Z,https://www.google.com/maps/place/Rocky+Mountain+Equipment/data=!4m7!3m6!1s0x53a020e089c5dc37:0xc836e92ee782bc0f!8m2!3d53.5489923!4d-113.6270914!16s%2Fg%2F1tg2d568!19sChIJN9zFieAgoFMRD7yC5y7pNsg
Metalworking Solutions Inc.,Distribution service,9750 51 Ave NW #2,4.7,15,53.4886,-113.4823666,53.5521992,-113.6795416,14830,TRUE,metalworking,2026-09-29T16:57:46.785Z,https://www.google.com/maps/place/Metalworking+Solutions+Inc./data=!4m7!3m6!1s0x4163987b8b8fb00f:0xc559bbec1e598de3!8m2!3d53.4886!4d-113.4823666!16s%2Fg%2F1q65ck05_!19sChIJD7CPi3uYY0ER441ZHuy7WcU
Tandy Leather Edmonton - 702,Craft store,17720 107 Ave NW,4.7,161,53.5536998,-113.6265793,53.5521992,-113.6795416,3503,TRUE,stamping,2026-09-29T16:59:31.784Z,https://www.google.com/maps/place/Tandy+Leather+Edmonton+-+702/data=!4m7!3m6!1s0x53a0212082a79b2b:0xb52cf17f1cc1e281!8m2!3d53.5536998!4d-113.6265793!16s%2Fg%2F1tflm36j!19sChIJK5ungiAhoFMRgeLBHH_xLLU
ACMF - Alberta Custom Metal Fabricators Ltd,Metal fabricator,5924 99 St NW,5,7,53.4952649,-113.4867077,53.5521992,-113.6795416,14233,TRUE,metalworking,2026-09-29T16:57:46.785Z,https://www.google.com/maps/place/ACMF+-+Alberta+Custom+Metal+Fabricators+Ltd/data=!4m7!3m6!1s0x53a018b10d4ecbeb:0x1e91c04eb41e390a!8m2!3d53.4952649!4d-113.4867077!16s%2Fg%2F1tgtf57t!19sChIJ68tODbEYoFMRCjketE7AkR4
Mar-Ko Metal Products Inc,Sheet metal contractor,12417 67 St NW,4.9,10,53.580429,-113.4445199,53.5521992,-113.6795416,15835,TRUE,metalworking,2026-09-29T16:57:46.785Z,https://www.google.com/maps/place/Mar-Ko+Metal+Products+Inc/data=!4m7!3m6!1s0x53a0233a6d589243:0xba9a68ee7553fd33!8m2!3d53.580429!4d-113.4445199!16s%2Fg%2F1tdn3sbt!19sChIJQ5JYbTojoFMRM_1Tde5omro
Altyp Welding And Fabricating 1983 Limited,Welder,5810 96 St NW,4.8,8,53.4941504,-113.4773163,53.5521992,-113.6795416,14845,TRUE,metalworking,2026-09-29T16:57:46.785Z,https://www.google.com/maps/place/Altyp+Welding+And+Fabricating+1983+Limited/data=!4m7!3m6!1s0x53a018b9e4ee95d5:0x89a94ddb8a15cc2e!8m2!3d53.4941504!4d-113.4773163!16s%2Fg%2F1tdxkk8w!19sChIJ1ZXu5LkYoFMRLswVittNqYk
Metalmark Engraving,Engraver,6720 99 St NW,4.4,41,53.5044622,-113.4866044,53.5521992,-113.6795416,13813,TRUE,metalworking,2026-09-29T16:57:46.785Z,https://www.google.com/maps/place/Metalmark+Engraving/data=!4m7!3m6!1s0x53a018a607a08ce5:0xc88fce627365a49a!8m2!3d53.5044622!4d-113.4866044!16s%2Fg%2F1tf7xd4j!19sChIJ5YygB6YYoFMRmqRlc2LOj8g
Pioneer Iron Works Inc,Welder,5915 87a St NW,5,2,53.4954535,-113.4603624,53.5521992,-113.6795416,15803,TRUE,metalworking,2026-09-29T16:57:46.785Z,https://www.google.com/maps/place/Pioneer+Iron+Works+Inc/data=!4m7!3m6!1s0x53a018bfd51353d5:0x9caeadfaec1ae71d!8m2!3d53.4954535!4d-113.4603624!16s%2Fg%2F1tl_ldb9!19sChIJ1VMT1b8YoFMRHeca7Pqtrpw
Samurai Steel Welding,Welder,970 Jordan Crescent NW,5,14,53.4815274,-113.4095859,53.5521992,-113.6795416,19501,FALSE,metalworking,2026-09-29T16:57:46.785Z,https://www.google.com/maps/place/Samurai+Steel+Welding/data=!4m7!3m6!1s0x53a0196068f6c741:0x86a62ca2efe519ce!8m2!3d53.4815274!4d-113.4095859!16s%2Fg%2F11z63dxy9x!19sChIJQcf2aGAZoFMRzhnl76IspoY
Boilermakers Lodge 146,Welder,15116 114 Ave NW,4.6,44,53.5637647,-113.5820052,53.5521992,-113.6795416,6569,TRUE,welding,2026-09-29T16:58:01.780Z,https://www.google.com/maps/place/Boilermakers+Lodge+146/data=!4m7!3m6!1s0x53a0214372d28241:0x1f4b818dce649a2f!8m2!3d53.5637647!4d-113.5820052!16s%2Fg%2F1tj8935h!19sChIJQYLSckMhoFMRL5pkzo2BSx8
CLAC Welding Test Center,Non-profit organization,14926 118 Ave NW,4.4,12,53.5715239,-113.5798498,53.5521992,-113.6795416,6926,TRUE,welding,2026-09-29T16:58:01.780Z,https://www.google.com/maps/place/CLAC+Welding+Test+Center/data=!4m7!3m6!1s0x53a021000fdb825d:0xe8987e4f1536ccd5!8m2!3d53.5715239!4d-113.5798498!16s%2Fg%2F11y98sj934!19sChIJXYLbDwAhoFMR1cw2FU9-mOg
CLAC Training - Alberta,Training center,14920 118 Ave NW,3.8,21,53.5708622,-113.5789376,53.5521992,-113.6795416,6961,TRUE,welding,2026-09-29T16:58:01.780Z,https://www.google.com/maps/place/CLAC+Training+-+Alberta/data=!4m7!3m6!1s0x63d037d0bfe5a5b7:0x9be2332a243f7eb6!8m2!3d53.5708622!4d-113.5789376!16s%2Fg%2F11sjtprxnx!19sChIJt6Xlv9A30GMRtn4_JCoz4ps
EPSB Distribution Centre,Warehouse,18004 116 Ave NW,4.7,6,53.5661684,-113.6315817,53.5521992,-113.6795416,3528,TRUE,supply chain,2026-09-29T17:10:38.282Z,https://www.google.com/maps/place/EPSB+Distribution+Centre/data=!4m7!3m6!1s0x53a0212968033087:0x5354db5eb4d2f272!8m2!3d53.5661684!4d-113.6315817!16s%2Fg%2F11b5wmr2qn!19sChIJhzADaCkhoFMRcvLStF7bVFM
PowerHouse Machining Ltd,Machine shop,12866 153 St NW,4.8,19,53.5871002,-113.5853694,53.5521992,-113.6795416,7330,TRUE,machining,2026-09-29T16:58:17.775Z,https://www.google.com/maps/place/PowerHouse+Machining+Ltd/data=!4m7!3m6!1s0x53a0214f089f44b1:0x8f343100df872096!8m2!3d53.5871002!4d-113.5853694!16s%2Fg%2F11nfsls_bv!19sChIJsUSfCE8hoFMRliCH3wAxNI8
Mot's Machining,Small engine repair service,15434 131 Ave NW,4,68,53.5908316,-113.5871171,53.5521992,-113.6795416,7463,TRUE,machining,2026-09-29T16:58:17.775Z,https://www.google.com/maps/place/Mot%27s+Machining/data=!4m7!3m6!1s0x53a026a83889d097:0xe17736df0d304601!8m2!3d53.5908316!4d-113.5871171!16s%2Fg%2F1hc5dzft4!19sChIJl9CJOKgmoFMRAUYwDd82d-E
All Tec Auto Care,Mechanic,11803 154 St,4.7,121,53.5727348,-113.5873261,53.5521992,-113.6795416,6504,TRUE,machining,2026-09-29T16:58:17.775Z,https://www.google.com/maps/place/All+Tec+Auto+Care/data=!4m7!3m6!1s0x539ff761ebd08989:0xd2aed6814cd6878c!8m2!3d53.5727348!4d-113.5873261!16s%2Fg%2F1vnrkp_t!19sChIJiYnQ62H3n1MRjIfWTIHWrtI
Alberta Racing Engines,Manufacturer,16033 132 Ave NW,4.7,34,53.5914786,-113.5991362,53.5521992,-113.6795416,6875,TRUE,machining,2026-09-29T16:58:17.775Z,https://www.google.com/maps/place/Alberta+Racing+Engines/data=!4m7!3m6!1s0x53a0270025bb9cc9:0xc91c6c477a57639a!8m2!3d53.5914786!4d-113.5991362!16s%2Fg%2F11t2z7z26l!19sChIJyZy7JQAnoFMRmmNXekdsHMk
Motool Machining Supply,Industrial equipment supplier,15011 131 Ave NW,5,5,53.5900442,-113.5801273,53.5521992,-113.6795416,7797,TRUE,machining,2026-09-29T16:58:17.775Z,https://www.google.com/maps/place/Motool+Machining+Supply/data=!4m7!3m6!1s0xa741c1da92698b:0x2a7d472ab1bb08a3!8m2!3d53.5900442!4d-113.5801273!16s%2Fg%2F11y4tmk2g_!19sChIJi2mS2sFBpwARowi7sSpHfSo
Block Shop Engine Specialists (1979) Ltd,Engine rebuilding service,118 Ave NW 14730 118,3.7,82,53.570421,-113.575343,53.5521992,-113.6795416,7174,TRUE,machining,2026-09-29T16:58:17.775Z,https://www.google.com/maps/place/Block+Shop+Engine+Specialists+%281979%29+Ltd/data=!4m7!3m6!1s0x53a0215992633843:0x774c9ce2d216038d!8m2!3d53.570421!4d-113.575343!16s%2Fg%2F1tfzgfsm!19sChIJQzhjklkhoFMRjQMW0uKcTHc
Trac Engine Services Ltd,Engine rebuilding service,11235 154 St,4.8,32,53.561776,-113.587241,53.5521992,-113.6795416,6189,TRUE,machining,2026-09-29T16:58:17.775Z,https://www.google.com/maps/place/Trac+Engine+Services+Ltd/data=!4m7!3m6!1s0x53a021417bea8ba7:0x65a38339d764d57e!8m2!3d53.561776!4d-113.587241!16s%2Fg%2F1tdzl79j!19sChIJp4vqe0EhoFMRftVk1zmDo2U
Alberta Cylinder Head and Engine Rebuilders,Engine rebuilding service,16081 132 Ave NW,4.5,169,53.5909782,-113.5996186,53.5521992,-113.6795416,6815,TRUE,machining,2026-09-29T16:58:17.775Z,https://www.google.com/maps/place/Alberta+Cylinder+Head+and+Engine+Rebuilders/data=!4m7!3m6!1s0x53a0276d04bd077f:0xdea01f98a6becc05!8m2!3d53.5909782!4d-113.5996186!16s%2Fg%2F11g20gb2__!19sChIJfwe9BG0noFMRBcy-ppgfoN4
Oasis Engineering,Civil engineer,10335 178 St NW #202,4.9,29,53.5465641,-113.6268695,53.5521992,-113.6795416,3536,TRUE,engineering,2026-09-29T17:05:55.774Z,https://www.google.com/maps/place/Oasis+Engineering/data=!4m7!3m6!1s0x53a0224f58fccc77:0x21b1fcb29fda9a97!8m2!3d53.5465641!4d-113.6268695!16s%2Fg%2F1hc27ydk1!19sChIJd8z8WE8ioFMRl5ran7L8sSE
Alggin Metal Industries Ltd. - Edmonton,Metal fabricator,12110 154 St,5,4,53.5746446,-113.5876707,53.5521992,-113.6795416,6561,TRUE,machining,2026-09-29T16:58:17.775Z,https://www.google.com/maps/place/Alggin+Metal+Industries+Ltd.+-+Edmonton/data=!4m7!3m6!1s0x53a02151db7df2b3:0xf98bf1faa8362813!8m2!3d53.5746446!4d-113.5876707!16s%2Fg%2F1q2w9q_yn!19sChIJs_J921EhoFMREyg2qPrxi_k
SHARC Door Controls Inc.,Security system installation service,11210 178 St NW,4.5,43,53.561182,-113.6279617,53.5521992,-113.6795416,3550,TRUE,control systems,2026-09-29T17:08:05.774Z,https://www.google.com/maps/place/SHARC+Door+Controls+Inc./data=!4m7!3m6!1s0x53a0236ccb0c5e4f:0xa62cb52204e0ce5b!8m2!3d53.561182!4d-113.6279617!16s%2Fg%2F1tdc4xq1!19sChIJT14My2wjoFMRW87gBCK1LKY
LWL Engineering,Geotechnical engineer,17707 105 Ave NW,5,6,53.548257,-113.6259833,53.5521992,-113.6795416,3565,TRUE,instrumentation,2026-09-29T17:08:20.787Z,https://www.google.com/maps/place/LWL+Engineering/data=!4m7!3m6!1s0x53a01f8fc52b6699:0x1a0ba450b123af1d!8m2!3d53.548257!4d-113.6259833!16s%2Fg%2F11dxkw09w6!19sChIJmWYrxY8foFMRHa8jsVCkCxo
Edmonton Industrial,Association / Organization,11304 178 St NW,,,53.5615982,-113.6277584,53.5521992,-113.6795416,3577,TRUE,Industrial,2026-09-29T16:54:16.371Z,https://www.google.com/maps/place/Edmonton+Industrial/data=!4m7!3m6!1s0x53a0210072a11fd3:0x9e8062edb26c782b!8m2!3d53.5615982!4d-113.6277584!16s%2Fg%2F11m5ytl9v_!19sChIJ0x-hcgAhoFMRK3hssu1igJ4
CNC Industries Ltd,Manufacturer,3291 8 St,4.6,10,53.3759994,-113.5150298,53.5521992,-113.6795416,22416,FALSE,CNC,2026-09-29T16:58:34.784Z,https://www.google.com/maps/place/CNC+Industries+Ltd/data=!4m7!3m6!1s0x53a018d39f11accb:0x45fd01c7b34b730f!8m2!3d53.3759994!4d-113.5150298!16s%2Fg%2F1th7mkvx!19sChIJy6wRn9MYoFMRD3NLs8cB_UU
CLAC Career Development College,Trade school,15860 114 Ave NW,4.7,20,53.5635442,-113.5951092,53.5521992,-113.6795416,5718,TRUE,CNC,2026-09-29T16:58:34.784Z,https://www.google.com/maps/place/CLAC+Career+Development+College/data=!4m7!3m6!1s0x53a021ad1956fd81:0x964d8fc9cc4597ff!8m2!3d53.5635442!4d-113.5951092!16s%2Fg%2F11mtrnfpqz!19sChIJgf1WGa0hoFMR_5dFzMmPTZY
DFC Diesel,Engine rebuilding service,11831 145 St NW,3.5,86,53.5714819,-113.5698405,53.5521992,-113.6795416,7556,TRUE,CNC,2026-09-29T16:58:34.784Z,https://www.google.com/maps/place/DFC+Diesel/data=!4m7!3m6!1s0x53a020df30c39d5f:0x25bbf7b282e4ec5d!8m2!3d53.5714819!4d-113.5698405!16s%2Fg%2F11b6c809mt!19sChIJX53DMN8goFMRXezkgrL3uyU
Procut Moulding & Metal Inc.,Sheet metal contractor,16145 114 Ave NW,4.8,15,53.562326,-113.600186,53.5521992,-113.6795416,5361,TRUE,CNC,2026-09-29T16:58:34.784Z,https://www.google.com/maps/place/Procut+Moulding+%26+Metal+Inc./data=!4m7!3m6!1s0x53a0214801df86f9:0x97b17c527ac52db1!8m2!3d53.562326!4d-113.600186!16s%2Fg%2F11cnc0_m6v!19sChIJ-YbfAUghoFMRsS3FelJ8sZc
Quantum Design and Technologies Inc.,Engineering consultant,16321 132 Ave NW,4.8,17,53.5918094,-113.6045824,53.5521992,-113.6795416,6625,TRUE,CNC,2026-09-29T16:58:34.784Z,https://www.google.com/maps/place/Quantum+Design+and+Technologies+Inc./data=!4m7!3m6!1s0x539ff81de5a4723d:0xce1295832bb9c33e!8m2!3d53.5918094!4d-113.6045824!16s%2Fg%2F12llrkjxb!19sChIJPXKk5R34n1MRPsO5K4OVEs4
Nexus CNC Machining Services Ltd,Machine shop,9215 34a Ave NW,3,2,53.4670404,-113.4720256,53.5521992,-113.6795416,16672,TRUE,CNC,2026-09-29T16:58:34.784Z,https://www.google.com/maps/place/Nexus+CNC+Machining+Services+Ltd/data=!4m7!3m6!1s0x53a0192aa982df7b:0x14831cc67034d088!8m2!3d53.4670404!4d-113.4720256!16s%2Fg%2F1hc165px0!19sChIJe9-CqSoZoFMRiNA0cMYcgxQ
Piedmont Plastics,Plastic products wholesaler,15804 142 St NW,3.9,48,53.6202274,-113.5704829,53.5521992,-113.6795416,10442,TRUE,CNC,2026-09-29T16:58:34.784Z,https://www.google.com/maps/place/Piedmont+Plastics/data=!4m7!3m6!1s0x53a024014fbb3f19:0xabc2b075e3a3e071!8m2!3d53.6202274!4d-113.5704829!16s%2Fg%2F1w15z3bk!19sChIJGT-7TwEkoFMRceCj43Wwwqs
Cummins Sales and Service,Manufacturer,11751 181 St NW,4.3,96,53.5689884,-113.6332269,53.5521992,-113.6795416,3584,TRUE,forging,2026-09-29T16:59:16.779Z,https://www.google.com/maps/place/Cummins+Sales+and+Service/data=!4m7!3m6!1s0x53a0212b6d95818b:0x31d6ce87936bcd08!8m2!3d53.5689884!4d-113.6332269!16s%2Fg%2F1tcvhs6p!19sChIJi4GVbSshoFMRCM1rk4fO1jE
Foundry Events,Event management company,"Inside Work Nicer Beaver House, 10160 103 St NW",5,17,53.5423873,-113.4979954,53.5521992,-113.6795416,12044,TRUE,foundry,2026-09-29T16:58:44.786Z,https://www.google.com/maps/place/Foundry+Events/data=!4m7!3m6!1s0x53a02396fc3f8c43:0x15cdae558b4d9d47!8m2!3d53.5423873!4d-113.4979954!16s%2Fg%2F11h_vv_bhp!19sChIJQ4w__JYjoFMRR51Ni1WuzRU
THE FOUNDRY REAL ESTATE CO.,Real Estate Agency,9411 98 Ave NW #3,4.8,201,53.5379411,-113.4720975,53.5521992,-113.6795416,13797,TRUE,foundry,2026-09-29T16:58:44.786Z,https://www.google.com/maps/place/THE+FOUNDRY+REAL+ESTATE+CO./data=!4m7!3m6!1s0x53a0225dc5044b45:0x9616ed485f9b882c!8m2!3d53.5379411!4d-113.4720975!16s%2Fg%2F11b7jyrsxx!19sChIJRUsExV0ioFMRLIibX0jtFpY
Brandt Tractor Ltd,Construction equipment supplier,10630 176 St NW,4.1,110,53.5524244,-113.6249062,53.5521992,-113.6795416,3609,TRUE,machinery,2026-09-29T16:56:29.621Z,https://www.google.com/maps/place/Brandt+Tractor+Ltd/data=!4m7!3m6!1s0x53a0212073ae80a9:0x9744599ee55922a8!8m2!3d53.5524244!4d-113.6249062!16s%2Fg%2F1tdg2xgm!19sChIJqYCucyAhoFMRqCJZ5Z5ZRJc
Trojan Industries Inc,Foundry,9420 Yellowhead Trail NW,5,1,53.5818688,-113.4855883,53.5521992,-113.6795416,13226,TRUE,foundry,2026-09-29T16:58:44.786Z,https://www.google.com/maps/place/Trojan+Industries+Inc/data=!4m7!3m6!1s0x53a0239a68c5657d:0x202f6fbbaf4cadf5!8m2!3d53.5818688!4d-113.4855883!16s%2Fg%2F1tnhy01z!19sChIJfWXFaJojoFMR9a1Mr7tvLyA
Oliver Exchange Building,Shopping mall,12021 102 Ave NW,4.7,210,53.5428833,-113.53056,53.5521992,-113.6795416,9897,TRUE,foundry,2026-09-29T16:58:44.786Z,https://www.google.com/maps/place/Oliver+Exchange+Building/data=!4m7!3m6!1s0x53a0239854d744ed:0xa6c7e43d997ed118!8m2!3d53.5428833!4d-113.53056!16s%2Fg%2F11f714q308!19sChIJ7UTXVJgjoFMRGNF-mT3kx6Y
Odd Company Brewing,Brewery,12021 102 Ave NW #105,4.6,435,53.542563,-113.5305577,53.5521992,-113.6795416,9901,TRUE,foundry,2026-09-29T16:58:44.786Z,https://www.google.com/maps/place/Odd+Company+Brewing/data=!4m7!3m6!1s0x53a02388bfbcd2ad:0xc92308a439a39f37!8m2!3d53.542563!4d-113.5305577!16s%2Fg%2F11gk7s2t55!19sChIJrdK8v4gjoFMRN5-jOaQII8k
American Brass & Aluminum,Copper supplier,12520 123 St NW,2,1,53.5817455,-113.5344738,53.5521992,-113.6795416,10128,TRUE,foundry,2026-09-29T16:58:44.786Z,https://www.google.com/maps/place/American+Brass+%26+Aluminum/data=!4m7!3m6!1s0x53a0238d7512aec3:0x1be2886d9ca003a6!8m2!3d53.5817455!4d-113.5344738!16s%2Fg%2F1tlbj797!19sChIJw64SdY0joFMRpgOgnG2I4hs
Brio Bakery,Bakery,12021 102 Ave NW #104,4.7,372,53.5426894,-113.5305386,53.5521992,-113.6795416,9901,TRUE,foundry,2026-09-29T16:58:44.786Z,https://www.google.com/maps/place/Brio+Bakery/data=!4m7!3m6!1s0x53a0234d20464099:0x7ee93826d507f9bc!8m2!3d53.5426894!4d-113.5305386!16s%2Fg%2F11fj4b4d7t!19sChIJmUBGIE0joFMRvPkH1SY46X4
MPI Greater Edmonton Chapter,Association / Organization,11007 Jasper Ave #93,,,53.5406818,-113.5108434,53.5521992,-113.6795416,11219,TRUE,foundry,2026-09-29T16:58:44.786Z,https://www.google.com/maps/place/MPI+Greater+Edmonton+Chapter/data=!4m7!3m6!1s0x53a022374b3dc2a5:0x3576f4e8e80087fb!8m2!3d53.5406818!4d-113.5108434!16s%2Fg%2F11g22z_w7s!19sChIJpcI9SzcioFMR-4cA6Oj0djU
Demir Engineering,Foundry,7324 36 St NW,5,2,53.5087521,-113.3976793,53.5521992,-113.6795416,19246,FALSE,foundry,2026-09-29T16:58:44.786Z,https://www.google.com/maps/place/Demir+Engineering/data=!4m7!3m6!1s0x53a01961812851d9:0x41cf7f2b15f70e4b!8m2!3d53.5087521!4d-113.3976793!16s%2Fg%2F11rssfvx7w!19sChIJ2VEogWEZoFMRSw73FSt_z0E
Applied Nanotools Inc.,Optical products manufacturer,11421 Saskatchewan Dr NW,5,2,53.5284105,-113.5280726,53.5521992,-113.6795416,10352,TRUE,foundry,2026-09-29T16:58:44.786Z,https://www.google.com/maps/place/Applied+Nanotools+Inc./data=!4m7!3m6!1s0x53a02230baed1add:0x643e6dbe8484cc85!8m2!3d53.5284105!4d-113.5280726!16s%2Fg%2F1hd_lj4_l!19sChIJ3RrtujAioFMRhcyEhL5tPmQ
Adventure Foundry,Game store,33 Oatway St,5,1,53.5468031,-113.8928868,53.5521992,-113.6795416,14107,TRUE,foundry,2026-09-29T16:58:44.786Z,https://www.google.com/maps/place/Adventure+Foundry/data=!4m7!3m6!1s0x539f8f062458ca2f:0xa91289485d4410af!8m2!3d53.5468031!4d-113.8928868!16s%2Fg%2F11yhgs7_2n!19sChIJL8pYJAaPn1MRrxBEXUiJEqk
Norwood Foundry Ltd.,Foundry,605 18 Ave,,,53.3325614,-113.5237426,53.5521992,-113.6795416,26513,FALSE,foundry,2026-09-29T16:58:44.786Z,https://www.google.com/maps/place/Norwood+Foundry+Ltd./data=!4m7!3m6!1s0x539ff70875564b1b:0x8dd206a07427d652!8m2!3d53.3325614!4d-113.5237426!16s%2Fg%2F11fk18qp7p!19sChIJG0tWdQj3n1MRUtYndKAG0o0
SEAL-A-CAST,Sewage treatment plant,11571 149 St,,,53.5671283,-113.5775124,53.5521992,-113.6795416,6940,TRUE,casting,2026-09-29T16:59:00.780Z,https://www.google.com/maps/place/SEAL-A-CAST/data=!4m7!3m6!1s0x53a0215b9ff452c9:0x5645470eac6fd11f!8m2!3d53.5671283!4d-113.5775124!16s%2Fg%2F11h3bt3h81!19sChIJyVL0n1shoFMRH9FvrA5HRVY
Evolution Concrete,Concrete factory,16805 128a Ave NW,5,3,53.5855803,-113.6110666,53.5521992,-113.6795416,5850,TRUE,casting,2026-09-29T16:59:00.780Z,https://www.google.com/maps/place/Evolution+Concrete/data=!4m7!3m6!1s0x539f8a99c152e39d:0x9abcffccbe59b83b!8m2!3d53.5855803!4d-113.6110666!16s%2Fg%2F1t_hynxx!19sChIJneNSwZmKn1MRO7hZvsz_vJo
Chemfax,Chemical manufacturer,10712 176 St NW,5,1,53.553793,-113.6248811,53.5521992,-113.6795416,3615,TRUE,chemicals,2026-09-29T17:01:42.788Z,https://www.google.com/maps/place/Chemfax/data=!4m7!3m6!1s0x53a018c1da63ccc9:0xb166e599dad79792!8m2!3d53.553793!4d-113.6248811!16s%2Fg%2F1tm0svhx!19sChIJycxj2sEYoFMRkpfX2pnlZrE
Atlas Copco,Air compressor repair service,17810 114 Ave NW,2.1,7,53.5636938,-113.6280547,53.5521992,-113.6795416,3633,TRUE,machinery,2026-09-29T16:56:29.621Z,https://www.google.com/maps/place/Atlas+Copco/data=!4m7!3m6!1s0x53a02128da9b01eb:0x8eedd208dbe11bab!8m2!3d53.5636938!4d-113.6280547!16s%2Fg%2F11bbrgkntw!19sChIJ6wGb2ighoFMRqxvh2wjS7Y4
Wajax,Industrial equipment supplier,17604 105 Ave NW,3.1,18,53.5490088,-113.6246821,53.5521992,-113.6795416,3641,TRUE,heavy industry,2026-09-29T16:55:19.788Z,https://www.google.com/maps/place/Wajax/data=!4m7!3m6!1s0x53a020e03e845ad1:0x65622d3249e52f33!8m2!3d53.5490088!4d-113.6246821!16s%2Fg%2F1hdz746ds!19sChIJ0VqEPuAgoFMRMy_lSTItYmU
Cast Supply,Masonry supply store,"Cast Supply, 12135 Fort Rd NW",5,39,53.5758715,-113.4592703,53.5521992,-113.6795416,14783,TRUE,casting,2026-09-29T16:59:00.780Z,https://www.google.com/maps/place/Cast+Supply/data=!4m7!3m6!1s0x53a02317b79ee8e1:0x5daee430a8571a13!8m2!3d53.5758715!4d-113.4592703!16s%2Fg%2F1tf1bfhz!19sChIJ4eietxcjoFMRExpXqDDkrl0
Mode Models International,Modeling agency,10217 106 St #301,4.1,40,53.5434831,-113.5025139,53.5521992,-113.6795416,11736,TRUE,casting,2026-09-29T16:59:00.780Z,https://www.google.com/maps/place/Mode+Models+International/data=!4m7!3m6!1s0x53a0221c1cffe681:0xe1952894a0b3bbc5!8m2!3d53.5434831!4d-113.5025139!16s%2Fg%2F1tjz7mnm!19sChIJgeb_HBwioFMRxbuzoJQoleE
Castalia Stone,Fireplace manufacturer,12233 132 St NW,,,53.5753205,-113.5507182,53.5521992,-113.6795416,8888,TRUE,casting,2026-09-29T16:59:00.780Z,https://www.google.com/maps/place/Castalia+Stone/data=!4m7!3m6!1s0x53a0213c7cefe5f7:0x5b2d93197e79a09e!8m2!3d53.5753205!4d-113.5507182!16s%2Fg%2F11g6j82jr1!19sChIJ9-XvfDwhoFMRnqB5fhmTLVs
Cast Steel Products Lp,Steel distributor,10585 111 St NW,,,53.5495592,-113.5117278,53.5521992,-113.6795416,11090,TRUE,casting,2026-09-29T16:59:00.780Z,https://www.google.com/maps/place/Cast+Steel+Products+Lp/data=!4m7!3m6!1s0x53a0223540e5b635:0x98874e0fc7872ad3!8m2!3d53.5495592!4d-113.5117278!16s%2Fg%2F11rgh77gjp!19sChIJNbblQDUioFMR0yqHxw9Oh5g
Russell Hendrix Outlet,Restaurant supply store,11931 145 St NW,4.1,109,53.5720024,-113.5709381,53.5521992,-113.6795416,7503,TRUE,casting,2026-09-29T16:59:00.780Z,https://www.google.com/maps/place/Russell+Hendrix+Outlet/data=!4m7!3m6!1s0x53a023cddfbb2979:0xf5900a0efb511d31!8m2!3d53.5720024!4d-113.5709381!16s%2Fg%2F1tctx79k!19sChIJeSm7380joFMRMR1R-w4KkPU
Ion Engineering & NDE Inc.,Oil & natural gas company,10470 176 St NW #101,4.5,2,53.5481512,-113.624557,53.5521992,-113.6795416,3660,TRUE,oil and gas,2026-09-29T17:01:18.783Z,https://www.google.com/maps/place/Ion+Engineering+%26+NDE+Inc./data=!4m7!3m6!1s0x53a021f9675a0661:0x61d2906e51ace261!8m2!3d53.5481512!4d-113.624557!16s%2Fg%2F11h4tpw499!19sChIJYQZaZ_khoFMRYeKsUW6Q0mE
Jubilations Dinner Theatre,Dinner theater,8882 170 St NW,4.4,1955,53.5214551,-113.6187382,53.5521992,-113.6795416,5276,TRUE,casting,2026-09-29T16:59:00.780Z,https://www.google.com/maps/place/Jubilations+Dinner+Theatre/data=!4m7!3m6!1s0x53a020573a8614db:0xaf66e51fea74e3a3!8m2!3d53.5214551!4d-113.6187382!16s%2Fg%2F1tgf2xb0!19sChIJ2xSGOlcgoFMRo-N06h_lZq8
Gateway Chorus,Choir,10045 156 St #186,5,4,53.5398898,-113.5892932,53.5521992,-113.6795416,6118,TRUE,casting,2026-09-29T16:59:00.780Z,https://www.google.com/maps/place/Gateway+Chorus/data=!4m7!3m6!1s0x53a01881de2c36c3:0x7f162e4b98523c6c!8m2!3d53.5398898!4d-113.5892932!16s%2Fg%2F11f29nhhsh!19sChIJwzYs3oEYoFMRbDxSmEsuFn8
Element Controls,Electrical installation service,10470 176 St NW #206,,,53.5481512,-113.624557,53.5521992,-113.6795416,3660,TRUE,control systems,2026-09-29T17:08:05.774Z,https://www.google.com/maps/place/Element+Controls/data=!4m7!3m6!1s0x53a020e046500177:0x4b9c4c4924ab6466!8m2!3d53.5481512!4d-113.624557!16s%2Fg%2F11w4c6gf_p!19sChIJdwFQRuAgoFMRZmSrJElMnEs
Ward's Auctions,Auction house,11802 145 St NW,4.3,48,53.5706596,-113.5716018,53.5521992,-113.6795416,7419,TRUE,casting,2026-09-29T16:59:00.780Z,https://www.google.com/maps/place/Ward%27s+Auctions/data=!4m7!3m6!1s0x53a02159b2ba5be5:0x2403baaf90cbac9f!8m2!3d53.5706596!4d-113.5716018!16s%2Fg%2F1yhbnrdd_!19sChIJ5Vu6slkhoFMRn6zLkK-6AyQ
Advantage Maintenance and Contracting Services Ltd,Handyman/Handywoman/Handyperson,18110 96a Ave NW,,,53.5317656,-113.6359972,53.5521992,-113.6795416,3666,TRUE,maintenance,2026-09-29T17:09:57.777Z,https://www.google.com/maps/place/Advantage+Maintenance+and+Contracting+Services+Ltd/data=!4m7!3m6!1s0x53a021a8da7de907:0x4266fed301bc9029!8m2!3d53.5317656!4d-113.6359972!16s%2Fg%2F11y2275jll!19sChIJB-l92qghoFMRKZC8AdP-ZkI
YEG Impressions,Baby store,1352 Keswick Dr SW,5,15,53.4127777,-113.6294663,53.5521992,-113.6795416,15853,FALSE,casting,2026-09-29T16:59:00.780Z,https://www.google.com/maps/place/YEG+Impressions/data=!4m7!3m6!1s0x539f8b9a1e886e4d:0x1b8eb991440da5c7!8m2!3d53.4127777!4d-113.6294663!16s%2Fg%2F11qg_vj71j!19sChIJTW6IHpqLn1MRx6UNRJG5jhs
Heavy Duty Direct,Advertising agency,10460 176 St NW #101,,,53.5476821,-113.6244358,53.5521992,-113.6795416,3675,TRUE,heavy industry,2026-09-29T16:55:19.788Z,https://www.google.com/maps/place/Heavy+Duty+Direct/data=!4m7!3m6!1s0x53a020e0382b723d:0x76c39a92bd52972e!8m2!3d53.5476821!4d-113.6244358!16s%2Fg%2F1tk62t3j!19sChIJPXIrOOAgoFMRLpdSvZKaw3Y
LOF Defence Systems,Police supply store,16108 114 Ave NW,4.9,149,53.5633759,-113.5991905,53.5521992,-113.6795416,5451,TRUE,forging,2026-09-29T16:59:16.779Z,https://www.google.com/maps/place/LOF+Defence+Systems/data=!4m7!3m6!1s0x53a021388fe0eb17:0x5f66002c274668aa!8m2!3d53.5633759!4d-113.5991905!16s%2Fg%2F11c5btgq3p!19sChIJF-vgjzghoFMRqmhGJywAZl8
Canadian Forge & Farrier Supply,Blacksmith,51424 AB-60,4.6,38,53.4349739,-113.7644226,53.5521992,-113.6795416,14193,FALSE,forging,2026-09-29T16:59:16.779Z,https://www.google.com/maps/place/Canadian+Forge+%26+Farrier+Supply/data=!4m7!3m6!1s0x539ff343595644b1:0x8f5d89d2581a3caa!8m2!3d53.4349739!4d-113.7644226!16s%2Fg%2F11bbwnt0zv!19sChIJsURWWUPzn1MRqjwaWNKJXY8
invert720 Productions,Video production service,17612 103 Ave NW #101,5,11,53.5456135,-113.6249145,53.5521992,-113.6795416,3682,TRUE,production,2026-09-29T16:55:54.386Z,https://www.google.com/maps/place/invert720+Productions/data=!4m7!3m6!1s0x53a020dd73d21ac9:0xb5c586e7a0dcbe22!8m2!3d53.5456135!4d-113.6249145!16s%2Fg%2F1tz95f48!19sChIJyRrSc90goFMRIr7coOeGxbU
Northland Forge Ltd,Metal heat treating service,6620 100 St NW,4.5,2,53.5034041,-113.4908921,53.5521992,-113.6795416,13599,TRUE,forging,2026-09-29T16:59:16.779Z,https://www.google.com/maps/place/Northland+Forge+Ltd/data=!4m7!3m6!1s0x53a018af2de3a58b:0x3b710de8e17e0845!8m2!3d53.5034041!4d-113.4908921!16s%2Fg%2F1tcyf47f!19sChIJi6XjLa8YoFMRRQh-4egNcTs
Knotty Pine Cabins,Manufacturer,12720 126 Ave NW,4.3,55,53.583251,-113.5424925,53.5521992,-113.6795416,9686,TRUE,forging,2026-09-29T16:59:16.779Z,https://www.google.com/maps/place/Knotty+Pine+Cabins/data=!4m7!3m6!1s0x53a020dc7d1a15f9:0xfc5704a95ba1c436!8m2!3d53.583251!4d-113.5424925!16s%2Fg%2F1tr8l7rj!19sChIJ-RUafdwgoFMRNsShW6kEV_w
Leland Industries Inc,Fastener supplier,14405 115 Ave NW,,,53.5652712,-113.5699176,53.5521992,-113.6795416,7385,TRUE,forging,2026-09-29T16:59:16.779Z,https://www.google.com/maps/place/Leland+Industries+Inc/data=!4m7!3m6!1s0x53a0215e90694749:0x7ae08e28aa97fd3d!8m2!3d53.5652712!4d-113.5699176!16s%2Fg%2F1v2yyk58!19sChIJSUdpkF4hoFMRPf2XqiiO4Ho
Front Step Forge- Appointments Required,Metal fabricator,"Front Step Forge, 902 B 77 Ave NW",5,33,53.5135054,-113.3607445,53.5521992,-113.6795416,21504,FALSE,forging,2026-09-29T16:59:16.779Z,https://www.google.com/maps/place/Front+Step+Forge-+Appointments+Required/data=!4m7!3m6!1s0x53a0178acb10d11d:0xb6877936a73e9e95!8m2!3d53.5135054!4d-113.3607445!16s%2Fg%2F1tzvw76l!19sChIJHdEQy4oXoFMRlZ4-pzZ5h7Y
SVPL CANADA LTD.,Industrial equipment supplier,14216 128 Ave NW,,,53.5853405,-113.5669852,53.5521992,-113.6795416,8296,TRUE,forging,2026-09-29T16:59:16.779Z,https://www.google.com/maps/place/SVPL+CANADA+LTD./data=!4m7!3m6!1s0x53a025883ff33c45:0xea39e591d00ccec2!8m2!3d53.5853405!4d-113.5669852!16s%2Fg%2F11tjw9dtcy!19sChIJRTzzP4gloFMRws4M0JHlOeo
Chemtrade West LP,Chemical plant,11750 180 St NW,1,1,53.5697086,-113.631843,53.5521992,-113.6795416,3703,TRUE,chemicals,2026-09-29T17:01:42.788Z,https://www.google.com/maps/place/Chemtrade+West+LP/data=!4m7!3m6!1s0x53a0212c9ac5a2d9:0xac9d1d0a4bb854cc!8m2!3d53.5697086!4d-113.631843!16s%2Fg%2F1vhlxw8n!19sChIJ2aLFmiwhoFMRzFS4Swodnaw
Forge And Farrier,,,,,53.5705878,-113.4834089,53.5521992,-113.6795416,13114,TRUE,forging,2026-09-29T16:59:16.779Z,https://www.google.com/maps/place/Forge+And+Farrier/data=!4m7!3m6!1s0x53a02308dc18b845:0xa3b6f49fdd885bf0!8m2!3d53.5705878!4d-113.4834089!16s%2Fg%2F11vhqf9pmm!19sChIJRbgY3AgjoFMR8FuI3Z_0tqM
Outlaw Automation Inc.,Machining manufacturer,17515 107 Ave NW,,,53.5529072,-113.6234631,53.5521992,-113.6795416,3705,TRUE,automation,2026-09-29T17:06:57.789Z,https://www.google.com/maps/place/Outlaw+Automation+Inc./data=!4m7!3m6!1s0x53a021205c335a6b:0x73557cb276175e40!8m2!3d53.5529072!4d-113.6234631!16s%2Fg%2F11b7w5zyzw!19sChIJa1ozXCAhoFMRQF4XdrJ8VXM
The Forge Co.,Blacksmith,7609 Sparrow Dr #102,4.8,86,53.2968324,-113.5439185,53.5521992,-113.6795416,29783,FALSE,forging,2026-09-29T16:59:16.779Z,https://www.google.com/maps/place/The+Forge+Co./data=!4m7!3m6!1s0x539ff946191cad7d:0xe9c7f4016d1b42bd!8m2!3d53.2968324!4d-113.5439185!16s%2Fg%2F11vl92py4p!19sChIJfa0cGUb5n1MRvUIbbQH0x-k
Steelnova Ornamental Ironworks 1994 Ltd,Manufacturer,10351 76 Ave NW,4.6,10,53.5121096,-113.4964049,53.5521992,-113.6795416,12898,TRUE,forging,2026-09-29T16:59:16.779Z,https://www.google.com/maps/place/Steelnova+Ornamental+Ironworks+1994+Ltd/data=!4m7!3m6!1s0x53a022063fd73dd3:0xd2d326964beec2c5!8m2!3d53.5121096!4d-113.4964049!16s%2Fg%2F1tfbbv76!19sChIJ0z3XPwYioFMRxcLuS5Ym09I
Forge Psychology,Mental health service,4220 97 St NW,4.6,7,53.4794201,-113.4808708,53.5521992,-113.6795416,15428,TRUE,forging,2026-09-29T16:59:16.779Z,https://www.google.com/maps/place/Forge+Psychology/data=!4m7!3m6!1s0x53a0227381c559eb:0x2f55ecab57ba4048!8m2!3d53.4794201!4d-113.4808708!16s%2Fg%2F11gw2sbhrc!19sChIJ61nFgXMioFMRSEC6V6vsVS8
Forge Stone Inc | Concrete Contractor | Concrete Countertops,Concrete contractor,10517 82 St NW,5,6,53.5484917,-113.4537584,53.5521992,-113.6795416,14922,TRUE,forging,2026-09-29T16:59:16.779Z,https://www.google.com/maps/place/Forge+Stone+Inc+%7C+Concrete+Contractor+%7C+Concrete+Countertops/data=!4m7!3m6!1s0x53a023af5e6d4119:0x832900456bcc8479!8m2!3d53.5484917!4d-113.4537584!16s%2Fg%2F11r91tqw8j!19sChIJGUFtXq8joFMReYTMa0UAKYM
Westbrand Group Ltd,Fastener supplier,6006 87a St NW,4.2,10,53.4962499,-113.4617752,53.5521992,-113.6795416,15682,TRUE,forging,2026-09-29T16:59:16.779Z,https://www.google.com/maps/place/Westbrand+Group+Ltd/data=!4m7!3m6!1s0x53a01887dda16d1b:0x4ea0ea526d9439e3!8m2!3d53.4962499!4d-113.4617752!16s%2Fg%2F1tdndybl!19sChIJG22h3YcYoFMR4zmUbVLqoE4
RECO Wear Products,Machining manufacturer,1010 Burns Close NW,,,53.4806457,-113.5684928,53.5521992,-113.6795416,10826,TRUE,forging,2026-09-29T16:59:16.779Z,https://www.google.com/maps/place/RECO+Wear+Products/data=!4m7!3m6!1s0x53a01f9ca4b00001:0xf590e8cf8941c759!8m2!3d53.4806457!4d-113.5684928!16s%2Fg%2F11w3mp71xt!19sChIJAQCwpJwfoFMRWcdBic_okPU
Logictec Industries Inc.,Machining manufacturer,9210 56 Ave NW,,,53.4919701,-113.4692162,53.5521992,-113.6795416,15433,TRUE,forging,2026-09-29T16:59:16.779Z,https://www.google.com/maps/place/Logictec+Industries+Inc./data=!4m7!3m6!1s0x53a0185a55555555:0x1b4cd7d78f004e69!8m2!3d53.4919701!4d-113.4692162!16s%2Fg%2F11rjyrxzx1!19sChIJVVVVVVoYoFMRaU4Aj9fXTBs
Ignition Dynamics,Car accessories store,10465 101 St NW #1211,5,33,53.5476858,-113.4922136,53.5521992,-113.6795416,12386,TRUE,forging,2026-09-29T16:59:16.779Z,https://www.google.com/maps/place/Ignition+Dynamics/data=!4m7!3m6!1s0x53a023e165a6a203:0xd8fa06e00a14ae4c!8m2!3d53.5476858!4d-113.4922136!16s%2Fg%2F11yk4mthkt!19sChIJA6KmZeEjoFMRTK4UCuAG-tg
Alberta Stamp & Marking Co Ltd,Rubber stamp store,10435 79 Ave NW,4.7,33,53.5150393,-113.5003097,53.5521992,-113.6795416,12545,TRUE,stamping,2026-09-29T16:59:31.784Z,https://www.google.com/maps/place/Alberta+Stamp+%26+Marking+Co+Ltd/data=!4m7!3m6!1s0x53a02205bb0f349b:0xc2af614155697764!8m2!3d53.5150393!4d-113.5003097!16s%2Fg%2F1tgz54wc!19sChIJmzQPuwUioFMRZHdpVUFhr8I
Princess Auto,Tool store,11150 163 St NW,4.5,1748,53.5599851,-113.6044403,53.5521992,-113.6795416,5036,TRUE,stamping,2026-09-29T16:59:31.784Z,https://www.google.com/maps/place/Princess+Auto/data=!4m7!3m6!1s0x53a0213eb2462adf:0xfb651b74a62b9d6!8m2!3d53.5599851!4d-113.6044403!16s%2Fg%2F1wzt21c8!19sChIJ3ypGsj4hoFMR1rliSrdRtg8
Atlas Book Bindery (1961) Ltd,Bookbinder,12945 146 St NW,5,42,53.588263,-113.571081,53.5521992,-113.6795416,8208,TRUE,stamping,2026-09-29T16:59:31.784Z,https://www.google.com/maps/place/Atlas+Book+Bindery+%281961%29+Ltd/data=!4m7!3m6!1s0x53a02406c0d42b25:0x3a984b3db641da54!8m2!3d53.588263!4d-113.571081!16s%2Fg%2F1tjbrvq9!19sChIJJSvUwAYkoFMRVNpBtj1LmDo
CB Process Instrumentation & Controls,Instrumentation engineer,17509 109A Ave NW,5,4,53.5562927,-113.623745,53.5521992,-113.6795416,3714,TRUE,instrumentation,2026-09-29T17:08:20.787Z,https://www.google.com/maps/place/CB+Process+Instrumentation+%26+Controls/data=!4m7!3m6!1s0x53a022bc401a479f:0xdc5e559cb5adfd5d!8m2!3d53.5562927!4d-113.623745!16s%2Fg%2F1vh_81m1!19sChIJn0caQLwioFMRXf2ttZxVXtw
Elite Automation Engineering Services Inc.,Engineering consultant,17510 107 Ave NW #150,,,53.5534458,-113.6226613,53.5521992,-113.6795416,3760,TRUE,automation,2026-09-29T17:06:57.789Z,https://www.google.com/maps/place/Elite+Automation+Engineering+Services+Inc./data=!4m7!3m6!1s0x53a03d001c1d506f:0xd37726a7d5095ddc!8m2!3d53.5534458!4d-113.6226613!16s%2Fg%2F11v_44t0k7!19sChIJb1AdHAA9oFMR3F0J1acmd9M
Signs-Royal Rubber Stamp Co Ltd,Sign shop,10633 109 St NW,4.7,54,53.5506946,-113.5078647,53.5521992,-113.6795416,11342,TRUE,stamping,2026-09-29T16:59:31.784Z,https://www.google.com/maps/place/Signs-Royal+Rubber+Stamp+Co+Ltd/data=!4m7!3m6!1s0x53a0224ac7ec32e5:0x152c53cd074c2b62!8m2!3d53.5506946!4d-113.5078647!16s%2Fg%2F1td1_yw8!19sChIJ5TLsx0oioFMRYitMB81TLBU
"Tundra Process Solutions - Valve, Automation, & Service Centre (West)",Industrial equipment supplier,11610 178 St NW,,,53.5668428,-113.6281371,53.5521992,-113.6795416,3765,TRUE,industrial automation,2026-09-29T17:07:14.780Z,"https://www.google.com/maps/place/Tundra+Process+Solutions+-+Valve,+Automation,+%26+Service+Centre+%28West%29/data=!4m7!3m6!1s0x53a0212c1dbfd24b:0xc001c22d3d2ea40f!8m2!3d53.5668428!4d-113.6281371!16s%2Fg%2F11f5d50s4v!19sChIJS9K_HSwhoFMRD6QuPS3CAcA"
Superior Design & Manufacturing Ltd,Manufacturer,17516 105 Ave NW,5,1,53.5492271,-113.6225139,53.5521992,-113.6795416,3782,TRUE,manufacturing,2026-09-29T16:54:38.778Z,https://www.google.com/maps/place/Superior+Design+%26+Manufacturing+Ltd/data=!4m7!3m6!1s0x53a020e0249b9e07:0xced60d2821250d86!8m2!3d53.5492271!4d-113.6225139!16s%2Fg%2F1tgfptdz!19sChIJB56bJOAgoFMRhg0lISgN1s4
Staples,Office supply store,13154 137 Ave NW,4,814,53.600679,-113.5486972,53.5521992,-113.6795416,10183,TRUE,stamping,2026-09-29T16:59:31.784Z,https://www.google.com/maps/place/Staples/data=!4m7!3m6!1s0x53a02472128f893f:0xc76209105508e7ae!8m2!3d53.600679!4d-113.5486972!16s%2Fg%2F1th7mkxs!19sChIJP4mPEnIkoFMRrucIVRAJYsc
Cam Industrial,Industrial equipment supplier,17420 106a Ave NW,2,4,53.5522623,-113.6219249,53.5521992,-113.6795416,3806,TRUE,Industrial,2026-09-29T16:54:16.371Z,https://www.google.com/maps/place/Cam+Industrial/data=!4m7!3m6!1s0x53a021206d89c323:0xa1e4800f2e8248a!8m2!3d53.5522623!4d-113.6219249!16s%2Fg%2F11b6d1n1m8!19sChIJI8OJbSAhoFMRiiTo8gBIHgo
Yogi Extrusions Inc.,Aluminum supplier,14707 53 Ave NW,,,53.490001,-113.5734774,53.5521992,-113.6795416,9849,TRUE,extrusion,2026-09-29T16:59:40.772Z,https://www.google.com/maps/place/Yogi+Extrusions+Inc./data=!4m7!3m6!1s0x53a01f0d21d3141f:0x685862f38f3d8228!8m2!3d53.490001!4d-113.5734774!16s%2Fg%2F11zfkl0x5w!19sChIJHxTTIQ0foFMRKII9j_NiWGg
Aluminum & Glass Worx Ltd.,Glass & mirror shop,11563 160 St NW,4.4,7,53.566104,-113.5967461,53.5521992,-113.6795416,5683,TRUE,extrusion,2026-09-29T16:59:40.772Z,https://www.google.com/maps/place/Aluminum+%26+Glass+Worx+Ltd./data=!4m7!3m6!1s0x53a02147bf2cdba1:0x5e48442a2946dd59!8m2!3d53.566104!4d-113.5967461!16s%2Fg%2F11bbwmtxpf!19sChIJodssv0choFMRWd1GKSpESF4
Orion Plastics Inc,Plastic fabrication company,35 Calder Pl,4.4,7,53.6390615,-113.5697435,53.5521992,-113.6795416,12074,TRUE,extrusion,2026-09-29T16:59:40.772Z,https://www.google.com/maps/place/Orion+Plastics+Inc/data=!4m7!3m6!1s0x53a01f3210b520ef:0x3d8368e3d1532bfa!8m2!3d53.6390615!4d-113.5697435!16s%2Fg%2F1v_smx_8!19sChIJ7yC1EDIfoFMR-itT0eNogz0
Metal Supermarkets Edmonton (South),Metal supplier,5204 75 Street NW,4.8,273,53.4898253,-113.4435447,53.5521992,-113.6795416,17074,TRUE,extrusion,2026-09-29T16:59:40.772Z,https://www.google.com/maps/place/Metal+Supermarkets+Edmonton+%28South%29/data=!4m7!3m6!1s0x53a018ee9502cf6d:0x56d249fe9a8c34da!8m2!3d53.4898253!4d-113.4435447!16s%2Fg%2F1tdzqtrv!19sChIJbc8Cle4YoFMR2jSMmv5J0lY
Duravent Inc,Metal fabricator,4280 93 St NW,4.5,8,53.4806247,-113.472591,53.5521992,-113.6795416,15829,TRUE,extrusion,2026-09-29T16:59:40.772Z,https://www.google.com/maps/place/Duravent+Inc/data=!4m7!3m6!1s0x53a018ce413125a1:0x489814205fa4eb16!8m2!3d53.4806247!4d-113.472591!16s%2Fg%2F1tcv5_cx!19sChIJoSUxQc4YoFMRFuukXyAUmEg
M & D Glass & Aluminium (2008) Inc,Aluminum supplier,9329 63 Avenue Nw,,,53.5000223,-113.4721036,53.5521992,-113.6795416,14889,TRUE,extrusion,2026-09-29T16:59:40.772Z,https://www.google.com/maps/place/M+%26+D+Glass+%26+Aluminium+%282008%29+Inc/data=!4m7!3m6!1s0x53a018bb2f353d69:0xcbcc9def82ff85e8!8m2!3d53.5000223!4d-113.4721036!16s%2Fg%2F1wnf0q_f!19sChIJaT01L7sYoFMR6IX_gu-dzMs
ASA Alloys,Metal supplier,112 Strathmoor Dr #100,3.8,18,53.567797,-113.3295549,53.5521992,-113.6795416,23181,FALSE,extrusion,2026-09-29T16:59:40.772Z,https://www.google.com/maps/place/ASA+Alloys/data=!4m7!3m6!1s0x53a03dc37492416f:0x99c476e0b77e5c76!8m2!3d53.567797!4d-113.3295549!16s%2Fg%2F1tg34xf7!19sChIJb0GSdMM9oFMRdlx-t-B2xJk
Celanese Eva Polymers,Plastic fabrication company,4405 101 Ave NW,3,4,53.5405022,-113.4104782,53.5521992,-113.6795416,17824,FALSE,extrusion,2026-09-29T16:59:40.772Z,https://www.google.com/maps/place/Celanese+Eva+Polymers/data=!4m7!3m6!1s0x53a022ba8aa4fdbb:0x85a3fe7388f58622!8m2!3d53.5405022!4d-113.4104782!16s%2Fg%2F11b5wmj_xg!19sChIJu_2kiroioFMRIob1iHP-o4U
Altex Industries Inc.,Manufacturer,6831 42 St NW,3.9,8,53.5055692,-113.4050927,53.5521992,-113.6795416,18866,FALSE,extrusion,2026-09-29T16:59:40.772Z,https://www.google.com/maps/place/Altex+Industries+Inc./data=!4m7!3m6!1s0x53a01869c23d1b01:0x313e44adec853782!8m2!3d53.5055692!4d-113.4050927!16s%2Fg%2F1tj5kv7d!19sChIJARs9wmkYoFMRgjeF7K1EPjE
Plasma-Tec Industries Ltd,Manufacturer,7336 36 St NW,3.7,3,53.5088935,-113.3977098,53.5521992,-113.6795416,19240,FALSE,extrusion,2026-09-29T16:59:40.772Z,https://www.google.com/maps/place/Plasma-Tec+Industries+Ltd/data=!4m7!3m6!1s0x53a01814d3508635:0x5ff7e3d76ca28758!8m2!3d53.5088935!4d-113.3977098!16s%2Fg%2F1xfsnf7v!19sChIJNYZQ0xQYoFMRWIeibNfj918
EMJ Metals,Steel distributor,6925 8 St NW,4.1,18,53.5064048,-113.3526382,53.5521992,-113.6795416,22199,FALSE,extrusion,2026-09-29T16:59:40.772Z,https://www.google.com/maps/place/EMJ+Metals/data=!4m7!3m6!1s0x53a0178bd94afcd7:0x2ee3f4584054b1fa!8m2!3d53.5064048!4d-113.3526382!16s%2Fg%2F1tg5tqvs!19sChIJ1_xK2YsXoFMR-rFUQFj04y4
Polykar Inc,Plastic fabrication company,9406 130 St SW,4.8,6,53.3474303,-113.550749,53.5521992,-113.6795416,24314,FALSE,extrusion,2026-09-29T16:59:40.772Z,https://www.google.com/maps/place/Polykar+Inc/data=!4m7!3m6!1s0x539ff91745846a7f:0xbbdc04d61e01b43a!8m2!3d53.3474303!4d-113.550749!16s%2Fg%2F11m_ldxfdj!19sChIJf2qERRf5n1MROrQBHtYE3Ls
MICRON SOLUTIONS,Hardware store,7845 127 Ave NW,4.9,15,53.5848984,-113.4623407,53.5521992,-113.6795416,14796,TRUE,extrusion,2026-09-29T16:59:40.772Z,https://www.google.com/maps/place/MICRON+SOLUTIONS/data=!4m7!3m6!1s0x53a0234065b38b9b:0x1011ee07c5276c00!8m2!3d53.5848984!4d-113.4623407!16s%2Fg%2F11ldq0s__3!19sChIJm4uzZUAjoFMRAGwnxQfuERA
Alberta Drywall & Stucco Supply Inc.,Building materials store,6030 50 St NW,3.3,250,53.4968625,-113.4189033,53.5521992,-113.6795416,18295,FALSE,extrusion,2026-09-29T16:59:40.772Z,https://www.google.com/maps/place/Alberta+Drywall+%26+Stucco+Supply+Inc./data=!4m7!3m6!1s0x53a0183a766ff95f:0x1056cf90571de412!8m2!3d53.4968625!4d-113.4189033!16s%2Fg%2F1hc0vrh8h!19sChIJX_lvdjoYoFMREuQdV5DPVhA
Express Rubber Products,Manufacturer,4406 61 Ave,,,53.2747481,-113.540056,53.5521992,-113.6795416,32206,FALSE,extrusion,2026-09-29T16:59:40.772Z,https://www.google.com/maps/place/Express+Rubber+Products/data=!4m7!3m6!1s0x539ff9a8966472cf:0x6989f785229ea258!8m2!3d53.2747481!4d-113.540056!16s%2Fg%2F1hc4df5k2!19sChIJz3Jklqj5n1MRWKKeIoX3iWk
Apel Extrusions Ltd,Aluminum supplier,7929 30 St SE,2.6,16,50.9828186,-113.9888304,53.5521992,-113.6795416,286475,FALSE,extrusion,2026-09-29T16:59:40.772Z,https://www.google.com/maps/place/Apel+Extrusions+Ltd/data=!4m7!3m6!1s0x53717a0f54f19607:0xf4432ef16544d568!8m2!3d50.9828186!4d-113.9888304!16s%2Fg%2F1w_vmytr!19sChIJB5bxVA96cVMRaNVEZfEuQ_Q
Petrolia Plastics,Plastic fabrication company,15324 123 Ave NW,5,1,53.5771037,-113.5859445,53.5521992,-113.6795416,6773,TRUE,injection molding,2026-09-29T16:59:51.785Z,https://www.google.com/maps/place/Petrolia+Plastics/data=!4m7!3m6!1s0x53a02153c88450d9:0xf1c0ff32c355d248!8m2!3d53.5771037!4d-113.5859445!16s%2Fg%2F1tsypgcj!19sChIJ2VCEyFMhoFMRSNJVwzL_wPE
Amer Moulding Inc.,Molding supplier,12936 148 St NW,5,34,53.5880505,-113.5751791,53.5521992,-113.6795416,7961,TRUE,injection molding,2026-09-29T16:59:51.785Z,https://www.google.com/maps/place/Amer+Moulding+Inc./data=!4m7!3m6!1s0x53a025580029b0e3:0xacdf5a88f990a8eb!8m2!3d53.5880505!4d-113.5751791!16s%2Fg%2F11jdmmgvrp!19sChIJ47ApAFgloFMR66iQ-Yha36w
Woodchucks,Molding supplier,14803 114 Ave NW,4.3,7,53.5623393,-113.5757023,53.5521992,-113.6795416,6951,TRUE,injection molding,2026-09-29T16:59:51.785Z,https://www.google.com/maps/place/Woodchucks/data=!4m7!3m6!1s0x53a021411be41dd1:0xf7c8400d2660f6b5!8m2!3d53.5623393!4d-113.5757023!16s%2Fg%2F1td_bc3j!19sChIJ0R3kG0EhoFMRtfZgJg1AyPc
Crown Plaster INC.,Stucco contractor,11527 160 St NW,2.3,3,53.5653251,-113.5966441,53.5521992,-113.6795416,5667,TRUE,injection molding,2026-09-29T16:59:51.785Z,https://www.google.com/maps/place/Crown+Plaster+INC./data=!4m7!3m6!1s0x53a01e2f2df4cd97:0x56c1eb1aef069a11!8m2!3d53.5653251!4d-113.5966441!16s%2Fg%2F1v3drtjs!19sChIJl830LS8eoFMREZoG7xrrwVY
Berry Plastics Canada,Plastic injection molding service,30 Riel Dr,4.6,9,53.6239376,-113.6413993,53.5521992,-113.6795416,8365,TRUE,injection molding,2026-09-29T16:59:51.785Z,https://www.google.com/maps/place/Berry+Plastics+Canada/data=!4m7!3m6!1s0x53a026667e720f23:0xa1b09522e0130a2f!8m2!3d53.6239376!4d-113.6413993!16s%2Fg%2F1tfj2vtc!19sChIJIw9yfmYmoFMRLwoT4CKVsKE
Cam Industrial,Industrial equipment supplier,17420 106A Avenue Northwest,2,4,53.552262,-113.621925,53.5521992,-113.6795416,3806,TRUE,assembly line,2026-09-29T16:56:06.475Z,https://www.google.com/maps/place/Cam+Industrial/data=!4m7!3m6!1s0x53a021206d89c323:0xa1e4800f2e8248a!8m2!3d53.552262!4d-113.621925!16s%2Fg%2F11b6d1n1m8!19sChIJI8OJbSAhoFMRiiTo8gBIHgo
Windsor Plywood,Home improvement store,14015 128 Ave NW,4.3,144,53.5848583,-113.5616399,53.5521992,-113.6795416,8591,TRUE,injection molding,2026-09-29T16:59:51.785Z,https://www.google.com/maps/place/Windsor+Plywood/data=!4m7!3m6!1s0x53a023f81bc8009d:0x5ac3a16572378497!8m2!3d53.5848583!4d-113.5616399!16s%2Fg%2F1trtt_lw!19sChIJnQDIG_gjoFMRl4Q3cmWhw1o
Blue Design,Stucco contractor,12942 148 St NW,5,3,53.5881982,-113.5751002,53.5521992,-113.6795416,7974,TRUE,injection molding,2026-09-29T16:59:51.785Z,https://www.google.com/maps/place/Blue+Design/data=!4m7!3m6!1s0x53a0250043d8882d:0x9ac5cb028e6480e4!8m2!3d53.5881982!4d-113.5751002!16s%2Fg%2F11x041nvf1!19sChIJLYjYQwAloFMR5IBkjgLLxZo
H R C Plastics Ltd,Plastic fabrication company,3816 93 St NW,5,1,53.4735369,-113.4738355,53.5521992,-113.6795416,16171,TRUE,injection molding,2026-09-29T16:59:51.785Z,https://www.google.com/maps/place/H+R+C+Plastics+Ltd/data=!4m7!3m6!1s0x53a018d379483af7:0x3c6c07df87aa3826!8m2!3d53.4735369!4d-113.4738355!16s%2Fg%2F1tfgjhhb!19sChIJ9zpIedMYoFMRJjiqh98HbDw
Jenric Millwork,Molding supplier,10358 60 Ave NW,5,1,53.4972722,-113.4956032,53.5521992,-113.6795416,13607,TRUE,injection molding,2026-09-29T16:59:51.785Z,https://www.google.com/maps/place/Jenric+Millwork/data=!4m7!3m6!1s0x53a018ad7c3380fb:0x505e88aa98c2a8b2!8m2!3d53.4972722!4d-113.4956032!16s%2Fg%2F1tlkc1b4!19sChIJ-4AzfK0YoFMRsqjCmKqIXlA
VSL Industrial Air Ltd,Professional services,17414 106a Ave NW,4.1,14,53.55227,-113.62177,53.5521992,-113.6795416,3816,TRUE,Industrial,2026-09-29T16:54:16.371Z,https://www.google.com/maps/place/VSL+Industrial+Air+Ltd/data=!4m7!3m6!1s0x53a0212037050887:0xb06b248a4c9e28ed!8m2!3d53.55227!4d-113.62177!16s%2Fg%2F1t_kg62d!19sChIJhwgFNyAhoFMR7SieTIoka7A
Phil-Com Plastics Ltd,Plastic fabrication company,,,,53.5466125,-113.4890727,53.5521992,-113.6795416,12598,TRUE,injection molding,2026-09-29T16:59:51.785Z,https://www.google.com/maps/place/Phil-Com+Plastics+Ltd/data=!4m7!3m6!1s0x53a0224fd23fffff:0x5568168bdbbf9d6b!8m2!3d53.5466125!4d-113.4890727!16s%2Fg%2F11b5wrx0w9!19sChIJ__8_0k8ioFMRa52_24sWaFU
Meridian Plastics Inc,Plastic injection molding service,2046 70 Ave NW,,,53.5075139,-113.3739519,53.5521992,-113.6795416,20800,FALSE,injection molding,2026-09-29T16:59:51.785Z,https://www.google.com/maps/place/Meridian+Plastics+Inc/data=!4m7!3m6!1s0x53a018ba0add75ef:0x557826e4959f7926!8m2!3d53.5075139!4d-113.3739519!16s%2Fg%2F1v3kh5fw!19sChIJ73XdCroYoFMRJnmfleQmeFU
HRC Tool & Die Manufacturing Ltd,Tool manufacturer,3816 93 St NW,5,1,53.4735369,-113.4738355,53.5521992,-113.6795416,16171,TRUE,injection molding,2026-09-29T16:59:51.785Z,https://www.google.com/maps/place/HRC+Tool+%26+Die+Manufacturing+Ltd/data=!4m7!3m6!1s0x53a018d37f3d5a17:0xabf67d4474e6e9b8!8m2!3d53.4735369!4d-113.4738355!16s%2Fg%2F1td1d2n8!19sChIJF1o9f9MYoFMRuOnmdER99qs
Flexcim Manufacturing Services Inc,Industrial consultant,8522 Davies Rd NW,4.7,12,53.4941093,-113.4539686,53.5521992,-113.6795416,16250,TRUE,injection molding,2026-09-29T16:59:51.785Z,https://www.google.com/maps/place/Flexcim+Manufacturing+Services+Inc/data=!4m7!3m6!1s0x53a018ead5535919:0x1aed2a7274f09d73!8m2!3d53.4941093!4d-113.4539686!16s%2Fg%2F1tjs4mbl!19sChIJGVlT1eoYoFMRc53wdHIq7Ro
Gemma Plastic Products Inc,Plastic fabrication company,4515 68 Ave NW,5,3,53.504503,-113.412538,53.5521992,-113.6795416,18428,FALSE,injection molding,2026-09-29T16:59:51.785Z,https://www.google.com/maps/place/Gemma+Plastic+Products+Inc/data=!4m7!3m6!1s0x53a0186879d1a51f:0x1bef4418638e1743!8m2!3d53.504503!4d-113.412538!16s%2Fg%2F1v_nc5sk!19sChIJH6XReWgYoFMRQxeOYxhE7xs
Fine Hau Industry (Canada) Ltd.,Engineering consultant,3218 Whitelaw Dr NW,,,53.442425,-113.6110278,53.5521992,-113.6795416,13020,FALSE,injection molding,2026-09-29T16:59:51.785Z,https://www.google.com/maps/place/Fine+Hau+Industry+%28Canada%29+Ltd./data=!4m7!3m6!1s0x539ff57936c55555:0xa62e4c64f28eb5f4!8m2!3d53.442425!4d-113.6110278!16s%2Fg%2F11vyycrl_g!19sChIJVVXFNnn1n1MR9LWO8mRMLqY
Price Steel Ltd,Steel distributor,13500 156 St,3.6,38,53.5961379,-113.5924364,53.5521992,-113.6795416,7546,TRUE,steel,2026-09-29T17:00:06.786Z,https://www.google.com/maps/place/Price+Steel+Ltd/data=!4m7!3m6!1s0x53a026a79e07357f:0xd2d1ce81c7de5f85!8m2!3d53.5961379!4d-113.5924364!16s%2Fg%2F1tddrwt4!19sChIJfzUHnqcmoFMRhV_ex4HO0dI
General Recycling Industries Ltd.,Scrap metal dealer,11915 156 St,4.8,1065,53.5726655,-113.5892553,53.5521992,-113.6795416,6382,TRUE,steel,2026-09-29T17:00:06.786Z,https://www.google.com/maps/place/General+Recycling+Industries+Ltd./data=!4m7!3m6!1s0x53a0214e4e1ef0c1:0x767747ec90bf957c!8m2!3d53.5726655!4d-113.5892553!16s%2Fg%2F11j7fbvwss!19sChIJwfAeTk4hoFMRfJW_kOxHd3Y
Acme Scrap Iron & Metals Ltd,Scrap metal dealer,16405 130,4.5,313,53.590071,-113.606691,53.5521992,-113.6795416,6393,TRUE,steel,2026-09-29T17:00:06.786Z,https://www.google.com/maps/place/Acme+Scrap+Iron+%26+Metals+Ltd/data=!4m7!3m6!1s0x53a026baedc9aeb7:0xcc5c51a8fc7bed03!8m2!3d53.590071!4d-113.606691!16s%2Fg%2F1tgdhp3t!19sChIJt67J7bomoFMRA-17_KhRXMw
Carbon Steel Buildings Inc,Steel construction company,16024 121a Ave NW,5,1,53.573572,-113.598231,53.5521992,-113.6795416,5872,TRUE,steel,2026-09-29T17:00:06.786Z,https://www.google.com/maps/place/Carbon+Steel+Buildings+Inc/data=!4m7!3m6!1s0x53a0214bf0a41b85:0x6c04c6feeb48e39d!8m2!3d53.573572!4d-113.598231!16s%2Fg%2F1tg9h732!19sChIJhRuk8EshoFMRneNI6_7GBGw
Purolator,Logistics service,17718 114 Ave NW,2.9,876,53.5640331,-113.6252389,53.5521992,-113.6795416,3820,TRUE,supply chain,2026-09-29T17:10:38.282Z,https://www.google.com/maps/place/Purolator/data=!4m7!3m6!1s0x53a0212f33fc23d1:0xad7d2f40dc2bfd1c!8m2!3d53.5640331!4d-113.6252389!16s%2Fg%2F1tdc9h4h!19sChIJ0SP8My8hoFMRHP0r3EAvfa0
North Shore Steel Products Limited,Steel distributor,14803 114 Ave NW,,,53.562308,-113.576731,53.5521992,-113.6795416,6883,TRUE,steel,2026-09-29T17:00:06.786Z,https://www.google.com/maps/place/North+Shore+Steel+Products+Limited/data=!4m7!3m6!1s0x53a0215d183ac211:0xd5f903199ba54651!8m2!3d53.562308!4d-113.576731!16s%2Fg%2F1q5blt0qk!19sChIJEcI6GF0hoFMRUUalmxkD-dU
Recon Metal Edmonton,Recycling center,16610 129 Ave NW,4.8,42,53.5850449,-113.6053052,53.5521992,-113.6795416,6113,TRUE,steel,2026-09-29T17:00:06.786Z,https://www.google.com/maps/place/Recon+Metal+Edmonton/data=!4m7!3m6!1s0x53a027e0a6f473ed:0x49694b929a88696c!8m2!3d53.5850449!4d-113.6053052!16s%2Fg%2F11frc68fv1!19sChIJ7XP0puAnoFMRbGmImpJLaUk
Brokel Stainless Ltd.,Metal fabricator,10917 120 St NW,4.8,24,53.5543859,-113.5285164,53.5521992,-113.6795416,9979,TRUE,steel,2026-09-29T17:00:06.786Z,https://www.google.com/maps/place/Brokel+Stainless+Ltd./data=!4m7!3m6!1s0x53a023cef8605c1b:0xf1376700b4fd1d4a!8m2!3d53.5543859!4d-113.5285164!16s%2Fg%2F1tscnpdh!19sChIJG1xg-M4joFMRSh39tABnN_E
Select Engineering Consultants,Engineering consultant,17413 107 Ave NW #100,4.5,12,53.5528498,-113.6215441,53.5521992,-113.6795416,3832,TRUE,engineering,2026-09-29T17:05:55.774Z,https://www.google.com/maps/place/Select+Engineering+Consultants/data=!4m7!3m6!1s0x53a0212052aad75d:0x142253bad9b4f31e!8m2!3d53.5528498!4d-113.6215441!16s%2Fg%2F1tq4qs65!19sChIJXdeqUiAhoFMRHvO02bpTIhQ
Greenbuilt Steel,Steel construction company,11612 163 St NW,4.6,11,53.5664806,-113.6036197,53.5521992,-113.6795416,5260,TRUE,steel,2026-09-29T17:00:06.786Z,https://www.google.com/maps/place/Greenbuilt+Steel/data=!4m7!3m6!1s0x53a021223d6b2c29:0x58cb2f6d465bd91b!8m2!3d53.5664806!4d-113.6036197!16s%2Fg%2F11x97rr0j0!19sChIJKSxrPSIhoFMRG9lbRm0vy1g
Ultimate Aluminium polish,Metal polishing service,"Bay 4, 15826 112 Ave NW",5,3,53.561273,-113.596978,53.5521992,-113.6795416,5546,TRUE,aluminum,2026-09-29T17:00:23.779Z,https://www.google.com/maps/place/Ultimate+Aluminium+polish/data=!4m7!3m6!1s0x53a02130d9bda545:0xf14d16bd2d9f7598!8m2!3d53.561273!4d-113.596978!16s%2Fg%2F11hz0g0n2v!19sChIJRaW92TAhoFMRmHWfLb0WTfE
Horizon Railing  Aluminum & Glass Railings,Railing contractor,15391 117 Ave NW,,,53.5691051,-113.586109,53.5521992,-113.6795416,6451,TRUE,aluminum,2026-09-29T17:00:23.779Z,https://www.google.com/maps/place/Horizon+Railing+%E2%80%93+Aluminum+%26+Glass+Railings/data=!4m7!3m6!1s0x53a0215946d56f59:0x68094786c15ae841!8m2!3d53.5691051!4d-113.586109!16s%2Fg%2F11zj8bbvlb!19sChIJWW_VRlkhoFMRQehawYZHCWg
Alcon Glass Ltd.,Glass shop,15695 116 Ave NW,4.2,5,53.565829,-113.592724,53.5521992,-113.6795416,5931,TRUE,aluminum,2026-09-29T17:00:23.779Z,https://www.google.com/maps/place/Alcon+Glass+Ltd./data=!4m7!3m6!1s0x53a0217bfd99165f:0x271c73545ccb0039!8m2!3d53.565829!4d-113.592724!16s%2Fg%2F11jmcy5kly!19sChIJXxaZ_XshoFMROQDLXFRzHCc
Wayne Building Products Inc-Edmonton,Manufacturer,14820 Yellowhead Trail,4.7,41,53.5819285,-113.5767152,53.5521992,-113.6795416,7552,TRUE,aluminum,2026-09-29T17:00:23.779Z,https://www.google.com/maps/place/Wayne+Building+Products+Inc-Edmonton/data=!4m7!3m6!1s0x53a0238da6b4f537:0xa612b29c8085aff8!8m2!3d53.5819285!4d-113.5767152!16s%2Fg%2F1tdpfwgm!19sChIJN_W0po0joFMR-K-FgJyyEqY
Spectrum Alberta Ltd.,Metal polishing service,13923 156 St,5,24,53.6018049,-113.5872507,53.5521992,-113.6795416,8219,TRUE,aluminum,2026-09-29T17:00:23.779Z,https://www.google.com/maps/place/Spectrum+Alberta+Ltd./data=!4m7!3m6!1s0x53a0214d9b82805b:0x50a121293040631!8m2!3d53.6018049!4d-113.5872507!16s%2Fg%2F11gy6k1ydt!19sChIJW4CCm00hoFMRMQYEkxISCgU
Area 51 Welding & Fabrication  UFO Trailers,Metal workshop,11508 140 St NW,4.1,14,53.5659261,-113.5635817,53.5521992,-113.6795416,7810,TRUE,aluminum,2026-09-29T17:00:23.779Z,https://www.google.com/maps/place/Area+51+Welding+%26+Fabrication+%E2%80%A2+UFO+Trailers/data=!4m7!3m6!1s0x53a0215f79d5af81:0xefbbacfa3087af93!8m2!3d53.5659261!4d-113.5635817!16s%2Fg%2F11gfls3lkc!19sChIJga_VeV8hoFMRk6-HMPqsu-8
Howden Recycling,Scrap metal dealer,11320 143 St NW,4.8,76,53.5618935,-113.5680549,53.5521992,-113.6795416,7442,TRUE,metals,2026-09-29T17:00:39.783Z,https://www.google.com/maps/place/Howden+Recycling/data=!4m7!3m6!1s0x53a03cb58a6b7aad:0x6af914b0b3a6ce37!8m2!3d53.5618935!4d-113.5680549!16s%2Fg%2F11hbw3rflg!19sChIJrXprirU8oFMRN86ms7AU-Wo
GN2 Engineering,Engineering consultant,17510 102 Ave NW #200,4.8,11,53.5435717,-113.6233261,53.5521992,-113.6795416,3836,TRUE,engineering,2026-09-29T17:05:55.774Z,https://www.google.com/maps/place/GN2+Engineering/data=!4m7!3m6!1s0x53a0210e6f6f8ab1:0x8c5a6abf8411d7ea!8m2!3d53.5435717!4d-113.6233261!16s%2Fg%2F11byp6983m!19sChIJsYpvbw4hoFMR6tcRhL9qWow
Penny Metal Recycling - Junk Car Removal Edmonton,Recycling center,11404 143 St NW,4.9,40,53.5632172,-113.568434,53.5521992,-113.6795416,7440,TRUE,metals,2026-09-29T17:00:39.783Z,https://www.google.com/maps/place/Penny+Metal+Recycling+-+Junk+Car+Removal+Edmonton/data=!4m7!3m6!1s0x53a0215e11a5c311:0xab1bc8713f0c6167!8m2!3d53.5632172!4d-113.568434!16s%2Fg%2F1tm29byg!19sChIJEcOlEV4hoFMRZ2EMP3HIG6s
Exotic Metal Art,Scrapbooking store,15715 116 Ave NW,,,53.5662523,-113.5929492,53.5521992,-113.6795416,5929,TRUE,metals,2026-09-29T17:00:39.783Z,https://www.google.com/maps/place/Exotic+Metal+Art/data=!4m7!3m6!1s0x53a021466f08fd2b:0x79a4a856bba815a4!8m2!3d53.5662523!4d-113.5929492!16s%2Fg%2F11b6dwzjks!19sChIJK_0Ib0YhoFMRpBWou1aopHk
River City Metalworks Ltd,,,5,1,53.5713371,-113.5745135,53.5521992,-113.6795416,7256,TRUE,metals,2026-09-29T17:00:39.783Z,https://www.google.com/maps/place/River+City+Metalworks+Ltd/data=!4m7!3m6!1s0x53a02159e80c0c97:0xf102b5a2f1d80cef!8m2!3d53.5713371!4d-113.5745135!16s%2Fg%2F11rwwf57r2!19sChIJlwwM6FkhoFMR7wzY8aK1AvE
EDL Building Solutions,HVAC contractor,11810 152 St NW,4.6,66,53.570665,-113.584171,53.5521992,-113.6795416,6625,TRUE,metals,2026-09-29T17:00:39.783Z,https://www.google.com/maps/place/EDL+Building+Solutions/data=!4m7!3m6!1s0x53a021500e12bdff:0x94202be76d588dbc!8m2!3d53.570665!4d-113.584171!16s%2Fg%2F1tgqj2xh!19sChIJ_70SDlAhoFMRvI1YbecrIJQ
Galva Metal Products,Corporate office,16145 114 Ave NW,5,1,53.562326,-113.600186,53.5521992,-113.6795416,5361,TRUE,metals,2026-09-29T17:00:39.783Z,https://www.google.com/maps/place/Galva+Metal+Products/data=!4m7!3m6!1s0x53a02138c2f51507:0x7afe9ae787edd10c!8m2!3d53.562326!4d-113.600186!16s%2Fg%2F11lvzv55_z!19sChIJBxX1wjghoFMRDNHth-ea_no
Refined Interiors Inc.,Interior construction contractor,17412 105 Ave NW #101,3.9,14,53.549204,-113.621497,53.5521992,-113.6795416,3849,TRUE,refining,2026-09-29T17:01:52.779Z,https://www.google.com/maps/place/Refined+Interiors+Inc./data=!4m7!3m6!1s0x53a020ddf6af5247:0x4c74eebe8fe826c4!8m2!3d53.549204!4d-113.621497!16s%2Fg%2F11b6jggpzj!19sChIJR1Kv9t0goFMRxCboj77udEw
Whitemud Creek Mining Co.,,,4.7,3,53.4844873,-113.5542967,53.5521992,-113.6795416,11192,TRUE,mining,2026-09-29T17:00:54.785Z,https://www.google.com/maps/place/Whitemud+Creek+Mining+Co./data=!4m7!3m6!1s0x53a01f0076732dcd:0x40656d06f47776e0!8m2!3d53.4844873!4d-113.5542967!16s%2Fg%2F11xsqstp94!19sChIJzS1zdgAfoFMR4HZ39AZtZUA
CN Edmonton Intermodal Terminal (MIT),Container terminal,12311 184 St NW Unit 8,3,79,53.575924,-113.6367909,53.5521992,-113.6795416,3864,TRUE,CNC,2026-09-29T16:58:34.784Z,https://www.google.com/maps/place/CN+Edmonton+Intermodal+Terminal+%28MIT%29/data=!4m7!3m6!1s0x53a026d3f0f08dd9:0x2a91efca5a06e89b!8m2!3d53.575924!4d-113.6367909!16s%2Fg%2F11fylqmjrh!19sChIJ2Y3w8NMmoFMRm-gGWsrvkSo
E-mining,Mining company,12520 123 St NW,,,53.581743,-113.5344986,53.5521992,-113.6795416,10126,TRUE,mining,2026-09-29T17:00:54.785Z,https://www.google.com/maps/place/E-mining/data=!4m7!3m6!1s0x53a0230cd9d22943:0xb316ca777e3094fb!8m2!3d53.581743!4d-113.5344986!16s%2Fg%2F11nnym15ml!19sChIJQynS2QwjoFMR-5QwfnfKFrM
IronTrail Mining Services Inc.,Mining company,10180 101 St NW Suite 450,5,1,53.5426619,-113.4947259,53.5521992,-113.6795416,12256,TRUE,mining,2026-09-29T17:00:54.785Z,https://www.google.com/maps/place/IronTrail+Mining+Services+Inc./data=!4m7!3m6!1s0x53a0231b7cc165c3:0x4e0802a947c92e2f!8m2!3d53.5426619!4d-113.4947259!16s%2Fg%2F11n3hd32d6!19sChIJw2XBfBsjoFMRLy7JR6kCCE4
Hansen Distillery,Distillery,17412 111 Ave NW,4.9,179,53.5599643,-113.6222116,53.5521992,-113.6795416,3884,TRUE,casting,2026-09-29T16:59:00.780Z,https://www.google.com/maps/place/Hansen+Distillery/data=!4m7!3m6!1s0x53a02125d062894b:0x213d49af1bfc5741!8m2!3d53.5599643!4d-113.6222116!16s%2Fg%2F11cs5qczbt!19sChIJS4li0CUhoFMRQVf8G69JPSE
Prairie Mines & Royalty Ltd,Mining company,10123 99 St NW,,,53.5421578,-113.4878996,53.5521992,-113.6795416,12710,TRUE,mining,2026-09-29T17:00:54.785Z,https://www.google.com/maps/place/Prairie+Mines+%26+Royalty+Ltd/data=!4m7!3m6!1s0x53a0224f3efd7181:0xf222a37135d2f260!8m2!3d53.5421578!4d-113.4878996!16s%2Fg%2F11b5wmk8dg!19sChIJgXH9Pk8ioFMRYPLSNXGjIvI
WS Mining Enterprises Inc.,,,,,53.5611008,-113.5677982,53.5521992,-113.6795416,7447,TRUE,mining,2026-09-29T17:00:54.785Z,https://www.google.com/maps/place/WS+Mining+Enterprises+Inc./data=!4m7!3m6!1s0x53a021674c4dca99:0xe7bda94b0a8b909a!8m2!3d53.5611008!4d-113.5677982!16s%2Fg%2F11x78wpsrw!19sChIJmcpNTGchoFMRmpCLCkupvec
Finning Canada Power Systems,Construction equipment supplier,17330 109 Ave NW,3.9,39,53.556673,-113.6211041,53.5521992,-113.6795416,3892,TRUE,power generation,2026-09-29T17:03:21.779Z,https://www.google.com/maps/place/Finning+Canada+Power+Systems/data=!4m7!3m6!1s0x53a021215240fc61:0x4884cf7772882339!8m2!3d53.556673!4d-113.6211041!16s%2Fg%2F11b8_pfy8_!19sChIJYfxAUiEhoFMROSOIcnfPhEg
Caterpillar,Corporate office,13245 140 Ave NW #201,5,1,53.60138,-113.54949,53.5521992,-113.6795416,10180,TRUE,mining,2026-09-29T17:00:54.785Z,https://www.google.com/maps/place/Caterpillar/data=!4m7!3m6!1s0x53a0246d94f7f84d:0x445f0e56f91b85b5!8m2!3d53.60138!4d-113.54949!16s%2Fg%2F11clw53nf9!19sChIJTfj3lG0koFMRtYUb-VYOX0Q
Quarry Direct,Quarry,11745 89 St NW,,,53.5701046,-113.4779992,53.5521992,-113.6795416,13459,TRUE,quarrying,2026-09-29T17:01:02.795Z,https://www.google.com/maps/place/Quarry+Direct/data=!4m7!3m6!1s0x53a0230f6f288e59:0x81a93acba196c6cb!8m2!3d53.5701046!4d-113.4779992!16s%2Fg%2F11b5wf3xmd!19sChIJWY4obw8joFMRy8aWocs6qYE
Anixter Edmonton,Electrical supply store,12354 184 St NW,3.6,38,53.5796321,-113.6427086,53.5521992,-113.6795416,3901,TRUE,sensors,2026-09-29T17:08:29.784Z,https://www.google.com/maps/place/Anixter+Edmonton/data=!4m7!3m6!1s0x53a026d0c6d235a3:0xbf6a76c6ffe8807d!8m2!3d53.5796321!4d-113.6427086!16s%2Fg%2F1tqckxgr!19sChIJozXSxtAmoFMRfYDo_8Z2ar8
Oldstone Rock Quarries,Quarry,728 Burley Dr NW,,,53.4721386,-113.5688208,53.5521992,-113.6795416,11526,TRUE,quarrying,2026-09-29T17:01:02.795Z,https://www.google.com/maps/place/Oldstone+Rock+Quarries/data=!4m7!3m6!1s0x53a01f98479eaaab:0x11b6917de961d585!8m2!3d53.4721386!4d-113.5688208!16s%2Fg%2F11lgzp16g1!19sChIJq6qeR5gfoFMRhdVh6X2RthE
Mill Creek Ravine Quarry,,,4.8,4,53.5127112,-113.4696732,53.5521992,-113.6795416,14549,TRUE,quarrying,2026-09-29T17:01:02.795Z,https://www.google.com/maps/place/Mill+Creek+Ravine+Quarry/data=!4m7!3m6!1s0x53a01987e1270f85:0x219dee82b349992!8m2!3d53.5127112!4d-113.4696732!16s%2Fg%2F11kqfrwtb0!19sChIJhQ8n4YcZoFMRkpk0K-jeGQI
Yellow Edmonton - Gas Station,Gas station,15411 118 Ave NW,5,15,53.5700766,-113.5877783,53.5521992,-113.6795416,6378,TRUE,oil and gas,2026-09-29T17:01:18.783Z,https://www.google.com/maps/place/Yellow+Edmonton+-+Gas+Station/data=!4m7!3m6!1s0x53a0215fbb769beb:0x3560df81f1e20453!8m2!3d53.5700766!4d-113.5877783!16s%2Fg%2F11n4thd5ds!19sChIJ65t2u18hoFMRUwTi8YHfYDU
Dandy Oil Products Ltd ( Edmonton),Diesel fuel supplier,15630 118 Ave NW,4.7,3,53.570527,-113.591724,53.5521992,-113.6795416,6148,TRUE,oil and gas,2026-09-29T17:01:18.783Z,https://www.google.com/maps/place/Dandy+Oil+Products+Ltd+%28+Edmonton%29/data=!4m7!3m6!1s0x53a0214f10f43d2f:0xcc0293b6b85b4724!8m2!3d53.570527!4d-113.591724!16s%2Fg%2F1tdlbd65!19sChIJLz30EE8hoFMRJEdbuLaTAsw
Petro-Pass Truck Stop,Gas station,15630 118 Ave NW,3.7,211,53.57133,-113.591728,53.5521992,-113.6795416,6177,TRUE,oil and gas,2026-09-29T17:01:18.783Z,https://www.google.com/maps/place/Petro-Pass+Truck+Stop/data=!4m7!3m6!1s0x53a0214f0242cb05:0xf9245da4d1e23dd2!8m2!3d53.57133!4d-113.591728!16s%2Fg%2F12jst9wm7!19sChIJBctCAk8hoFMR0j3i0aRdJPk
BVD Petroleum,Gas station,16002 114 Ave NW,4,21,53.563632,-113.597926,53.5521992,-113.6795416,5539,TRUE,oil and gas,2026-09-29T17:01:18.783Z,https://www.google.com/maps/place/BVD+Petroleum/data=!4m7!3m6!1s0x53a02147606d4a81:0xb77f34805a8c8efb!8m2!3d53.563632!4d-113.597926!16s%2Fg%2F1tmqfx95!19sChIJgUptYEchoFMR-46MWoA0f7c
Versys Verified Systems,General contractor,17317 107 Ave NW,4.8,5,53.5529764,-113.6200509,53.5521992,-113.6795416,3931,TRUE,instrumentation,2026-09-29T17:08:20.787Z,https://www.google.com/maps/place/Versys+Verified+Systems/data=!4m7!3m6!1s0x53a020ba64f0b671:0x60bd23885e1933d2!8m2!3d53.5529764!4d-113.6200509!16s%2Fg%2F11clygn3fm!19sChIJcbbwZLogoFMR0jMZXogjvWA
City Fueling Bay NW,Gas station,14330 114 Ave NW,3.9,15,53.5631178,-113.5699952,53.5521992,-113.6795416,7337,TRUE,oil and gas,2026-09-29T17:01:18.783Z,https://www.google.com/maps/place/City+Fueling+Bay+NW/data=!4m7!3m6!1s0x53a0215365eeaf47:0x7a4e5ff20474591d!8m2!3d53.5631178!4d-113.5699952!16s%2Fg%2F11cn0z6sg5!19sChIJR6_uZVMhoFMRHVl0BPJfTno
The Governor Shop Ltd.,Oil field equipment supplier,15369 117 Ave NW,5,5,53.5687367,-113.5852012,53.5521992,-113.6795416,6497,TRUE,oil and gas,2026-09-29T17:01:18.783Z,https://www.google.com/maps/place/The+Governor+Shop+Ltd./data=!4m7!3m6!1s0x53a018730f830b91:0x21f328e530a95cb3!8m2!3d53.5687367!4d-113.5852012!16s%2Fg%2F11bxdw6nks!19sChIJkQuDD3MYoFMRs1ypMOUo8yE
Chris Page & Associates Ltd,Oil & natural gas company,14435 124 Ave NW,4.2,11,53.5785241,-113.5707329,53.5521992,-113.6795416,7759,TRUE,oil and gas,2026-09-29T17:01:18.783Z,https://www.google.com/maps/place/Chris+Page+%26+Associates+Ltd/data=!4m7!3m6!1s0x53a023fe70be3ca9:0xc89fd5bcfd2711f7!8m2!3d53.5785241!4d-113.5707329!16s%2Fg%2F1wcxcsbn!19sChIJqTy-cP4joFMR9xEn_bzVn8g
Canm Oil Tool Inc.,Oil field equipment supplier,14518a 115a Ave NW,,,53.5662877,-113.5716071,53.5521992,-113.6795416,7299,TRUE,oil and gas,2026-09-29T17:01:18.783Z,https://www.google.com/maps/place/Canm+Oil+Tool+Inc./data=!4m7!3m6!1s0x53a022a248770199:0x49dadf8ddb2ffd77!8m2!3d53.5662877!4d-113.5716071!16s%2Fg%2F1pyqg0tr9!19sChIJmQF3SKIioFMRd_0v243f2kk
DLR Metalworks,Metal fabricator,"***Shop Visits By Appointment Only***, 914 Goshawk Point NW",5,39,53.5866658,-113.6940789,53.5521992,-113.6795416,3951,TRUE,metalworking,2026-09-29T16:57:46.785Z,https://www.google.com/maps/place/DLR+Metalworks/data=!4m7!3m6!1s0x53a027c3c6dd175f:0x3586c5ce43ae4efe!8m2!3d53.5866658!4d-113.6940789!16s%2Fg%2F11pz87dj86!19sChIJXxfdxsMnoFMR_k6uQ87FhjU
Costco Gas Station,Gas station,12450 149 St,4.5,816,53.5807792,-113.5805637,53.5521992,-113.6795416,7268,TRUE,oil and gas,2026-09-29T17:01:18.783Z,https://www.google.com/maps/place/Costco+Gas+Station/data=!4m7!3m6!1s0x53a02155276d9dbd:0x67dd550197246508!8m2!3d53.5807792!4d-113.5805637!16s%2Fg%2F11ddwt0xl1!19sChIJvZ1tJ1UhoFMRCGUklwFV3Wc
Deep Well Oil & Gas Inc,Oil & natural gas company,10150 100 St NW,5,1,53.5424639,-113.4908779,53.5521992,-113.6795416,12511,TRUE,oil and gas,2026-09-29T17:01:18.783Z,https://www.google.com/maps/place/Deep+Well+Oil+%26+Gas+Inc/data=!4m7!3m6!1s0x53a0224594545d01:0xe797e45820d1d845!8m2!3d53.5424639!4d-113.4908779!16s%2Fg%2F1vxfzvp2!19sChIJAV1UlEUioFMRRdjRIFjkl-c
Petro-Canada,Gas station,15604 95 Ave NW,3.7,144,53.531956,-113.591035,53.5521992,-113.6795416,6266,TRUE,oil and gas,2026-09-29T17:01:18.783Z,https://www.google.com/maps/place/Petro-Canada/data=!4m7!3m6!1s0x53a021a85f78ee8b:0x4cd3904cad6d32d8!8m2!3d53.531956!4d-113.591035!16s%2Fg%2F11bvt9hgy4!19sChIJi-54X6ghoFMR2DJtrUyQ00w
Big Rig Power,Diesel engine repair service,15515 115a Ave NW,4.1,107,53.5652875,-113.5889657,53.5521992,-113.6795416,6157,TRUE,oil and gas,2026-09-29T17:01:18.783Z,https://www.google.com/maps/place/Big+Rig+Power/data=!4m7!3m6!1s0x4163a3359983118f:0x898bd0eba9c72746!8m2!3d53.5652875!4d-113.5889657!16s%2Fg%2F11btltngsv!19sChIJjxGDmTWjY0ERRifHqevQi4k
ElmTree Manufacturing,Pharmaceutical company,17208 108 Ave NW,5,1,53.5547317,-113.6195447,53.5521992,-113.6795416,3973,TRUE,manufacturing,2026-09-29T16:54:38.778Z,https://www.google.com/maps/place/ElmTree+Manufacturing/data=!4m7!3m6!1s0x53a02123d5f1333d:0x34b64c626daa9fc!8m2!3d53.5547317!4d-113.6195447!16s%2Fg%2F1td47ng2!19sChIJPTPx1SMhoFMR_KnaJsZkSwM
Canadian Tire,Department store,"West Point Centre, 9909 178 St NW",4,4163,53.5356306,-113.6260776,53.5521992,-113.6795416,3984,TRUE,supply chain,2026-09-29T17:10:38.282Z,https://www.google.com/maps/place/Canadian+Tire/data=!4m7!3m6!1s0x53a020fae3f0c70d:0x5be66af40d743c98!8m2!3d53.5356306!4d-113.6260776!16s%2Fg%2F1v5frlf2!19sChIJDcfw4_ogoFMRmDx0DfRq5ls
Canadian Tire Gas+,Gas station,16125 Stony Plain Rd,3.9,64,53.5411252,-113.6003538,53.5521992,-113.6795416,5375,TRUE,oil and gas,2026-09-29T17:01:18.783Z,https://www.google.com/maps/place/Canadian+Tire+Gas%2B/data=!4m7!3m6!1s0x53a0210503fc6dbf:0xffc5ecba3fde7978!8m2!3d53.5411252!4d-113.6003538!16s%2Fg%2F1thk8f7r!19sChIJv238AwUhoFMReHneP7rsxf8
AMSOIL Distribution Center,Warehouse,14328 121a Ave NW,4.5,55,53.5739524,-113.5684023,53.5521992,-113.6795416,7728,TRUE,oil and gas,2026-09-29T17:01:18.783Z,https://www.google.com/maps/place/AMSOIL+Distribution+Center/data=!4m7!3m6!1s0x4163bb5742264e59:0xafdab6d22f3ffb25!8m2!3d53.5739524!4d-113.5684023!16s%2Fg%2F11b6g9x3rb!19sChIJWU4mQle7Y0ERJfs_L9K22q8
Heartland Petrochemical Complex,Manufacturer,55436 Range Rd 220,4.3,12,53.7831008,-113.1255296,53.5521992,-113.6795416,44624,FALSE,petrochemicals,2026-09-29T17:01:26.946Z,https://www.google.com/maps/place/Heartland+Petrochemical+Complex/data=!4m7!3m6!1s0x53a04fcccd6e6d95:0xc85f9ead82fc1a54!8m2!3d53.7831008!4d-113.1255296!16s%2Fg%2F11h5vks5fy!19sChIJlW1uzcxPoFMRVBr8gq2eX8g
PDH Facility,,,4.7,3,53.7786719,-113.1289609,53.5521992,-113.6795416,44158,FALSE,petrochemicals,2026-09-29T17:01:26.946Z,https://www.google.com/maps/place/PDH+Facility/data=!4m7!3m6!1s0x53a04f454c9c2fad:0x8dd49e5f491870ab!8m2!3d53.7786719!4d-113.1289609!16s%2Fg%2F11gfjbzjlk!19sChIJrS-cTEVPoFMRq3AYSV-e1I0
Strathcona Oil Refinery,Oil refinery,3400 101 Ave NW,3.6,43,53.5417893,-113.4016417,53.5521992,-113.6795416,18397,FALSE,petrochemicals,2026-09-29T17:01:26.946Z,https://www.google.com/maps/place/Strathcona+Oil+Refinery/data=!4m7!3m6!1s0x53a022b27d305bd7:0xe2e756603620f777!8m2!3d53.5417893!4d-113.4016417!16s%2Fm%2F0h536q8!19sChIJ11swfbIioFMRd_cgNmBW5-I
ZymeFlow,Chemical manufacturer,9267 41 Ave NW,5,1,53.4760956,-113.4719169,53.5521992,-113.6795416,16127,TRUE,petrochemicals,2026-09-29T17:01:26.946Z,https://www.google.com/maps/place/ZymeFlow/data=!4m7!3m6!1s0x53a019002a8cf2c5:0xcd64d26bd4d8d509!8m2!3d53.4760956!4d-113.4719169!16s%2Fg%2F11vz2ysrzq!19sChIJxfKMKgAZoFMRCdXY1GvSZM0
International Petro.,Business to business service,6431 Sandin Crescent NW,,,53.43975,-113.5669119,53.5521992,-113.6795416,14555,FALSE,petrochemicals,2026-09-29T17:01:26.946Z,https://www.google.com/maps/place/International+Petro./data=!4m7!3m6!1s0x53a01e36e58dffeb:0x278fb627966fa3b!8m2!3d53.43975!4d-113.5669119!16s%2Fg%2F11y5mdtgyw!19sChIJ6_-N5TYeoFMRO_pmeWL7eAI
Apave North America Corp,Engineer,5311 86 St NW,2.2,18,53.4908334,-113.4542386,53.5521992,-113.6795416,16383,TRUE,petrochemicals,2026-09-29T17:01:26.946Z,https://www.google.com/maps/place/Apave+North+America+Corp/data=!4m7!3m6!1s0x53a0224580deff23:0x51488b3e2b118092!8m2!3d53.4908334!4d-113.4542386!16s%2Fg%2F1tctf8q0!19sChIJI__egEUioFMRkoARKz6LSFE
Dow Chemical Canada Ulc,Petroleum products company,"103 Street, AB-15",4.4,40,53.7336472,-113.1724288,53.5521992,-113.6795416,39045,FALSE,petrochemicals,2026-09-29T17:01:26.946Z,https://www.google.com/maps/place/Dow+Chemical+Canada+Ulc/data=!4m7!3m6!1s0x53a0479985d63fc3:0xc42952555b3e9d42!8m2!3d53.7336472!4d-113.1724288!16s%2Fg%2F1tczq16v!19sChIJwz_WhZlHoFMRQp0-W1VSKcQ
CKPC Petrochemical Site,,,5,1,53.82761,-113.1480027,53.5521992,-113.6795416,46505,FALSE,petrochemicals,2026-09-29T17:01:26.946Z,https://www.google.com/maps/place/CKPC+Petrochemical+Site/data=!4m7!3m6!1s0x53a04f4653398647:0x2be0b513affd8c84!8m2!3d53.82761!4d-113.1480027!16s%2Fg%2F11h0ms1zpn!19sChIJR4Y5U0ZPoFMRhIz9rxO14Cs
Quadra Group,Chemical wholesaler,12925 146 St NW,4.1,7,53.5859088,-113.5709918,53.5521992,-113.6795416,8089,TRUE,chemicals,2026-09-29T17:01:42.788Z,https://www.google.com/maps/place/Quadra+Group/data=!4m7!3m6!1s0x53a02406d08fddef:0x1d16d054582df264!8m2!3d53.5859088!4d-113.5709918!16s%2Fg%2F1w96gf4h!19sChIJ792P0AYkoFMRZPItWFTQFh0
ClearTech Industries Edmonton,Chemical manufacturer,12720 Inland Way NW,3.9,10,53.58265,-113.5950954,53.5521992,-113.6795416,6524,TRUE,chemicals,2026-09-29T17:01:42.788Z,https://www.google.com/maps/place/ClearTech+Industries+Edmonton/data=!4m7!3m6!1s0x53a0212c9ac5bce1:0xdaf17100689e127b!8m2!3d53.58265!4d-113.5950954!16s%2Fg%2F1vs5wdb5!19sChIJ4bzFmiwhoFMRexKeaABx8do
Hydra Chem,Chemical wholesaler,15635 112 Ave NW,5,2,53.5606023,-113.594011,53.5521992,-113.6795416,5726,TRUE,chemicals,2026-09-29T17:01:42.788Z,https://www.google.com/maps/place/Hydra+Chem/data=!4m7!3m6!1s0x53a0214061ab3989:0x2b0f6498edfbdb22!8m2!3d53.5606023!4d-113.594011!16s%2Fg%2F11l37_9pyv!19sChIJiTmrYUAhoFMRItv77ZhkDys
Energy Network Services Inc.,Lighting contractor,17221 106 Ave NW,5,2,53.5501478,-113.6192804,53.5521992,-113.6795416,3987,TRUE,energy,2026-09-29T17:02:09.787Z,https://www.google.com/maps/place/Energy+Network+Services+Inc./data=!4m7!3m6!1s0x53a02147019f3299:0x383abc1346633436!8m2!3d53.5501478!4d-113.6192804!16s%2Fg%2F11n7fkxjxp!19sChIJmTKfAUchoFMRNjRjRhO8Ojg
Chembrite Industries Inc,Chemical manufacturer,16323 130 Ave NW,5,1,53.5874442,-113.6048354,53.5521992,-113.6795416,6300,TRUE,chemicals,2026-09-29T17:01:42.788Z,https://www.google.com/maps/place/Chembrite+Industries+Inc/data=!4m7!3m6!1s0x53a026b00b71c7c9:0x75cd14f5227be1f4!8m2!3d53.5874442!4d-113.6048354!16s%2Fg%2F1td6rxxq!19sChIJycdxC7AmoFMR9OF7IvUUzXU
Hexion Canada Inc,Chemical plant,12621 156 St NW,,,53.5846332,-113.5869289,53.5521992,-113.6795416,7100,TRUE,chemicals,2026-09-29T17:01:42.788Z,https://www.google.com/maps/place/Hexion+Canada+Inc/data=!4m7!3m6!1s0x53a026acfa627ab3:0x5bdfbd1ad9a2a09e!8m2!3d53.5846332!4d-113.5869289!16s%2Fg%2F1tdy44ff!19sChIJs3pi-qwmoFMRnqCi2Rq931s
Royal Caretaking Supplies,Cleaning products supplier,11640 147 St NW,5,7,53.5684209,-113.574625,53.5521992,-113.6795416,7160,TRUE,chemicals,2026-09-29T17:01:42.788Z,https://www.google.com/maps/place/Royal+Caretaking+Supplies/data=!4m7!3m6!1s0x53a023ccaf9b4ef9:0x24e63c71c5e31e9c!8m2!3d53.5684209!4d-113.574625!16s%2Fg%2F1hc1vth4t!19sChIJ-U6br8wjoFMRnB7jxXE85iQ
RJC Engineers,Engineering consultant,17415 102 Ave NW #100,4.3,10,53.5425421,-113.6212238,53.5521992,-113.6795416,4000,TRUE,engineering,2026-09-29T17:05:55.774Z,https://www.google.com/maps/place/RJC+Engineers/data=!4m7!3m6!1s0x53a021569e0862dd:0xc9f5aa6ef9128685!8m2!3d53.5425421!4d-113.6212238!16s%2Fg%2F1hc1_cp25!19sChIJ3WIInlYhoFMRhYYS-W6q9ck
West Penetone inc.,Chemical plant,11411 160 St NW,5,1,53.5638098,-113.596892,53.5521992,-113.6795416,5610,TRUE,chemicals,2026-09-29T17:01:42.788Z,https://www.google.com/maps/place/West+Penetone+inc./data=!4m7!3m6!1s0x53a021858697d175:0x6f6737ab86761d7d!8m2!3d53.5638098!4d-113.596892!16s%2Fg%2F11r9fpt466!19sChIJddGXhoUhoFMRfR12hqs3Z28
White Cap (National Concrete Accessories),Building materials supplier,12404 184 St NW,3.4,38,53.5801959,-113.64111,53.5521992,-113.6795416,4017,TRUE,casting,2026-09-29T16:59:00.780Z,https://www.google.com/maps/place/White+Cap+%28National+Concrete+Accessories%29/data=!4m7!3m6!1s0x4163bca9be9b0459:0x6da3cd50bf981b1e!8m2!3d53.5801959!4d-113.64111!16s%2Fg%2F1q6h_326x!19sChIJWQSbvqm8Y0ERHhuYv1DNo20
W.E. Greer Ltd.,Janitorial equipment supplier,14704 119 Ave NW,4.6,27,53.5718756,-113.5752219,53.5521992,-113.6795416,7229,TRUE,chemicals,2026-09-29T17:01:42.788Z,https://www.google.com/maps/place/W.E.+Greer+Ltd./data=!4m7!3m6!1s0x53a02159e3fa3fd5:0x6821782886f4e819!8m2!3d53.5718756!4d-113.5752219!16s%2Fg%2F1td2gljj!19sChIJ1T_641khoFMRGej0hih4IWg
Norwesco Canada Ltd.,Manufacturer,12015 152 St NW,3.4,11,53.5726009,-113.5829228,53.5521992,-113.6795416,6772,TRUE,chemicals,2026-09-29T17:01:42.788Z,https://www.google.com/maps/place/Norwesco+Canada+Ltd./data=!4m7!3m6!1s0x53a0215053c0660b:0xd56156cd677d9c37!8m2!3d53.5726009!4d-113.5829228!16s%2Fg%2F1tf_sk6x!19sChIJC2bAU1AhoFMRN5x9Z81WYdU
Canada Cartage,Logistics service,17508 116 Ave NW,3.1,84,53.5659179,-113.6232018,53.5521992,-113.6795416,4022,TRUE,supply chain,2026-09-29T17:10:38.282Z,https://www.google.com/maps/place/Canada+Cartage/data=!4m7!3m6!1s0x53a0212ef1d95c99:0xe7845a9e0d2cf6a2!8m2!3d53.5659179!4d-113.6232018!16s%2Fg%2F1hc1zy9x9!19sChIJmVzZ8S4hoFMRovYsDZ5ahOc
Rail Shop Services Inc.,Manufacturer,10810 172 St NW,4.8,5,53.5550799,-113.618665,53.5521992,-113.6795416,4034,TRUE,repair and operations,2026-09-29T17:10:07.807Z,https://www.google.com/maps/place/Rail+Shop+Services+Inc./data=!4m7!3m6!1s0x53a023eab1ae69ed:0xbd06b4245f5be5f2!8m2!3d53.5550799!4d-113.618665!16s%2Fg%2F11b63fp83m!19sChIJ7WmuseojoFMR8uVbXyS0Br0
Canadian Dry Ice Edmonton,Dry ice supplier,14540 115 Ave NW,4.8,39,53.5654616,-113.5730801,53.5521992,-113.6795416,7185,TRUE,chemicals,2026-09-29T17:01:42.788Z,https://www.google.com/maps/place/Canadian+Dry+Ice+Edmonton/data=!4m7!3m6!1s0x53a02197a01435e3:0x31fa85a1012afa5c!8m2!3d53.5654616!4d-113.5730801!16s%2Fg%2F11l6l88hyg!19sChIJ4zUUoJchoFMRXPoqAaGF-jE
Alta Powder Coating,Powder coating service,11575 154 St,4.9,86,53.5678306,-113.5869911,53.5521992,-113.6795416,6355,TRUE,chemicals,2026-09-29T17:01:42.788Z,https://www.google.com/maps/place/Alta+Powder+Coating/data=!4m7!3m6!1s0x53a021450cbda981:0x71b20387ca221fd7!8m2!3d53.5678306!4d-113.5869911!16s%2Fg%2F1tfg2s77!19sChIJgam9DEUhoFMR1x8iyocDsnE
Suncor Energy Edmonton Refinery,Oil & natural gas company,801 Petroleum Wy,4.4,162,53.5537072,-113.3453717,53.5521992,-113.6795416,22075,FALSE,refining,2026-09-29T17:01:52.779Z,https://www.google.com/maps/place/Suncor+Energy+Edmonton+Refinery/data=!4m7!3m6!1s0x53a0224fd23fffff:0x4e078da417de0e61!8m2!3d53.5537072!4d-113.3453717!16s%2Fg%2F12q4x9bbr!19sChIJ__8_0k8ioFMRYQ7eF6SNB04
Alberta Institute PMAC,Non-profit organization,17420 Stony Plain Rd,5,1,53.5422252,-113.6207672,53.5521992,-113.6795416,4038,TRUE,supply chain,2026-09-29T17:10:38.282Z,https://www.google.com/maps/place/Alberta+Institute+PMAC/data=!4m7!3m6!1s0x53a020e304e41029:0xdf28bddebaa64c84!8m2!3d53.5422252!4d-113.6207672!16s%2Fg%2F11b5wn1n53!19sChIJKRDkBOMgoFMRhEymut69KN8
NWR Sturgeon Refinery,Oil refinery,56212 Range Rd 220,4.5,15,53.8396354,-113.126224,53.5521992,-113.6795416,48461,FALSE,refining,2026-09-29T17:01:52.779Z,https://www.google.com/maps/place/NWR+Sturgeon+Refinery/data=!4m7!3m6!1s0x53a04e60412a7825:0xa116ac90322e748c!8m2!3d53.8396354!4d-113.126224!16s%2Fg%2F11c44qfbf4!19sChIJJXgqQWBOoFMRjHQuMpCsFqE
Thermal Works Industrial,Corporate office,10610 172 St NW,5,1,53.5509112,-113.6184438,53.5521992,-113.6795416,4039,TRUE,Industrial,2026-09-29T16:54:16.371Z,https://www.google.com/maps/place/Thermal+Works+Industrial/data=!4m7!3m6!1s0x53a0211f65f1dc3f:0xeaf6a6a03b1c3d77!8m2!3d53.5509112!4d-113.6184438!16s%2Fg%2F11g69ggd_c!19sChIJP9zxZR8hoFMRdz0cO6Cm9uo
NWR Sturgeon Refinery,Oil refinery,"56216 RR20, AB-643",4.6,14,53.8438339,-113.1013942,53.5521992,-113.6795416,50002,FALSE,refining,2026-09-29T17:01:52.779Z,https://www.google.com/maps/place/NWR+Sturgeon+Refinery/data=!4m7!3m6!1s0x53a04e6a48502fc7:0xcfae845734a5a726!8m2!3d53.8438339!4d-113.1013942!16s%2Fg%2F11b6y_z0cn!19sChIJxy9QSGpOoFMRJqelNFeErs8
Suncor Energy,Chemical plant,,4,12,53.552392,-113.3454017,53.5521992,-113.6795416,22073,FALSE,refining,2026-09-29T17:01:52.779Z,https://www.google.com/maps/place/Suncor+Energy/data=!4m7!3m6!1s0x53a03d657655b5a9:0xec51a63a059d8745!8m2!3d53.552392!4d-113.3454017!16s%2Fg%2F11c5_2njqg!19sChIJqbVVdmU9oFMRRYedBTqmUew
NWR Refinery,Oil refinery,"2W0, AB-643",3.5,2,53.861685,-113.099782,53.5521992,-113.6795416,51384,FALSE,refining,2026-09-29T17:01:52.779Z,https://www.google.com/maps/place/NWR+Refinery/data=!4m7!3m6!1s0x53a04e097742a5a5:0xcc2144daac798c97!8m2!3d53.861685!4d-113.099782!16s%2Fg%2F11fxvndvgp!19sChIJpaVCdwlOoFMRl4x5rNpEIcw
The Gold Refiner INC,Jewelry store,8330 Whyte Ave NW,4.4,7,53.5209567,-113.4570624,53.5521992,-113.6795416,15107,TRUE,refining,2026-09-29T17:01:52.779Z,https://www.google.com/maps/place/The+Gold+Refiner+INC/data=!4m7!3m6!1s0x53a022792ef1afa9:0xb328f6ef6ca6dd2c!8m2!3d53.5209567!4d-113.4570624!16s%2Fg%2F11h01r9fg!19sChIJqa_xLnkioFMRLN2mbO_2KLM
Suncor Energy Inc,Oil refinery,241 Kaska Rd,5,4,53.538463,-113.3278503,53.5521992,-113.6795416,23287,FALSE,refining,2026-09-29T17:01:52.779Z,https://www.google.com/maps/place/Suncor+Energy+Inc/data=!4m7!3m6!1s0x53a017d76bfae0e5:0xff97951add6f6a74!8m2!3d53.538463!4d-113.3278503!16s%2Fg%2F1tdvd82z!19sChIJ5eD6a9cXoFMRdGpv3RqVl_8
pdVault,Automation company,10612 172 St NW,,,53.5509699,-113.6183543,53.5521992,-113.6795416,4044,TRUE,SCADA,2026-09-29T17:07:48.964Z,https://www.google.com/maps/place/pdVault/data=!4m7!3m6!1s0x53a0214543bfa687:0xec1f89c4766cdcac!8m2!3d53.5509699!4d-113.6183543!16s%2Fg%2F11jn4g4w7y!19sChIJh6a_Q0UhoFMRrNxsdsSJH-w
Refined Health & Wellness,Massage therapist,7 St Anne St #221,4.9,264,53.6353649,-113.6257346,53.5521992,-113.6795416,9906,TRUE,refining,2026-09-29T17:01:52.779Z,https://www.google.com/maps/place/Refined+Health+%26+Wellness/data=!4m7!3m6!1s0x53a025d8a839e4bd:0x49a1c70fc2166ad5!8m2!3d53.6353649!4d-113.6257346!16s%2Fg%2F11b6vfshwh!19sChIJveQ5qNgloFMR1WoWwg_HoUk
Polyrhythm Brewing,Brewery,11635 145 St NW,4.9,238,53.5690611,-113.5699535,53.5521992,-113.6795416,7477,TRUE,refining,2026-09-29T17:01:52.779Z,https://www.google.com/maps/place/Polyrhythm+Brewing/data=!4m7!3m6!1s0x53a01f4a3d5aaaab:0x5fd0b561f18420b1!8m2!3d53.5690611!4d-113.5699535!16s%2Fg%2F11t5_8z2h1!19sChIJq6paPUofoFMRsSCE8WG10F8
Blackrock EMI,Engineering consultant,10610 172 St NW,5,1,53.5508961,-113.6183709,53.5521992,-113.6795416,4044,TRUE,instrumentation,2026-09-29T17:08:20.787Z,https://www.google.com/maps/place/Blackrock+EMI/data=!4m7!3m6!1s0x53a0211f7b4fd74b:0x25d9877ba3ac8756!8m2!3d53.5508961!4d-113.6183709!16s%2Fg%2F11f4qhrfy7!19sChIJS9dPex8hoFMRVoeso3uH2SU
Refinery Church,Church,3604 76 Ave NW,4.9,18,53.5129661,-113.3979891,53.5521992,-113.6795416,19112,FALSE,refining,2026-09-29T17:01:52.779Z,https://www.google.com/maps/place/Refinery+Church/data=!4m7!3m6!1s0x53a018768536522b:0xd355e42cd01dd65d!8m2!3d53.5129661!4d-113.3979891!16s%2Fg%2F12hk967r9!19sChIJK1I2hXYYoFMRXdYd0CzkVdM
NWR Sturgeon Refinery - Central Admin Building,,,4.5,2,53.8397865,-113.1270523,53.5521992,-113.6795416,48431,FALSE,refining,2026-09-29T17:01:52.779Z,https://www.google.com/maps/place/NWR+Sturgeon+Refinery+-+Central+Admin+Building/data=!4m7!3m6!1s0x53a04e61d26bc7cb:0x8402c51b3aef28ee!8m2!3d53.8397865!4d-113.1270523!16s%2Fg%2F11c44qn38y!19sChIJy8dr0mFOoFMR7ijvOhvFAoQ
Wood & Energy Store,Fireplace store,14840 115 Ave NW,4.1,133,53.5655782,-113.5773247,53.5521992,-113.6795416,6913,TRUE,energy,2026-09-29T17:02:09.787Z,https://www.google.com/maps/place/Wood+%26+Energy+Store/data=!4m7!3m6!1s0x53a0215c861101f3:0x35f3014d2c2eefea!8m2!3d53.5655782!4d-113.5773247!16s%2Fg%2F1tc_3s9t!19sChIJ8wERhlwhoFMR6u8uLE0B8zU
MAG Solar - Edmonton,Solar energy company,15624 116 Ave NW,4.6,28,53.5669819,-113.5917478,53.5521992,-113.6795416,6027,TRUE,energy,2026-09-29T17:02:09.787Z,https://www.google.com/maps/place/MAG+Solar+-+Edmonton/data=!4m7!3m6!1s0x53a01943400db9db:0xf69aadc7ddc42ac8!8m2!3d53.5669819!4d-113.5917478!16s%2Fg%2F11w3lpq2tj!19sChIJ27kNQEMZoFMRyCrE3cetmvY
SkyFire Energy Inc,Solar energy company,12820 153 St NW,4.9,129,53.5855212,-113.5853676,53.5521992,-113.6795416,7239,TRUE,energy,2026-09-29T17:02:09.787Z,https://www.google.com/maps/place/SkyFire+Energy+Inc/data=!4m7!3m6!1s0x53a0230f6c1023b7:0x6f4b00670d36cd11!8m2!3d53.5855212!4d-113.5853676!16s%2Fg%2F1hc2tzhhm!19sChIJtyMQbA8joFMREc02DWcAS28
First Call Energy,Contractor,14815 119 Ave NW #100,4.3,11,53.5712945,-113.5769337,53.5521992,-113.6795416,7102,TRUE,energy,2026-09-29T17:02:09.787Z,https://www.google.com/maps/place/First+Call+Energy/data=!4m7!3m6!1s0x5485d3e41e1aaae1:0x26d1dac31b2f0e05!8m2!3d53.5712945!4d-113.5769337!16s%2Fg%2F11g6blkqt_!19sChIJ4aoaHuTThVQRBQ4vG8Pa0SY
InfernoEnergy,Solar energy system service,15205 112 Ave NW,5,25,53.5605679,-113.5826134,53.5521992,-113.6795416,6470,TRUE,energy,2026-09-29T17:02:09.787Z,https://www.google.com/maps/place/InfernoEnergy/data=!4m7!3m6!1s0x53a0232c22e7ba4b:0xe9740233a0de44db!8m2!3d53.5605679!4d-113.5826134!16s%2Fg%2F11ll9fp8x4!19sChIJS7rnIiwjoFMR20TeoDMCdOk
Reflex Manufacturing Ltd,Insulation contractor,10474 172 St NW,4.3,12,53.5482072,-113.6181323,53.5521992,-113.6795416,4081,TRUE,manufacturing,2026-09-29T16:54:38.778Z,https://www.google.com/maps/place/Reflex+Manufacturing+Ltd/data=!4m7!3m6!1s0x53a0211fb2d44091:0x48b651bf9393b0cb!8m2!3d53.5482072!4d-113.6181323!16s%2Fg%2F1tdx3tkj!19sChIJkUDUsh8hoFMRy7CTk79Rtkg
Great Canadian Solar,Solar energy system service,14576 116 Ave NW,4.9,121,53.5684438,-113.5722413,53.5521992,-113.6795416,7313,TRUE,energy,2026-09-29T17:02:09.787Z,https://www.google.com/maps/place/Great+Canadian+Solar/data=!4m7!3m6!1s0x53a023e4d63f7227:0x91c7c50666659b86!8m2!3d53.5684438!4d-113.5722413!16s%2Fg%2F1hc7_0ssr!19sChIJJ3I_1uQjoFMRhptlZgbFx5E
Cybertech Automation,Engineering consultant,17107 107 Ave NW,4.9,15,53.5527809,-113.6174008,53.5521992,-113.6795416,4105,TRUE,automation,2026-09-29T17:06:57.789Z,https://www.google.com/maps/place/Cybertech+Automation/data=!4m7!3m6!1s0x53a02121f426e101:0x15dfaaba31a92c0f!8m2!3d53.5527809!4d-113.6174008!16s%2Fg%2F11bw2h7wgn!19sChIJAeEm9CEhoFMRDyypMbqq3xU
TC Energy,Corporate office,15870 114 Ave NW,3.3,7,53.5636363,-113.5952643,53.5521992,-113.6795416,5710,TRUE,energy,2026-09-29T17:02:09.787Z,https://www.google.com/maps/place/TC+Energy/data=!4m7!3m6!1s0x53a02147232422d1:0x976d1c02e78da279!8m2!3d53.5636363!4d-113.5952643!16s%2Fg%2F11fxdz23kp!19sChIJ0SIkI0choFMReaKN5wIcbZc
Boreal Energy Solutions,Solar energy company,16760 121 Ave NW Bay # 4,5,55,53.5729578,-113.6121609,53.5521992,-113.6795416,5013,TRUE,energy,2026-09-29T17:02:09.787Z,https://www.google.com/maps/place/Boreal+Energy+Solutions/data=!4m7!3m6!1s0x53a03dc5dca8189f:0x6f52ccb36b46a92a!8m2!3d53.5729578!4d-113.6121609!16s%2Fg%2F11g2y6dybg!19sChIJnxio3MU9oFMRKqlGa7PMUm8
SFC Energy Ltd.,Energy equipment and solutions,12219 156 St,5,2,53.5758218,-113.5895604,53.5521992,-113.6795416,6497,TRUE,energy,2026-09-29T17:02:09.787Z,https://www.google.com/maps/place/SFC+Energy+Ltd./data=!4m7!3m6!1s0x53a0212899ac7ac1:0x48ffb2953ebe094a!8m2!3d53.5758218!4d-113.5895604!16s%2Fg%2F1thxkrgd!19sChIJwXqsmSghoFMRSgm-PpWy_0g
Brandt Operator Safety Training Centre,Training center,10627 172 St NW,4.9,13,53.5516987,-113.617007,53.5521992,-113.6795416,4131,TRUE,machinery,2026-09-29T16:56:29.621Z,https://www.google.com/maps/place/Brandt+Operator+Safety+Training+Centre/data=!4m7!3m6!1s0x53a021bfbbb15e19:0x9ceb4f7b17e11929!8m2!3d53.5516987!4d-113.617007!16s%2Fg%2F11khw29msp!19sChIJGV6xu78hoFMRKRnhF3tP65w
Smart Energy Alternates,Lighting store,16317 111 Ave NW,4.9,13,53.5586766,-113.6042644,53.5521992,-113.6795416,5024,TRUE,energy,2026-09-29T17:02:09.787Z,https://www.google.com/maps/place/Smart+Energy+Alternates/data=!4m7!3m6!1s0x53a0213c1ba51e2d:0x5c184e48a04edb0!8m2!3d53.5586766!4d-113.6042644!16s%2Fg%2F11cnlcw0n4!19sChIJLR6lGzwhoFMRsO0EiuSEwQU
Energy For Less,Gas company,"10405 Jasper Ave 161, 21",3,46,53.5405641,-113.5001375,53.5521992,-113.6795416,11923,TRUE,energy,2026-09-29T17:02:09.787Z,https://www.google.com/maps/place/Energy+For+Less/data=!4m7!3m6!1s0x53a0230e0307469d:0xfe6d6cd88ab9cf24!8m2!3d53.5405641!4d-113.5001375!16s%2Fg%2F11fl0g8s66!19sChIJnUYHAw4joFMRJM-5ithsbf4
Johnson Controls,Mechanical contractor,17402 116 Ave NW,3.6,16,53.5656323,-113.6210764,53.5521992,-113.6795416,4140,TRUE,control systems,2026-09-29T17:08:05.774Z,https://www.google.com/maps/place/Johnson+Controls/data=!4m7!3m6!1s0x53a022a272dde36d:0xa5300474fd7e08d4!8m2!3d53.5656323!4d-113.6210764!16s%2Fg%2F1w0p59kh!19sChIJbePdcqIioFMR1Ah-_XQEMKU
Energy Saving Products Ltd.,Manufacturer,12615 124 St,4.5,13,53.5830297,-113.5354696,53.5521992,-113.6795416,10113,TRUE,energy,2026-09-29T17:02:09.787Z,https://www.google.com/maps/place/Energy+Saving+Products+Ltd./data=!4m7!3m6!1s0x53a0238d03a04643:0x32d1b5594d87ffc!8m2!3d53.5830297!4d-113.5354696!16s%2Fg%2F1tg_94ym!19sChIJQ0agA40joFMR_H_YlFUbLQM
Energy Centre One,Green energy supplier,2645 Blatchford Rd.,4.7,3,53.5698496,-113.5145523,53.5521992,-113.6795416,11072,TRUE,energy,2026-09-29T17:02:09.787Z,https://www.google.com/maps/place/Energy+Centre+One/data=!4m7!3m6!1s0x53a0239a87560bd7:0xf5b9683aa6e32780!8m2!3d53.5698496!4d-113.5145523!16s%2Fg%2F11hpz5_0zp!19sChIJ1wtWh5ojoFMRgCfjpjpoufU
Stone Industrial,,,,,53.5452854,-113.617859,53.5521992,-113.6795416,4147,TRUE,Industrial,2026-09-29T16:54:16.371Z,https://www.google.com/maps/place/Stone+Industrial/data=!4m7!3m6!1s0x53a020e21f75ace3:0xdb033c28c615906a!8m2!3d53.5452854!4d-113.617859!16s%2Fg%2F1tdc4xp3!19sChIJ46x1H-IgoFMRapAVxig8A9s
Energy Deregulator,Energy advisory service,12618 152 Ave NW,,,53.6159149,-113.5393093,53.5521992,-113.6795416,11657,TRUE,energy,2026-09-29T17:02:09.787Z,https://www.google.com/maps/place/Energy+Deregulator/data=!4m7!3m6!1s0x53a025ef7b634519:0x900d4c6ae70b19ba!8m2!3d53.6159149!4d-113.5393093!16s%2Fg%2F11wn6krpwp!19sChIJGUVje-8loFMRuhkL52pMDZA
EnergyRates.ca,Electrical equipment supplier,10025 102A Ave NW 1902 102A Tower,4.2,29,53.5438756,-113.4923393,53.5521992,-113.6795416,12402,TRUE,energy,2026-09-29T17:02:09.787Z,https://www.google.com/maps/place/EnergyRates.ca/data=!4m7!3m6!1s0x53a0224f11b01ec7:0x9584888966a51fc5!8m2!3d53.5438756!4d-113.4923393!16s%2Fg%2F11b6zswvz6!19sChIJxx6wEU8ioFMRxR-lZomIhJU
BBA,Engineering consultant,1050 103A Street Southwest,5,1,53.421982,-113.49829,53.5521992,-113.6795416,18801,FALSE,power generation,2026-09-29T17:03:21.779Z,https://www.google.com/maps/place/BBA/data=!4m7!3m6!1s0x53a01f5a2a8a9603:0x5639d860a603fd8e!8m2!3d53.421982!4d-113.49829!16s%2Fg%2F11fst81zdd!19sChIJA5aKKlofoFMRjv0DpmDYOVY
NexSource Power Inc.  Edmonton Industrial Equipment & Power Systems,Electrical equipment supplier,27391 Acheson Road,1,1,53.546715,-113.779176,53.5521992,-113.6795416,6610,TRUE,power generation,2026-09-29T17:03:21.779Z,https://www.google.com/maps/place/NexSource+Power+Inc.+%E2%80%93+Edmonton+Industrial+Equipment+%26+Power+Systems/data=!4m7!3m6!1s0x53a01dcce859cefb:0xaf533208c8a056ca!8m2!3d53.546715!4d-113.779176!16s%2Fg%2F11vkp69s9g!19sChIJ-85Z6MwdoFMRylagyAgyU68
Electric Power Generating Equipment,Electrical supply store,14650 118 Ave NW,,,53.5706763,-113.5749061,53.5521992,-113.6795416,7210,TRUE,power generation,2026-09-29T17:03:21.779Z,https://www.google.com/maps/place/Electric+Power+Generating+Equipment/data=!4m7!3m6!1s0x53a02159ed483d69:0xf0c3ce9b97335b1a!8m2!3d53.5706763!4d-113.5749061!16s%2Fg%2F1v1tms1d!19sChIJaT1I7VkhoFMRGlszl5vOw_A
IES Energy,,,,,53.5469174,-113.6170189,53.5521992,-113.6795416,4172,TRUE,energy,2026-09-29T17:02:09.787Z,https://www.google.com/maps/place/IES+Energy/data=!4m7!3m6!1s0x53a0211e659e939f:0xbd21eb9c5032c48!8m2!3d53.5469174!4d-113.6170189!16s%2Fg%2F11ttbfv2d5!19sChIJn5OeZR4hoFMRSCwDxbke0gs
Alberta Power Generation,Car repair and maintenance service,53522 RR 272,,,53.5412414,-113.9100733,53.5521992,-113.6795416,15280,TRUE,power generation,2026-09-29T17:03:21.779Z,https://www.google.com/maps/place/Alberta+Power+Generation/data=!4m7!3m6!1s0x539f8ef406950fbf:0x67799a65f82f5373!8m2!3d53.5412414!4d-113.9100733!16s%2Fg%2F11lp4vhmj1!19sChIJvw-VBvSOn1MRc1Mv-GWaeWc
Ridgeline Solar,Environment renewable natural resources,16329 130 Ave NW Unit 3,4.8,44,53.5877254,-113.605205,53.5521992,-113.6795416,6301,TRUE,power generation,2026-09-29T17:03:21.779Z,https://www.google.com/maps/place/Ridgeline+Solar/data=!4m7!3m6!1s0x20bfa8472b91737d:0x59cba0c479cd687!8m2!3d53.5877254!4d-113.605205!16s%2Fg%2F11j_6y27r4!19sChIJfXORK0eovyARh9acRwy6nAU
Total PowerGen Solutions (TPGS),Electric generator shop,9509 41 Ave NW,,,53.4758577,-113.4755965,53.5521992,-113.6795416,15934,TRUE,power generation,2026-09-29T17:03:21.779Z,https://www.google.com/maps/place/Total+PowerGen+Solutions+%28TPGS%29/data=!4m7!3m6!1s0x53a018d257dbe36f:0x19f9e2016ad2612c!8m2!3d53.4758577!4d-113.4755965!16s%2Fg%2F11vrx0tcpt!19sChIJb-PbV9IYoFMRLGHSagHi-Rk
City Electric Supply West Edmonton,Electrical supply store,15333 112 Ave NW,3.9,11,53.5606,-113.58542,53.5521992,-113.6795416,6287,TRUE,utilities,2026-09-29T17:05:21.789Z,https://www.google.com/maps/place/City+Electric+Supply+West+Edmonton/data=!4m7!3m6!1s0x53a021a252012ec7:0xfa83eea5b9f9dc4c!8m2!3d53.5606!4d-113.58542!16s%2Fg%2F11hz0r2phy!19sChIJxy4BUqIhoFMRTNz5uaXug_o
Emco Waterworks Edmonton,Water works equipment supplier,15740 118 Ave NW,4.8,30,53.570979,-113.593512,53.5521992,-113.6795416,6053,TRUE,utilities,2026-09-29T17:05:21.789Z,https://www.google.com/maps/place/Emco+Waterworks+Edmonton/data=!4m7!3m6!1s0x53a02142b9420021:0x8ab8061165cbf92f!8m2!3d53.570979!4d-113.593512!16s%2Fg%2F1tjbrvpf!19sChIJIQBCuUIhoFMRL_nLZREGuIo
Husky Power & Gas Ltd.,Utility contractor,12036 149 St,,,53.5724691,-113.5786886,53.5521992,-113.6795416,7032,TRUE,utilities,2026-09-29T17:05:21.789Z,https://www.google.com/maps/place/Husky+Power+%26+Gas+Ltd./data=!4m7!3m6!1s0x53a021b2d5b1fe15:0xe7da2491489ada99!8m2!3d53.5724691!4d-113.5786886!16s%2Fg%2F11zdd44_v1!19sChIJFf6x1bIhoFMRmdqaSJEk2uc
Strata Electrical Contracting Inc.,Electrical installation service,11830 152 St NW,4.9,265,53.5711973,-113.5840996,53.5521992,-113.6795416,6648,TRUE,utilities,2026-09-29T17:05:21.789Z,https://www.google.com/maps/place/Strata+Electrical+Contracting+Inc./data=!4m7!3m6!1s0x53a01e2cc8dd5fbd:0x4c54d73470334850!8m2!3d53.5711973!4d-113.5840996!16s%2Fg%2F1hf1xvdmp!19sChIJvV_dyCweoFMRUEgzcDTXVEw
CLUB INDUSTRIAL TRAILERS,Trailer dealer,17220 Stony Plain Rd #202,5,1,53.5429671,-113.6182063,53.5521992,-113.6795416,4180,TRUE,Industrial,2026-09-29T16:54:16.371Z,https://www.google.com/maps/place/CLUB+INDUSTRIAL+TRAILERS/data=!4m7!3m6!1s0x53a020e046455555:0xd18fb7d908be951d!8m2!3d53.5429671!4d-113.6182063!16s%2Fg%2F11h37s6qtj!19sChIJVVVFRuAgoFMRHZW-CNm3j9E
Hauer Power Electrical Services,Electrician,15808 112 Ave NW #7,4.9,967,53.5614704,-113.595163,53.5521992,-113.6795416,5668,TRUE,utilities,2026-09-29T17:05:21.789Z,https://www.google.com/maps/place/Hauer+Power+Electrical+Services/data=!4m7!3m6!1s0x53a03b9892c5c953:0xc223fb5649d49d65!8m2!3d53.5614704!4d-113.595163!16s%2Fg%2F11gsmjt24b!19sChIJU8nFkpg7oFMRZZ3USVb7I8I
EPCOR Utilities Inc.,Electric utility company,10423 101 St NW #2000,1.4,273,53.5474905,-113.4927482,53.5521992,-113.6795416,12351,TRUE,utilities,2026-09-29T17:05:21.789Z,https://www.google.com/maps/place/EPCOR+Utilities+Inc./data=!4m7!3m6!1s0x53a0224ef4017cc9:0x2d09f70b0659c57!8m2!3d53.5474905!4d-113.4927482!16s%2Fg%2F12llbtnwx!19sChIJyXwB9E4ioFMRV5xlsHCf0AI
Gescan,Electrical products wholesaler,15103 121a Ave NW,4.4,51,53.5731394,-113.5827101,53.5521992,-113.6795416,6806,TRUE,utilities,2026-09-29T17:05:21.789Z,https://www.google.com/maps/place/Gescan/data=!4m7!3m6!1s0x53a021510123f275:0x199701c3c9038ee4!8m2!3d53.5731394!4d-113.5827101!16s%2Fg%2F1tg4l1pj!19sChIJdfIjAVEhoFMR5I4DycMBlxk
Blue Collar Electric,Electrician,15803 116 Ave NW,4.8,80,53.5661742,-113.594116,53.5521992,-113.6795416,5852,TRUE,utilities,2026-09-29T17:05:21.789Z,https://www.google.com/maps/place/Blue+Collar+Electric/data=!4m7!3m6!1s0x53a0197856265835:0xe3997e163bd10b01!8m2!3d53.5661742!4d-113.594116!16s%2Fg%2F11bwc0yckb!19sChIJNVgmVngZoFMRAQvROxZ-meM
Epcor Woodcroft Substation,Electrical substation,11809 142 St NW,,,53.5709903,-113.5655503,53.5521992,-113.6795416,7813,TRUE,utilities,2026-09-29T17:05:21.789Z,https://www.google.com/maps/place/Epcor+Woodcroft+Substation/data=!4m7!3m6!1s0x53a023e2628b414f:0xa22b49b806a77e8!8m2!3d53.5709903!4d-113.5655503!16s%2Fg%2F11f_kjsyjq!19sChIJT0GLYuIjoFMR6HdqgJu0Igo
CSI EPC,Recycling center,12163 156 St,,,53.5747184,-113.589671,53.5521992,-113.6795416,6442,TRUE,utilities,2026-09-29T17:05:21.789Z,https://www.google.com/maps/place/CSI+EPC/data=!4m7!3m6!1s0x53a021576ec21851:0x8b8f0f5666f3a8ca!8m2!3d53.5747184!4d-113.589671!16s%2Fg%2F11k03jmrkn!19sChIJURjCblchoFMRyqjzZlYPj4s
Robart Electrical Services Ltd.,Electrician,11842 160 St NW,4.8,246,53.5716569,-113.5974837,53.5521992,-113.6795416,5835,TRUE,utilities,2026-09-29T17:05:21.789Z,https://www.google.com/maps/place/Robart+Electrical+Services+Ltd./data=!4m7!3m6!1s0x53a01eb443bbf899:0x24e8b84e1eb4f36e!8m2!3d53.5716569!4d-113.5974837!16s%2Fg%2F11xc9kx5q!19sChIJmfi7Q7QeoFMRbvO0Hk646CQ
City Disposal Containers,Waste management service,15811 118 Ave NW,3.4,5,53.5696162,-113.5940295,53.5521992,-113.6795416,5971,TRUE,utilities,2026-09-29T17:05:21.789Z,https://www.google.com/maps/place/City+Disposal+Containers/data=!4m7!3m6!1s0x53a021c0b6b8c397:0xd617b7451e517557!8m2!3d53.5696162!4d-113.5940295!16s%2Fg%2F11ty2csb5s!19sChIJl8O4tsAhoFMRV3VRHkW3F9Y
Ubelieve Electric Wholesale,Electrical supply store,14506 115 Ave NW,5,15,53.5655085,-113.5713869,53.5521992,-113.6795416,7295,TRUE,utilities,2026-09-29T17:05:21.789Z,https://www.google.com/maps/place/Ubelieve+Electric+Wholesale/data=!4m7!3m6!1s0x53a02107effa08d9:0xdd5318892175d95a!8m2!3d53.5655085!4d-113.5713869!16s%2Fg%2F11h5m5t4fw!19sChIJ2Qj67wchoFMRWtl1IYkYU90
InSync Supply Ltd.,Safety equipment supplier,11661 Bevington Rd,5,12,53.5676495,-113.7373511,53.5521992,-113.6795416,4187,TRUE,Industrial,2026-09-29T16:54:16.371Z,https://www.google.com/maps/place/InSync+Supply+Ltd./data=!4m7!3m6!1s0x53a021422c2154fd:0xd6e49a2c38edb8ff!8m2!3d53.5676495!4d-113.7373511!16s%2Fg%2F11h6g1db02!19sChIJ_VQhLEIhoFMR_7jtOCya5NY
DMAC Construction And Contracting LTD,Construction company,323 McLeod Avenue,5,3,53.54295,-113.90096,53.5521992,-113.6795416,14665,TRUE,construction,2026-09-29T17:05:38.783Z,https://www.google.com/maps/place/DMAC+Construction+And+Contracting+LTD/data=!4m7!3m6!1s0x2344b4d8f2925fa5:0xb9d2501b2db8a920!8m2!3d53.54295!4d-113.90096!16s%2Fg%2F11tmyyrbmy!19sChIJpV-S8ti0RCMRIKm4LRtQ0rk
Wolfe Construction,Construction company,15373 117 Ave NW,4.8,92,53.5687367,-113.5852118,53.5521992,-113.6795416,6496,TRUE,construction,2026-09-29T17:05:38.783Z,https://www.google.com/maps/place/Wolfe+Construction/data=!4m7!3m6!1s0x53a03c82a0355db9:0x430cff138a220494!8m2!3d53.5687367!4d-113.5852118!16s%2Fg%2F11g6wdfkh0!19sChIJuV01oII8oFMRlAQiihP_DEM
Revive Construction,Construction company,15393 117 Ave NW,5,5,53.5691051,-113.5861138,53.5521992,-113.6795416,6451,TRUE,construction,2026-09-29T17:05:38.783Z,https://www.google.com/maps/place/Revive+Construction/data=!4m7!3m6!1s0x53a02139152b9595:0x1ca2a6b5139cfbb6!8m2!3d53.5691051!4d-113.5861138!16s%2Fg%2F11jb2f43rl!19sChIJlZUrFTkhoFMRtvucE7Wmohw
Pemco Construction Ltd.,Construction company,15334 116 Ave NW,4.4,14,53.5682401,-113.5858047,53.5521992,-113.6795416,6443,TRUE,construction,2026-09-29T17:05:38.783Z,https://www.google.com/maps/place/Pemco+Construction+Ltd./data=!4m7!3m6!1s0x53a018140a1c8f63:0x98ec9fcc388fb5!8m2!3d53.5682401!4d-113.5858047!16s%2Fg%2F1tjkfgx7!19sChIJY48cChQYoFMRtY84zJ_smAA
Full House Renovations Inc,Construction company,15120 117 Ave NW,4.3,44,53.5695792,-113.5823017,53.5521992,-113.6795416,6707,TRUE,construction,2026-09-29T17:05:38.783Z,https://www.google.com/maps/place/Full+House+Renovations+Inc/data=!4m7!3m6!1s0x53a0215abd7a72a3:0x1d9ebbfd55497959!8m2!3d53.5695792!4d-113.5823017!16s%2Fg%2F11c0ph9t89!19sChIJo3J6vVohoFMRWXlJVf27nh0
GH Construction Ltd.,Construction company,15859 116 Ave NW,4.7,42,53.5648216,-113.5948989,53.5521992,-113.6795416,5764,TRUE,construction,2026-09-29T17:05:38.783Z,https://www.google.com/maps/place/GH+Construction+Ltd./data=!4m7!3m6!1s0x53a021465517b301:0x17661fc3f984d0f5!8m2!3d53.5648216!4d-113.5948989!16s%2Fg%2F11b5wdgcgs!19sChIJAbMXVUYhoFMR9dCE-cMfZhc
Restruction Alberta Ltd.,Construction company,15111 117 Ave NW,4.3,6,53.5691469,-113.5818023,53.5521992,-113.6795416,6725,TRUE,construction,2026-09-29T17:05:38.783Z,https://www.google.com/maps/place/Restruction+Alberta+Ltd./data=!4m7!3m6!1s0x53a02175f34d4667:0x465b84aa93103a91!8m2!3d53.5691469!4d-113.5818023!16s%2Fg%2F11ll4808xq!19sChIJZ0ZN83UhoFMRkToQk6qEW0Y
Carlson Construction Ltd,Construction company,16011 116 Ave NW #100,4.6,34,53.5660166,-113.5985209,53.5521992,-113.6795416,5568,TRUE,construction,2026-09-29T17:05:38.783Z,https://www.google.com/maps/place/Carlson+Construction+Ltd/data=!4m7!3m6!1s0x53a01ea261936baf:0xdf9eb36577a1e9d0!8m2!3d53.5660166!4d-113.5985209!16s%2Fg%2F1td2m4yq!19sChIJr2uTYaIeoFMR0Omhd2Wznt8
Salvador Construction Ltd.,Construction company,15430 110 Ave NW,4.5,26,53.5561488,-113.5885022,53.5521992,-113.6795416,6030,TRUE,construction,2026-09-29T17:05:38.783Z,https://www.google.com/maps/place/Salvador+Construction+Ltd./data=!4m7!3m6!1s0x4793303aa58103c1:0x2444ef4c7983b36d!8m2!3d53.5561488!4d-113.5885022!16s%2Fg%2F11rcjkhys6!19sChIJwQOBpTowk0cRbbODeUzvRCQ
Veyron Projects Inc.,Construction company,11749 156 St,4.8,16,53.5685825,-113.5901999,53.5521992,-113.6795416,6176,TRUE,construction,2026-09-29T17:05:38.783Z,https://www.google.com/maps/place/Veyron+Projects+Inc./data=!4m7!3m6!1s0x53a021403c161b4f:0x453ec4deb714ace2!8m2!3d53.5685825!4d-113.5901999!16s%2Fg%2F11cndb98p7!19sChIJTxsWPEAhoFMR4qwUt97EPkU
Amen Construction Ltd,Construction company,15357 117 Ave NW,3.5,8,53.5687367,-113.5851682,53.5521992,-113.6795416,6499,TRUE,construction,2026-09-29T17:05:38.783Z,https://www.google.com/maps/place/Amen+Construction+Ltd/data=!4m7!3m6!1s0x53a0236af2228bc5:0xb9c51d09a612cd5e!8m2!3d53.5687367!4d-113.5851682!16s%2Fg%2F1pyccfx94!19sChIJxYsi8mojoFMRXs0Spgkdxbk
G & J Construction Group LP,Paving contractor,11610 151 St NW,3.9,36,53.5679693,-113.5817123,53.5521992,-113.6795416,6695,TRUE,construction,2026-09-29T17:05:38.783Z,https://www.google.com/maps/place/G+%26+J+Construction+Group+LP/data=!4m7!3m6!1s0x53a0215adc2d3a8d:0xe79cb9e558f899d0!8m2!3d53.5679693!4d-113.5817123!16s%2Fg%2F1tj1rrx5!19sChIJjTot3FohoFMR0Jn4WOW5nOc
Goldwing Construction Inc,General contractor,12184 152 St NW,4.5,8,53.5741039,-113.5825612,53.5521992,-113.6795416,6852,TRUE,construction,2026-09-29T17:05:38.783Z,https://www.google.com/maps/place/Goldwing+Construction+Inc/data=!4m7!3m6!1s0x53a0215110d8c2af:0x3a9736019a00f4ed!8m2!3d53.5741039!4d-113.5825612!16s%2Fg%2F1tf15kb6!19sChIJr8LYEFEhoFMR7fQAmgE2lzo
Diamond Built Construction,Concrete contractor,14610 116 Ave NW,5,29,53.5680323,-113.5731851,53.5521992,-113.6795416,7242,TRUE,construction,2026-09-29T17:05:38.783Z,https://www.google.com/maps/place/Diamond+Built+Construction/data=!4m7!3m6!1s0x45624cbb4c898fd3:0xac0027c630656a8!8m2!3d53.5680323!4d-113.5731851!16s%2Fg%2F11q48_cr5j!19sChIJ04-JTLtMYkURqFYGY3wCwAo
Metrie,Molding supplier,12632 184 St NW #19,5,2,53.5833,-113.64339,53.5521992,-113.6795416,4202,TRUE,injection molding,2026-09-29T16:59:51.785Z,https://www.google.com/maps/place/Metrie/data=!4m7!3m6!1s0x53a021b563426d33:0x18c2f0585e814d2c!8m2!3d53.5833!4d-113.64339!16s%2Fg%2F11n6swpc5h!19sChIJM21CY7UhoFMRLE2BXljwwhg
FourRidges Commercial Contracting,Construction company,14505 Yellowhead Trail,4.9,61,53.580784,-113.5718142,53.5521992,-113.6795416,7792,TRUE,construction,2026-09-29T17:05:38.783Z,https://www.google.com/maps/place/FourRidges+Commercial+Contracting/data=!4m7!3m6!1s0x53a01519dd61027f:0xf82321bc7d74d687!8m2!3d53.580784!4d-113.5718142!16s%2Fg%2F11wx5cpp1p!19sChIJfwJh3RkVoFMRh9Z0fbwhI_g
Stanley Construction Ltd.,General contractor,15604 116 Ave NW,5,1,53.5668141,-113.5908111,53.5521992,-113.6795416,6082,TRUE,construction,2026-09-29T17:05:38.783Z,https://www.google.com/maps/place/Stanley+Construction+Ltd./data=!4m7!3m6!1s0x53a021c3923be4cd:0x198c5773ef6a35ad!8m2!3d53.5668141!4d-113.5908111!16s%2Fg%2F11p57w_bqw!19sChIJzeQ7ksMhoFMRrTVq73NXjBk
Capital Engineering,Engineering consultant,17187 114 Ave NW,4.6,11,53.5624691,-113.6182885,53.5521992,-113.6795416,4204,TRUE,engineering,2026-09-29T17:05:55.774Z,https://www.google.com/maps/place/Capital+Engineering/data=!4m7!3m6!1s0x53a02159bac5faf5:0x1ef30c705c671102!8m2!3d53.5624691!4d-113.6182885!16s%2Fg%2F1tdvjw1g!19sChIJ9frFulkhoFMRAhFnXHAM8x4
Kay2 Contracting & Home Renovations,General contractor,15397 117 Ave NW #209,4.5,12,53.5688625,-113.5867219,53.5521992,-113.6795416,6404,TRUE,construction,2026-09-29T17:05:38.783Z,https://www.google.com/maps/place/Kay2+Contracting+%26+Home+Renovations/data=!4m7!3m6!1s0x53a0213505c7fa9b:0x905540d3a278dca6!8m2!3d53.5688625!4d-113.5867219!16s%2Fg%2F11hyr0pnx3!19sChIJm_rHBTUhoFMRptx4otNAVZA
McCormick General Construction,Contractor,15803 116 Ave NW,4.3,10,53.5661742,-113.594116,53.5521992,-113.6795416,5852,TRUE,construction,2026-09-29T17:05:38.783Z,https://www.google.com/maps/place/McCormick+General+Construction/data=!4m7!3m6!1s0x53a0213bc1a5a3bf:0xaaf5ac9ec0de7150!8m2!3d53.5661742!4d-113.594116!16s%2Fg%2F11gfn4wr4d!19sChIJv6OlwTshoFMRUHHewJ6s9ao
Keller Construction Ltd,General contractor,11430 160 St NW,4,38,53.564043,-113.5986196,53.5521992,-113.6795416,5505,TRUE,construction,2026-09-29T17:05:38.783Z,https://www.google.com/maps/place/Keller+Construction+Ltd/data=!4m7!3m6!1s0x53a021477a92e5c9:0xfc42d1a49eaeb1b7!8m2!3d53.564043!4d-113.5986196!16s%2Fg%2F1tlkc1bs!19sChIJyeWSekchoFMRt7GunqTRQvw
Finning Canada Compact Construction,Construction machine dealer,10920 170 St NW,4.3,16,53.557541,-113.616481,53.5521992,-113.6795416,4208,TRUE,machinery,2026-09-29T16:56:29.621Z,https://www.google.com/maps/place/Finning+Canada+Compact+Construction/data=!4m7!3m6!1s0x53a02123807cb597:0xb447145bf763542e!8m2!3d53.557541!4d-113.616481!16s%2Fg%2F1tl7ndd6!19sChIJl7V8gCMhoFMRLlRj91sUR7Q
Stratus Electrical & Instrumentation Ltd.,Corporate office,17306 116 Ave NW,5,5,53.5658767,-113.6200864,53.5521992,-113.6795416,4211,TRUE,instrumentation,2026-09-29T17:08:20.787Z,https://www.google.com/maps/place/Stratus+Electrical+%26+Instrumentation+Ltd./data=!4m7!3m6!1s0x53a02234ba763e7b:0x5a11ace9256965c4!8m2!3d53.5658767!4d-113.6200864!16s%2Fg%2F11dxqmzbh7!19sChIJez52ujQioFMRxGVpJemsEVo
Carpak Packaging & Distributing,Warehouse,17310 116 Ave NW,3.5,4,53.5662525,-113.6201094,53.5521992,-113.6795416,4225,TRUE,supply chain,2026-09-29T17:10:38.282Z,https://www.google.com/maps/place/Carpak+Packaging+%26+Distributing/data=!4m7!3m6!1s0x53a021375992f567:0x580e68b553a400a7!8m2!3d53.5662525!4d-113.6201094!16s%2Fg%2F1tsbltdf!19sChIJZ_WSWTchoFMRpwCkU7VoDlg
Prime-Land Engineering,Engineering consultant,15023 123 Ave NW Unit 202,5,5,53.5762821,-113.5807723,53.5521992,-113.6795416,7051,TRUE,engineering,2026-09-29T17:05:55.774Z,https://www.google.com/maps/place/Prime-Land+Engineering/data=!4m7!3m6!1s0x53a02558d434a603:0x153f977f93e48402!8m2!3d53.5762821!4d-113.5807723!16s%2Fg%2F11kqdhm02v!19sChIJA6Y01FgloFMRAoTkk3-XPxU
Curt manufacturing,Warehouse,12620 184 St NW #28,3.7,3,53.5840124,-113.6442486,53.5521992,-113.6795416,4236,TRUE,manufacturing,2026-09-29T16:54:38.778Z,https://www.google.com/maps/place/Curt+manufacturing/data=!4m7!3m6!1s0x53a02766256d390b:0xde1e4eab352d2267!8m2!3d53.5840124!4d-113.6442486!16s%2Fg%2F11v5v91_8r!19sChIJCzltJWYnoFMRZyItNatOHt4
Tim Hortons,Coffee shop,17004 111 Ave NW,3.9,1195,53.5598585,-113.6163889,53.5521992,-113.6795416,4258,TRUE,assembly line,2026-09-29T16:56:06.475Z,https://www.google.com/maps/place/Tim+Hortons/data=!4m7!3m6!1s0x53a021248c9d4b91:0x56bab9c05d846e88!8m2!3d53.5598585!4d-113.6163889!16s%2Fg%2F1tk22m97!19sChIJkUudjCQhoFMRiG6EXcC5ulY
Englobe Corp,Engineering consultant,13167 146 St NW Unit 202,4.4,15,53.591887,-113.569764,53.5521992,-113.6795416,8486,TRUE,engineering,2026-09-29T17:05:55.774Z,https://www.google.com/maps/place/Englobe+Corp/data=!4m7!3m6!1s0x53a02405be4784c1:0xcb059914afee24e9!8m2!3d53.591887!4d-113.569764!16s%2Fg%2F1tgfptg2!19sChIJwYRHvgUkoFMR6STurxSZBcs
Priority Builders Renovations,Remodeler,10623 170 Street Northwest,4.5,51,53.551974,-113.614435,53.5521992,-113.6795416,4301,TRUE,construction,2026-09-29T17:05:38.783Z,https://www.google.com/maps/place/Priority+Builders+Renovations/data=!4m7!3m6!1s0x53a018c69c339055:0x5d78b6ce9a9d4c98!8m2!3d53.551974!4d-113.614435!16s%2Fg%2F11sy7334f6!19sChIJVZAznMYYoFMRmEydms62eF0
Alberta Block Engineering Inc.,Engineering consultant,15824 131 Ave NW #203,5,5,53.5907746,-113.5962215,53.5521992,-113.6795416,6976,TRUE,engineering,2026-09-29T17:05:55.774Z,https://www.google.com/maps/place/Alberta+Block+Engineering+Inc./data=!4m7!3m6!1s0x53a02194b0694467:0xb6166f7e460e64c9!8m2!3d53.5907746!4d-113.5962215!16s%2Fg%2F11n0ds1cnz!19sChIJZ0RpsJQhoFMRyWQORn5vFrY
IRED,Engineering consultant,15253 121a Ave NW,4.3,11,53.5732014,-113.5842389,53.5521992,-113.6795416,6713,TRUE,engineering,2026-09-29T17:05:55.774Z,https://www.google.com/maps/place/IRED/data=!4m7!3m6!1s0x53a0215e04b49a19:0xb4f57aab720101b5!8m2!3d53.5732014!4d-113.5842389!16s%2Fg%2F11b5yw76h0!19sChIJGZq0BF4hoFMRtQEBcqt69bQ
Apex Automation,Corporate office,10525 170 St NW,4.3,6,53.5507626,-113.6141884,53.5521992,-113.6795416,4320,TRUE,automation,2026-09-29T17:06:57.789Z,https://www.google.com/maps/place/Apex+Automation/data=!4m7!3m6!1s0x53a021286719d095:0xeee2f4a0ebf033e5!8m2!3d53.5507626!4d-113.6141884!16s%2Fg%2F11bc6prv3c!19sChIJldAZZyghoFMR5TPw66D04u4
Fulcrum Engineering Ltd,Engineer,16b Rowland Crescent,4.8,4,53.6176314,-113.644589,53.5521992,-113.6795416,7633,TRUE,engineering,2026-09-29T17:05:55.774Z,https://www.google.com/maps/place/Fulcrum+Engineering+Ltd/data=!4m7!3m6!1s0x53a0266058ac5a85:0xd1b0332c0a5d6167!8m2!3d53.6176314!4d-113.644589!16s%2Fg%2F1tlmm_qk!19sChIJhVqsWGAmoFMRZ2FdCiwzsNE
Intelligent Spaces by Visions,Home automation company,10433 170 St NW,2,1,53.5481276,-113.614498,53.5521992,-113.6795416,4321,TRUE,automation,2026-09-29T17:06:57.789Z,https://www.google.com/maps/place/Intelligent+Spaces+by+Visions/data=!4m7!3m6!1s0x53a02139c482156f:0x8a606492aa96ccf0!8m2!3d53.5481276!4d-113.614498!16s%2Fg%2F11f76s26n3!19sChIJbxWCxDkhoFMR8MyWqpJkYIo
Essa Engineering,Structural engineer,13712 131a Ave NW,4.6,9,53.5911697,-113.5571299,53.5521992,-113.6795416,9171,TRUE,engineering,2026-09-29T17:05:55.774Z,https://www.google.com/maps/place/Essa+Engineering/data=!4m7!3m6!1s0x53a0240961f004eb:0x1bc0f8bcff1b6f8e!8m2!3d53.5911697!4d-113.5571299!16s%2Fg%2F1tfcyh9w!19sChIJ6wTwYQkkoFMRjm8b_7z4wBs
Visions Electronics,Electronics store,10421 170 St NW,4.2,1064,53.5480246,-113.6145033,53.5521992,-113.6795416,4322,TRUE,assembly line,2026-09-29T16:56:06.475Z,https://www.google.com/maps/place/Visions+Electronics/data=!4m7!3m6!1s0x53a0211e955b8b9d:0xac1108504f8dee0f!8m2!3d53.5480246!4d-113.6145033!16s%2Fg%2F1tfjvz8g!19sChIJnYtblR4hoFMRD-6NT1AIEaw
CT & Associates Engineering Inc,Engineering consultant,14420 116 Ave NW,5,3,53.5679588,-113.5699351,53.5521992,-113.6795416,7448,TRUE,engineering,2026-09-29T17:05:55.774Z,https://www.google.com/maps/place/CT+%26+Associates+Engineering+Inc/data=!4m7!3m6!1s0x53a021592f946ae5:0x6b40a4cedf1393d5!8m2!3d53.5679588!4d-113.5699351!16s%2Fg%2F1tj916ht!19sChIJ5WqUL1khoFMR1ZMT386kQGs
Apex Automation Shop,Construction company,10545 170 St NW,1.4,7,53.5511884,-113.6140684,53.5521992,-113.6795416,4327,TRUE,automation,2026-09-29T17:06:57.789Z,https://www.google.com/maps/place/Apex+Automation+Shop/data=!4m7!3m6!1s0x53a021226f8f768f:0x419a1c7d63abf517!8m2!3d53.5511884!4d-113.6140684!16s%2Fg%2F11b5wkl8ff!19sChIJj3aPbyIhoFMRF_WrY30cmkE
Espira Engineering Ltd.,Engineering consultant,15023 123 Ave NW Unit 202,5,1,53.5762821,-113.5807723,53.5521992,-113.6795416,7051,TRUE,engineering,2026-09-29T17:05:55.774Z,https://www.google.com/maps/place/Espira+Engineering+Ltd./data=!4m7!3m6!1s0x53a0217ff20d8bdb:0x3405472d7b753d57!8m2!3d53.5762821!4d-113.5807723!16s%2Fg%2F11xnfb763n!19sChIJ24sN8n8hoFMRVz11ey1HBTQ
Arrow Engineering,Engineering consultant,13167 146 St NW Unit 202,4,1,53.5918872,-113.5697738,53.5521992,-113.6795416,8486,TRUE,engineering,2026-09-29T17:05:55.774Z,https://www.google.com/maps/place/Arrow+Engineering/data=!4m7!3m6!1s0x53a02405be54fa89:0x88406e96d9feed3d!8m2!3d53.5918872!4d-113.5697738!16s%2Fg%2F11tcfg8tzn!19sChIJifpUvgUkoFMRPe3-2ZZuQIg
P. Machibroda Engineering Ltd.,Engineering consultant,12114 163 St NW,4.5,2,53.5732323,-113.603575,53.5521992,-113.6795416,5535,TRUE,engineering,2026-09-29T17:05:55.774Z,https://www.google.com/maps/place/P.+Machibroda+Engineering+Ltd./data=!4m7!3m6!1s0x53a0214a367caec7:0xba2aad41413ed353!8m2!3d53.5732323!4d-113.603575!16s%2Fg%2F1tknk3hk!19sChIJx658NkohoFMRU9M-QUGtKro
EBA Engineering Consultants Ltd,Engineer,14940 123 Ave NW,4.5,2,53.5769911,-113.5799896,53.5521992,-113.6795416,7129,TRUE,engineering,2026-09-29T17:05:55.774Z,https://www.google.com/maps/place/EBA+Engineering+Consultants+Ltd/data=!4m7!3m6!1s0x53a021569e0887a5:0xaabaebeb2c294a76!8m2!3d53.5769911!4d-113.5799896!16s%2Fg%2F1q5bpc413!19sChIJpYcInlYhoFMRdkopLOvruqo
Allied Engineering Company,Heating equipment supplier,15363 117 Ave NW,5,2,53.5687366,-113.585185,53.5521992,-113.6795416,6498,TRUE,industrial engineering,2026-09-29T17:06:10.777Z,https://www.google.com/maps/place/Allied+Engineering+Company/data=!4m7!3m6!1s0x53a023e2107cdb43:0xeba4d33bcc5bbda8!8m2!3d53.5687366!4d-113.585185!16s%2Fg%2F1tctf8qf!19sChIJQ9t8EOIjoFMRqL1bzDvTpOs
The AME Consulting Group Ltd.,Mechanical engineer,14220 112 Ave NW,5,2,53.5607469,-113.5663552,53.5521992,-113.6795416,7536,TRUE,industrial engineering,2026-09-29T17:06:10.777Z,https://www.google.com/maps/place/The+AME+Consulting+Group+Ltd./data=!4m7!3m6!1s0x53a021f39d42d841:0xefdca5db8ce58c17!8m2!3d53.5607469!4d-113.5663552!16s%2Fg%2F11qb8vgcp8!19sChIJQdhCnfMhoFMRF4zljNul3O8
Securitas Technology,Security service,10509 170 St NW,1.7,25,53.5503283,-113.6141083,53.5521992,-113.6795416,4328,TRUE,forging,2026-09-29T16:59:16.779Z,https://www.google.com/maps/place/Securitas+Technology/data=!4m7!3m6!1s0x53a0218cb066a15b:0x62379a99c05f2bbc!8m2!3d53.5503283!4d-113.6141083!16s%2Fg%2F11r9mplm1y!19sChIJW6FmsIwhoFMRvCtfwJmaN2I
Tetra Tech,Engineering consultant,14940 123 Ave NW,4.6,18,53.5770677,-113.5800627,53.5521992,-113.6795416,7128,TRUE,industrial engineering,2026-09-29T17:06:10.777Z,https://www.google.com/maps/place/Tetra+Tech/data=!4m7!3m6!1s0x53a021541ec9edcf:0x6ede4097ac1ac542!8m2!3d53.5770677!4d-113.5800627!16s%2Fg%2F1hc74gwf1!19sChIJz-3JHlQhoFMRQsUarJdA3m4
Mechanical Engineering Building (MecE),Engineering school,,4.4,25,53.5277399,-113.527934,53.5521992,-113.6795416,10381,TRUE,mechanical engineering,2026-09-29T17:06:25.776Z,https://www.google.com/maps/place/Mechanical+Engineering+Building+%28MecE%29/data=!4m7!3m6!1s0x53a0218a7ed19b13:0x2f813a185c44d50e!8m2!3d53.5277399!4d-113.527934!16s%2Fg%2F11c1wr9gkr!19sChIJE5vRfoohoFMRDtVEXBg6gS8
Gateway Mechanical Services,HVAC contractor,14605 118 Ave NW,3.6,28,53.5701507,-113.5745198,53.5521992,-113.6795416,7218,TRUE,mechanical engineering,2026-09-29T17:06:25.776Z,https://www.google.com/maps/place/Gateway+Mechanical+Services/data=!4m7!3m6!1s0x53a0215993c8de01:0x15d1c0f8c2f82255!8m2!3d53.5701507!4d-113.5745198!16s%2Fg%2F1tfqqmsg!19sChIJAd7Ik1khoFMRVSL4wvjA0RU
Points West Mechanical Ltd.,Mechanical contractor,15835 116 Ave NW,3.4,17,53.5648261,-113.5953557,53.5521992,-113.6795416,5735,TRUE,mechanical engineering,2026-09-29T17:06:25.776Z,https://www.google.com/maps/place/Points+West+Mechanical+Ltd./data=!4m7!3m6!1s0x53a0274dc5e56c31:0xce1158f7e0509f81!8m2!3d53.5648261!4d-113.5953557!16s%2Fg%2F11g69xxq6k!19sChIJMWzlxU0noFMRgZ9Q4PdYEc4
Jetek Engineering,Engineer,10612 124 St Unit 301,5,3,53.5497296,-113.5362023,53.5521992,-113.6795416,9473,TRUE,mechanical engineering,2026-09-29T17:06:25.776Z,https://www.google.com/maps/place/Jetek+Engineering/data=!4m7!3m6!1s0x53a023d3bf0fdb69:0xea01317dfc0cff2a!8m2!3d53.5497296!4d-113.5362023!16s%2Fg%2F11hcyy0r_s!19sChIJadsPv9MjoFMRKv8M_H0xAeo
Arpi's North Inc,Mechanical contractor,14445 123 Ave NW,4.2,27,53.5765227,-113.5710829,53.5521992,-113.6795416,7656,TRUE,mechanical engineering,2026-09-29T17:06:25.776Z,https://www.google.com/maps/place/Arpi%27s+North+Inc/data=!4m7!3m6!1s0x53a023fd8de652fd:0x4b99c7a13ad931d1!8m2!3d53.5765227!4d-113.5710829!16s%2Fg%2F1tvtb0nh!19sChIJ_VLmjf0joFMR0THZOqHHmUs
National Energy Equipment Inc.,Energy equipment and solutions,17107 118 Ave NW,3.8,40,53.5686111,-113.6200941,53.5521992,-113.6795416,4330,TRUE,energy,2026-09-29T17:02:09.787Z,https://www.google.com/maps/place/National+Energy+Equipment+Inc./data=!4m7!3m6!1s0x53a0212d8064aeaf:0x153ce605076803d9!8m2!3d53.5686111!4d-113.6200941!16s%2Fg%2F1tgps986!19sChIJr65kgC0hoFMR2QNoBwXmPBU
Bx Networking Edmonton West at Refinery Grill,Business networking company,10406 Mayfield Road NW,5,1,53.5467017,-113.6139123,53.5521992,-113.6795416,4379,TRUE,refining,2026-09-29T17:01:52.779Z,https://www.google.com/maps/place/Bx+Networking+Edmonton+West+at+Refinery+Grill/data=!4m7!3m6!1s0x53a02165fa5a6525:0x61f1fddfd9aba9da!8m2!3d53.5467017!4d-113.6139123!16s%2Fg%2F11vdkc1vcf!19sChIJJWVa-mUhoFMR2qmr2d_98WE
GP Technologies Ltd,Engineering consultant,16060 114 Ave NW,4.3,7,53.5634714,-113.5985647,53.5521992,-113.6795416,5494,TRUE,electrical engineering,2026-09-29T17:06:40.778Z,https://www.google.com/maps/place/GP+Technologies+Ltd/data=!4m7!3m6!1s0x53a018c6c4d73263:0x1af40788fdc3e981!8m2!3d53.5634714!4d-113.5985647!16s%2Fg%2F1tjpq58l!19sChIJYzLXxMYYoFMRgenD_YgH9Bo
SMP Engineering,Electrical engineer,12230 Jasper Ave #201,5,9,53.54149,-113.53342,53.5521992,-113.6795416,9727,TRUE,electrical engineering,2026-09-29T17:06:40.778Z,https://www.google.com/maps/place/SMP+Engineering/data=!4m7!3m6!1s0x53a023ce7049383b:0x2d07557c12106006!8m2!3d53.54149!4d-113.53342!16s%2Fg%2F1hc7gcywp!19sChIJOzhJcM4joFMRBmAQEnxVBy0
Inrush Electrical,Electrical engineer,16908 128a Ave NW,5,2,53.5861828,-113.6122253,53.5521992,-113.6795416,5834,TRUE,electrical engineering,2026-09-29T17:06:40.778Z,https://www.google.com/maps/place/Inrush+Electrical/data=!4m7!3m6!1s0x53a019279cccedf5:0x96f801108573b04a!8m2!3d53.5861828!4d-113.6122253!16s%2Fg%2F11sk2zmmw8!19sChIJ9e3MnCcZoFMRSrBzhRAB-JY
Automated Living Solutions Inc,Home automation company,13073 156 St,5,13,53.5894284,-113.5885035,53.5521992,-113.6795416,7299,TRUE,automation,2026-09-29T17:06:57.789Z,https://www.google.com/maps/place/Automated+Living+Solutions+Inc/data=!4m7!3m6!1s0x53a026a88cf368cb:0x688a15d69e5836a4!8m2!3d53.5894284!4d-113.5885035!16s%2Fg%2F1vd75ltl!19sChIJy2jzjKgmoFMRpDZYntYVimg
Refinery Grill,Grill,10406 Mayfield Road NW,4.3,1167,53.5467271,-113.6138694,53.5521992,-113.6795416,4381,TRUE,refining,2026-09-29T17:01:52.779Z,https://www.google.com/maps/place/Refinery+Grill/data=!4m7!3m6!1s0x53a0211c216bb167:0xbb90ee7b3544fbb3!8m2!3d53.5467271!4d-113.6138694!16s%2Fg%2F11bycg8rf0!19sChIJZ7FrIRwhoFMRs_tENXvukLs
NextGen Automation,Copier repair service,13025 156 St,4.8,65,53.5886362,-113.5893149,53.5521992,-113.6795416,7205,TRUE,automation,2026-09-29T17:06:57.789Z,https://www.google.com/maps/place/NextGen+Automation/data=!4m7!3m6!1s0x53a026a8ee464c43:0xfe511a2fbb3f63ba!8m2!3d53.5886362!4d-113.5893149!16s%2Fg%2F1tdp4qvj!19sChIJQ0xG7qgmoFMRumM_uy8aUf4
ISS Mine Safety,Mining equipment,16916 109 Ave,,,53.5563576,-113.613573,53.5521992,-113.6795416,4382,TRUE,mining,2026-09-29T17:00:54.785Z,https://www.google.com/maps/place/ISS+Mine+Safety/data=!4m7!3m6!1s0x53a025a4906e5f23:0x8637ba9489b028f2!8m2!3d53.5563576!4d-113.613573!16s%2Fg%2F11l65p0vff!19sChIJI19ukKQloFMR8iiwiZS6N4Y
Consolidated Gypsum Supply Ltd,Building materials supplier,11660 170 St NW,4.4,70,53.5663174,-113.6174116,53.5521992,-113.6795416,4394,TRUE,steel,2026-09-29T17:00:06.786Z,https://www.google.com/maps/place/Consolidated+Gypsum+Supply+Ltd/data=!4m7!3m6!1s0x53a02130549acda9:0xc0e193c364797fe3!8m2!3d53.5663174!4d-113.6174116!16s%2Fg%2F1tkbxxkc!19sChIJqc2aVDAhoFMR4395ZMOT4cA
Shore 2 Shore Automation Ltd,Home automation company,1047 Ormsby Crescent NW,5,47,53.4993314,-113.6500929,53.5521992,-113.6795416,6193,TRUE,automation,2026-09-29T17:06:57.789Z,https://www.google.com/maps/place/Shore+2+Shore+Automation+Ltd/data=!4m7!3m6!1s0x539f8a7cc5b23609:0x497397d338dcb471!8m2!3d53.4993314!4d-113.6500929!16s%2Fg%2F1tgf2x85!19sChIJCTayxXyKn1MRcbTcONOXc0k
Flaman Fitness West Edmonton,Exercise equipment store,16960 111 Ave NW,4.7,178,53.5601986,-113.6142882,53.5521992,-113.6795416,4401,TRUE,machinery,2026-09-29T16:56:29.621Z,https://www.google.com/maps/place/Flaman+Fitness+West+Edmonton/data=!4m7!3m6!1s0x53a0205978313b13:0xfa1056e93a7b7f6d!8m2!3d53.5601986!4d-113.6142882!16s%2Fg%2F1w2ytkxm!19sChIJEzsxeFkgoFMRbX97OulWEPo
Agency7 AI Solutions,Automation company,10107 Jasper Ave,5,1,53.5405407,-113.4941761,53.5521992,-113.6795416,12315,TRUE,automation,2026-09-29T17:06:57.789Z,https://www.google.com/maps/place/Agency7+AI+Solutions/data=!4m7!3m6!1s0x53a0232ce329e2f5:0x644e5ccdd4b75040!8m2!3d53.5405407!4d-113.4941761!16s%2Fg%2F11mshq8q0h!19sChIJ9eIp4ywjoFMRQFC31M1cTmQ
Matrix Automation Integration & Machine Inc.,Automation company,27717 Acheson Rd,5,1,53.546723,-113.784023,53.5521992,-113.6795416,6929,TRUE,automation,2026-09-29T17:06:57.789Z,https://www.google.com/maps/place/Matrix+Automation+Integration+%26+Machine+Inc./data=!4m7!3m6!1s0x539f897beab542a3:0x1b90f14acf8c15c8!8m2!3d53.546723!4d-113.784023!16s%2Fg%2F11hb0ltbg7!19sChIJo0K16nuJn1MRyBWMz0rxkBs
Marson Equipment Ltd,Woodworking supply store,16903 110 Ave NW,4.9,48,53.5576293,-113.613537,53.5521992,-113.6795416,4402,TRUE,machinery,2026-09-29T16:56:29.621Z,https://www.google.com/maps/place/Marson+Equipment+Ltd/data=!4m7!3m6!1s0x53a021235cf29b93:0xc01d23638a4eddf2!8m2!3d53.5576293!4d-113.613537!16s%2Fg%2F1tgc95x2!19sChIJk5vyXCMhoFMR8t1OimMjHcA
Oxford Machine & Welding Ltd,Steel fabricator,11612 170 St NW,4.2,10,53.5654912,-113.616744,53.5521992,-113.6795416,4403,TRUE,machinery,2026-09-29T16:56:29.621Z,https://www.google.com/maps/place/Oxford+Machine+%26+Welding+Ltd/data=!4m7!3m6!1s0x53a021305314e315:0xd6c94b26f95faa2f!8m2!3d53.5654912!4d-113.616744!16s%2Fg%2F1v41_44y!19sChIJFeMUUzAhoFMRL6pf-SZLydY
JBs Power Centre Ltd West Edmonton,Auto parts store,11680 170 St NW,4.1,722,53.5669478,-113.6175118,53.5521992,-113.6795416,4413,TRUE,assembly line,2026-09-29T16:56:06.475Z,https://www.google.com/maps/place/JBs+Power+Centre+Ltd+West+Edmonton/data=!4m7!3m6!1s0x53a02131a835f849:0x9eef0e02c0a63172!8m2!3d53.5669478!4d-113.6175118!16s%2Fg%2F1tctf8pl!19sChIJSfg1qDEhoFMRcjGmwAIO754
Production Tooling and Automation,Manufacturer,3907 98 St NW Unit 93,,,53.4753301,-113.4813904,53.5521992,-113.6795416,15643,TRUE,automation,2026-09-29T17:06:57.789Z,https://www.google.com/maps/place/Production+Tooling+and+Automation/data=!4m7!3m6!1s0x53a01f8aecb6ffef:0x6e7ca208d92d68b3!8m2!3d53.4753301!4d-113.4813904!16s%2Fg%2F11nphg9ss1!19sChIJ7_-27IofoFMRs2gt2QiifG4
Synctech Solutions,Home automation company,11420 142 St NW #4,5,1,53.5640003,-113.5662099,53.5521992,-113.6795416,7600,TRUE,automation,2026-09-29T17:06:57.789Z,https://www.google.com/maps/place/Synctech+Solutions/data=!4m7!3m6!1s0x53a0219f6fdd005f:0xa1d9751676a9ca57!8m2!3d53.5640003!4d-113.5662099!16s%2Fg%2F11vqh38v9s!19sChIJXwDdb58hoFMRV8qpdhZ12aE
Velocity Truck Centres - Parts,Truck parts supplier,11313 170 St NW,3.9,326,53.5620546,-113.6145225,53.5521992,-113.6795416,4432,TRUE,assembly line,2026-09-29T16:56:06.475Z,https://www.google.com/maps/place/Velocity+Truck+Centres+-+Parts/data=!4m7!3m6!1s0x53a0213ab6eb66bb:0x5d04b5f258c27114!8m2!3d53.5620546!4d-113.6145225!16s%2Fg%2F1td8yt85!19sChIJu2brtjohoFMRFHHCWPK1BF0
GoodMorning,Mattress store,144 Mayfield Common Northwest Unit G003,4.9,135,53.5430727,-113.6141442,53.5521992,-113.6795416,4438,TRUE,assembly line,2026-09-29T16:56:06.475Z,https://www.google.com/maps/place/GoodMorning/data=!4m7!3m6!1s0x53a0216b37baa165:0xa12b57d2a107a950!8m2!3d53.5430727!4d-113.6141442!16s%2Fg%2F11ypyt050q!19sChIJZaG6N2shoFMRUKkHodJXK6E
Forbes Automation Inc.,Automation company,11 Wolf Willow Point NW,,,53.4996051,-113.5946742,53.5521992,-113.6795416,8104,TRUE,automation,2026-09-29T17:06:57.789Z,https://www.google.com/maps/place/Forbes+Automation+Inc./data=!4m7!3m6!1s0x53a02030e8aeaaab:0x17f90bbb24a39c5c!8m2!3d53.4996051!4d-113.5946742!16s%2Fg%2F11gtc4j8km!19sChIJq6qu6DAgoFMRXJyjJLsL-Rc
Trassic Solutions,Home automation company,11420 142 St NW #18,5,1,53.5640003,-113.5662099,53.5521992,-113.6795416,7600,TRUE,automation,2026-09-29T17:06:57.789Z,https://www.google.com/maps/place/Trassic+Solutions/data=!4m7!3m6!1s0x53a02125d94517b7:0x3a8bf1089eb0209f!8m2!3d53.5640003!4d-113.5662099!16s%2Fg%2F11mckz86pf!19sChIJtxdF2SUhoFMRnyCwngjxizo
QC Industrial Automation Pty Ltd - Industrial Automation Parts Supplier,Automation company,316 Windermere Rd NW Unit 307,,,53.4402154,-113.6188477,53.5521992,-113.6795416,13083,FALSE,industrial automation,2026-09-29T17:07:14.780Z,https://www.google.com/maps/place/QC+Industrial+Automation+Pty+Ltd+-+Industrial+Automation+Parts+Supplier/data=!4m7!3m6!1s0x539ff514013be15b:0x9d992b4dd14f3da9!8m2!3d53.4402154!4d-113.6188477!16s%2Fg%2F11nxt43fpd!19sChIJW-E7ART1n1MRqT1P0U0rmZ0
Negmax Industrial Innovations Inc.,Automation company,"Enterprise Square, 10230 Jasper Ave",5,5,53.5411918,-113.4968505,53.5521992,-113.6795416,12132,TRUE,industrial automation,2026-09-29T17:07:14.780Z,https://www.google.com/maps/place/Negmax+Industrial+Innovations+Inc./data=!4m7!3m6!1s0x53a0224634487c03:0x42d5c097e477e283!8m2!3d53.5411918!4d-113.4968505!16s%2Fg%2F11rfmdw6mm!19sChIJA3xINEYioFMRg-J35JfA1UI
Source Automation Inc,Machining manufacturer,8770 51 Ave NW,5,3,53.4884521,-113.4616026,53.5521992,-113.6795416,16057,TRUE,industrial automation,2026-09-29T17:07:14.780Z,https://www.google.com/maps/place/Source+Automation+Inc/data=!4m7!3m6!1s0x53a018c1ba9a58a1:0x8229aa1fbc76e14e!8m2!3d53.4884521!4d-113.4616026!16s%2Fg%2F1hc6tg_lp!19sChIJoViausEYoFMRTuF2vB-qKYI
Spartan Controls Automation Centre,Automation company,8403 51 Ave NW,4.6,30,53.4878504,-113.4480251,53.5521992,-113.6795416,16895,TRUE,industrial automation,2026-09-29T17:07:14.780Z,https://www.google.com/maps/place/Spartan+Controls+Automation+Centre/data=!4m7!3m6!1s0x4163a3359b68684d:0x57deac679b46f5fa!8m2!3d53.4878504!4d-113.4480251!16s%2Fg%2F1thkwz0d!19sChIJTWhomzWjY0ER-vVGm2es3lc
Unified Automation,Automation company,4403 94 St NW,5,10,53.4831322,-113.4718759,53.5521992,-113.6795416,15732,TRUE,industrial automation,2026-09-29T17:07:14.780Z,https://www.google.com/maps/place/Unified+Automation/data=!4m7!3m6!1s0x53a018c19eed418d:0x361340ea552e9734!8m2!3d53.4831322!4d-113.4718759!16s%2Fg%2F11ttbg3dhh!19sChIJjUHtnsEYoFMRNJcuVepAEzY
HIBCO Construction,Construction company,16850 109 Ave,4.6,54,53.5566895,-113.6126238,53.5521992,-113.6795416,4448,TRUE,construction,2026-09-29T17:05:38.783Z,https://www.google.com/maps/place/HIBCO+Construction/data=!4m7!3m6!1s0x53a0214651f07193:0xda5d2f1b344c5902!8m2!3d53.5566895!4d-113.6126238!16s%2Fg%2F1vbl7848!19sChIJk3HwUUYhoFMRAllMNBsvXdo
GreenCo Robots,,,4.4,5,53.5645968,-113.5896982,53.5521992,-113.6795416,6092,TRUE,robotics,2026-09-29T17:07:30.779Z,https://www.google.com/maps/place/GreenCo+Robots/data=!4m7!3m6!1s0x53a021f28ca9fd19:0x21f8f85dfda02dad!8m2!3d53.5645968!4d-113.5896982!16s%2Fg%2F11n_74kp0g!19sChIJGf2pjPIhoFMRrS2g_V34-CE
Zebra Robotics Edmonton,Education center,5679 Riverbend Rd NW,5,9,53.4944442,-113.577782,53.5521992,-113.6795416,9300,TRUE,robotics,2026-09-29T17:07:30.779Z,https://www.google.com/maps/place/Zebra+Robotics+Edmonton/data=!4m7!3m6!1s0x53a0216a28e4f677:0xc2f5f4952b42d308!8m2!3d53.4944442!4d-113.577782!16s%2Fg%2F11vbvd7z8d!19sChIJd_bkKGohoFMRCNNCK5X09cI
11211 142 St NW Telus Robotics Lab,,,,,53.560904,-113.5631844,53.5521992,-113.6795416,7746,TRUE,robotics,2026-09-29T17:07:30.779Z,https://www.google.com/maps/place/11211+142+St+NW+Telus+Robotics+Lab/data=!4m7!3m6!1s0x53a02160fa75b997:0x4c548ebfbbe3360e!8m2!3d53.560904!4d-113.5631844!16s%2Fg%2F11bc908tw_!19sChIJl7l1-mAhoFMRDjbju7-OVEw
Autonomous Robotic Vehicle Project,Automation company,,5,3,53.527728,-113.5281639,53.5521992,-113.6795416,10366,TRUE,robotics,2026-09-29T17:07:30.779Z,https://www.google.com/maps/place/Autonomous+Robotic+Vehicle+Project/data=!4m7!3m6!1s0x53a0218a5ddf02e3:0xe164e115510fa5d2!8m2!3d53.527728!4d-113.5281639!16s%2Fg%2F11w3jhccf2!19sChIJ4wLfXYohoFMR0qUPURXhZOE
University of Alberta Aerial Robotics Group,Automation company,"11th floor DICE, 9211 116 St NW",,,53.4880185,-113.5314895,53.5521992,-113.6795416,12113,TRUE,robotics,2026-09-29T17:07:30.779Z,https://www.google.com/maps/place/University+of+Alberta+Aerial+Robotics+Group/data=!4m7!3m6!1s0x53a01f686ab3496d:0xb0a503a25812d5bd!8m2!3d53.4880185!4d-113.5314895!16s%2Fg%2F11vz4gl2zd!19sChIJbUmzamgfoFMRvdUSWKIDpbA
SunBot Kids Robotics & STEM Education,Education center,157 Hayward Crescent NW,5,12,53.4595635,-113.5651869,53.5521992,-113.6795416,12779,FALSE,robotics,2026-09-29T17:07:30.779Z,https://www.google.com/maps/place/SunBot+Kids+Robotics+%26+STEM+Education/data=!4m7!3m6!1s0x53a01f790499b325:0x2357a479bb51c39c!8m2!3d53.4595635!4d-113.5651869!16s%2Fg%2F11ysd4984d!19sChIJJbOZBHkfoFMRnMNRu3mkVyM
National Audio Video,Home automation company,10472 Mayfield Road NW,4.8,159,53.5481838,-113.612453,53.5521992,-113.6795416,4455,TRUE,automation,2026-09-29T17:06:57.789Z,https://www.google.com/maps/place/National+Audio+Video/data=!4m7!3m6!1s0x53a02176ee3343f9:0x4e99bf523b1fafe9!8m2!3d53.5481838!4d-113.612453!16s%2Fg%2F1trcg34n!19sChIJ-UMz7nYhoFMR6a8fO1K_mU4
Rosy Robotics Inc.,Store,9927 76 Ave NW,,,53.512066,-113.4873324,53.5521992,-113.6795416,13464,TRUE,robotics,2026-09-29T17:07:30.779Z,https://www.google.com/maps/place/Rosy+Robotics+Inc./data=!4m7!3m6!1s0x53a02383b1991613:0xe040e194f3718b5f!8m2!3d53.512066!4d-113.4873324!16s%2Fg%2F11ntnb9hm3!19sChIJExaZsYMjoFMRX4tx85ThQOA
Aro Robotic Systems,Manufacturer,8649 Coronet Rd NW,5,1,53.4983314,-113.4594264,53.5521992,-113.6795416,15735,TRUE,robotics,2026-09-29T17:07:30.779Z,https://www.google.com/maps/place/Aro+Robotic+Systems/data=!4m7!3m6!1s0x53a023b6f9140eb5:0x9eb9a8c224afbfd9!8m2!3d53.4983314!4d-113.4594264!16s%2Fg%2F11l6llq7cs!19sChIJtQ4U-bYjoFMR2b-vJMKouZ4
Blinc Lab,Laboratory,"2E1, 114 St NW",5,1,53.5224081,-113.5245222,53.5521992,-113.6795416,10766,TRUE,robotics,2026-09-29T17:07:30.779Z,https://www.google.com/maps/place/Blinc+Lab/data=!4m7!3m6!1s0x53a021f575e7d2ff:0xc6cc6d6fe5d83deb!8m2!3d53.5224081!4d-113.5245222!16s%2Fg%2F11c6vv43yv!19sChIJ_9LndfUhoFMR6z3Y5W9tzMY
ABTec Solutions ltd. (Canada),Computer hardware manufacturer,7447 182 St NW,5,7,53.5086574,-113.6356135,53.5521992,-113.6795416,5645,TRUE,robotics,2026-09-29T17:07:30.779Z,https://www.google.com/maps/place/ABTec+Solutions+ltd.+%28Canada%29/data=!4m7!3m6!1s0x53a021b880078d8b:0xcc4e0fd589111a63!8m2!3d53.5086574!4d-113.6356135!16s%2Fg%2F11jgc5fylx!19sChIJi40HgLghoFMRYxoRidUPTsw
Lego robotics club,Club,1450 34 Ave NW,3,2,53.4677364,-113.3712627,53.5521992,-113.6795416,22445,FALSE,robotics,2026-09-29T17:07:30.779Z,https://www.google.com/maps/place/Lego+robotics+club/data=!4m7!3m6!1s0x53a019bdc929d20d:0x82c022ae90cbc224!8m2!3d53.4677364!4d-113.3712627!16s%2Fg%2F11g9q69q04!19sChIJDdIpyb0ZoFMRJMLLkK4iwII
Zebra Robotics,Education center,2332 Ellwood Dr SW,5,4,53.4316657,-113.4715131,53.5521992,-113.6795416,19210,FALSE,robotics,2026-09-29T17:07:30.779Z,https://www.google.com/maps/place/Zebra+Robotics/data=!4m7!3m6!1s0x53a01f4dbf4c856d:0xfa32f09514491dbe!8m2!3d53.4316657!4d-113.4715131!16s%2Fg%2F11wnn12__4!19sChIJbYVMv00foFMRvh1JFJXwMvo
Correct-AI,Safety equipment supplier,10707 100 Ave NW Unit 1200,,,53.5385732,-113.5051512,53.5521992,-113.6795416,11621,TRUE,robotics,2026-09-29T17:07:30.779Z,https://www.google.com/maps/place/Correct-AI/data=!4m7!3m6!1s0x53a0232725a8595f:0x3f1093d43686dc30!8m2!3d53.5385732!4d-113.5051512!16s%2Fg%2F11r3l3rhp1!19sChIJX1moJScjoFMRMNyGNtSTED8
Youngstown Industrial,,,,,53.5528995,-113.6117465,53.5521992,-113.6795416,4479,TRUE,Industrial,2026-09-29T16:54:16.371Z,https://www.google.com/maps/place/Youngstown+Industrial/data=!4m7!3m6!1s0x53a021191ba60715:0x10d35062e3ddebe0!8m2!3d53.5528995!4d-113.6117465!16s%2Fg%2F1tf_sk6t!19sChIJFQemGxkhoFMR4Ovd42JQ0xA
PLC Basics,,,,,53.5459109,-113.4986901,53.5521992,-113.6795416,11968,TRUE,PLC,2026-09-29T17:07:40.777Z,https://www.google.com/maps/place/PLC+Basics/data=!4m7!3m6!1s0x53a022493c2c5a75:0x72d32f5a1255223d!8m2!3d53.5459109!4d-113.4986901!16s%2Fg%2F11vm3sph41!19sChIJdVosPEkioFMRPSJVElov03I
Solution Control Systems,Electrical equipment supplier,15835 145 Ave NW,5,21,53.6055407,-113.595816,53.5521992,-113.6795416,8108,TRUE,PLC,2026-09-29T17:07:40.777Z,https://www.google.com/maps/place/Solution+Control+Systems/data=!4m7!3m6!1s0x53a020ddf6e24ac1:0x45729a7a9bf3f856!8m2!3d53.6055407!4d-113.595816!16s%2Fg%2F12qfxwdvm!19sChIJwUri9t0goFMRVvjzm3qackU
PCL Industrial Constructors Inc.,Construction company,5402 99 St NW,4.3,22,53.4903137,-113.487536,53.5521992,-113.6795416,14438,TRUE,PLC,2026-09-29T17:07:40.777Z,https://www.google.com/maps/place/PCL+Industrial+Constructors+Inc./data=!4m7!3m6!1s0x53a018b434447fa3:0x4caf01dc6d521745!8m2!3d53.4903137!4d-113.487536!16s%2Fg%2F1v2jclns!19sChIJo39ENLQYoFMRRRdSbdwBr0w
Andrew Sheret Limited,Plumbing supply store,11704 170 St NW,4.6,197,53.567595,-113.616689,53.5521992,-113.6795416,4490,TRUE,casting,2026-09-29T16:59:00.780Z,https://www.google.com/maps/place/Andrew+Sheret+Limited/data=!4m7!3m6!1s0x53a0213852fdcc9b:0xca6ec5c2a31d6c41!8m2!3d53.567595!4d-113.616689!16s%2Fg%2F1tglml5z!19sChIJm8z9UjghoFMRQWwdo8LFbso
"PCL Energy, Inc.",Construction company,10003 56 Ave NW,4.5,12,53.4906408,-113.4886321,53.5521992,-113.6795416,14357,TRUE,PLC,2026-09-29T17:07:40.777Z,"https://www.google.com/maps/place/PCL+Energy,+Inc./data=!4m7!3m6!1s0x53a018b45edceb8f:0xa42b94115cab30ac!8m2!3d53.4906408!4d-113.4886321!16s%2Fg%2F11cn5t0zy1!19sChIJj-vcXrQYoFMRrDCrXBGUK6Q"
PCL Constructors Inc.,Corporate office,9915 56 Ave NW,4.3,43,53.4913596,-113.4869326,53.5521992,-113.6795416,14418,TRUE,PLC,2026-09-29T17:07:40.777Z,https://www.google.com/maps/place/PCL+Constructors+Inc./data=!4m7!3m6!1s0x53a018b43417109f:0xbfbf8f488cdf11ac!8m2!3d53.4913596!4d-113.4869326!16s%2Fg%2F1tdjwpmz!19sChIJnxAXNLQYoFMRrBHfjEiPv78
PCL AUTO,Used car dealer,12205 66 St NW,4.6,911,53.5770763,-113.4423075,53.5521992,-113.6795416,15909,FALSE,PLC,2026-09-29T17:07:40.777Z,https://www.google.com/maps/place/PCL+AUTO/data=!4m7!3m6!1s0x53a0233ac998c2db:0x8cbf4290bd1bb922!8m2!3d53.5770763!4d-113.4423075!16s%2Fg%2F11hbvbvstm!19sChIJ28KYyTojoFMRIrkbvZBCv4w
Exceed Industries Inc.,Automation company,23c Rayborn Crescent,5,1,53.6205768,-113.6446571,53.5521992,-113.6795416,7944,TRUE,PLC,2026-09-29T17:07:40.777Z,https://www.google.com/maps/place/Exceed+Industries+Inc./data=!4m7!3m6!1s0x53a0278fbf0328af:0x575008c952d7c065!8m2!3d53.6205768!4d-113.6446571!16s%2Fg%2F11f5tzrd6x!19sChIJrygDv48noFMRZcDXUskIUFc
PCL Construction Management Inc.,Construction company,5400 99 St NW,4.2,18,53.4902608,-113.4876448,53.5521992,-113.6795416,14435,TRUE,PLC,2026-09-29T17:07:40.777Z,https://www.google.com/maps/place/PCL+Construction+Management+Inc./data=!4m7!3m6!1s0x53a018b4652818bf:0xaa6b996ce441e327!8m2!3d53.4902608!4d-113.4876448!16s%2Fg%2F1tjv35kk!19sChIJvxgoZbQYoFMRJ-NB5GyZa6o
PCL Industrial Management Inc.,Construction company,5404 99 St NW,,,53.4903766,-113.4877576,53.5521992,-113.6795416,14422,TRUE,PLC,2026-09-29T17:07:40.777Z,https://www.google.com/maps/place/PCL+Industrial+Management+Inc./data=!4m7!3m6!1s0x53a0196f184eb901:0x4692747814b2d387!8m2!3d53.4903766!4d-113.4877576!16s%2Fg%2F11f015zmvn!19sChIJAblOGG8ZoFMRh9OyFHh0kkY
Linde Canada Inc.,Industrial gas supplier,6704 50 St NW,4.1,66,53.5026267,-113.4192608,53.5521992,-113.6795416,18066,FALSE,PLC,2026-09-29T17:07:40.777Z,https://www.google.com/maps/place/Linde+Canada+Inc./data=!4m7!3m6!1s0x53a018674779c43d:0x87e31ca5b727c435!8m2!3d53.5026267!4d-113.4192608!16s%2Fg%2F1v16p_1j!19sChIJPcR5R2cYoFMRNcQnt6Uc44c
EWEL Electrical Wholesalers Edmonton,Electrical products wholesaler,4248 99 St NW,4.1,42,53.479603,-113.488353,53.5521992,-113.6795416,14998,TRUE,PLC,2026-09-29T17:07:40.777Z,https://www.google.com/maps/place/EWEL+Electrical+Wholesalers+Edmonton/data=!4m7!3m6!1s0x53a01f331c2634f5:0x70fe830b1244cdd!8m2!3d53.479603!4d-113.488353!16s%2Fg%2F1tffz5d1!19sChIJ9TQmHDMfoFMR3UwksTDoDwc
Shell,Gas station,14873 137 Ave NW,2.5,86,53.5989068,-113.5819365,53.5521992,-113.6795416,8277,TRUE,PLC,2026-09-29T17:07:40.777Z,https://www.google.com/maps/place/Shell/data=!4m7!3m6!1s0x53a0241be0022fd3:0x8bc05c224ae22b62!8m2!3d53.5989068!4d-113.5819365!16s%2Fg%2F1q5bn1qgv!19sChIJ0y8C4BskoFMRYiviSiJcwIs
Focal Automation Inc,Automation company,3912 56 Ave NW,5,1,53.4932287,-113.4028713,53.5521992,-113.6795416,19429,FALSE,PLC,2026-09-29T17:07:40.777Z,https://www.google.com/maps/place/Focal+Automation+Inc/data=!4m7!3m6!1s0x53a03d966171af47:0x8c3c643820e145a1!8m2!3d53.4932287!4d-113.4028713!16s%2Fg%2F11hcw4c0n6!19sChIJR69xYZY9oFMRoUXhIDhkPIw
Linde Canada Inc. - Gas Plant,Industrial gas supplier,9501 34 St NW,3.4,11,53.5326469,-113.3926761,53.5521992,-113.6795416,19079,FALSE,PLC,2026-09-29T17:07:40.777Z,https://www.google.com/maps/place/Linde+Canada+Inc.+-+Gas+Plant/data=!4m7!3m6!1s0x53a023c923592153:0xd18b9c68bbc87f3d!8m2!3d53.5326469!4d-113.3926761!16s%2Fg%2F11gjv_hw_b!19sChIJUyFZI8kjoFMRPX_Iu2ici9E
The Linde Group,Industrial gas supplier,4511 97 St NW,,,53.4835393,-113.4789339,53.5521992,-113.6795416,15303,TRUE,PLC,2026-09-29T17:07:40.777Z,https://www.google.com/maps/place/The+Linde+Group/data=!4m7!3m6!1s0x53a018cbf0847dc5:0x3bce7def2fc065a1!8m2!3d53.4835393!4d-113.4789339!16s%2Fg%2F11cs2hh7d7!19sChIJxX2E8MsYoFMRoWXAL-99zjs
Kingsway Professional Centre,Business center,10611 Kingsway NW #103,3.9,20,53.5582877,-113.5035318,53.5521992,-113.6795416,11646,TRUE,PLC,2026-09-29T17:07:40.777Z,https://www.google.com/maps/place/Kingsway+Professional+Centre/data=!4m7!3m6!1s0x53a023b22a635c91:0xba78a238b0f05a1d!8m2!3d53.5582877!4d-113.5035318!16s%2Fg%2F11clytwxqy!19sChIJkVxjKrIjoFMRHVrwsDiieLo
Plc canteen,Restaurant,13000 33 St NE,,,53.5895117,-113.3037458,53.5521992,-113.6795416,25158,FALSE,PLC,2026-09-29T17:07:40.777Z,https://www.google.com/maps/place/Plc+canteen/data=!4m7!3m6!1s0x53a03d000d3bd427:0x6e57579c1483c6f4!8m2!3d53.5895117!4d-113.3037458!16s%2Fg%2F11zfrr7bzk!19sChIJJ9Q7DQA9oFMR9MaDFJxXV24
Kent PLC,Engineering consultant,2755 Broadmoor Blvd #220,,,53.5611448,-113.3187631,53.5521992,-113.6795416,23851,FALSE,PLC,2026-09-29T17:07:40.777Z,https://www.google.com/maps/place/Kent+PLC/data=!4m7!3m6!1s0x53a03d74652d8709:0x5fdbda6dd6d30d25!8m2!3d53.5611448!4d-113.3187631!16s%2Fg%2F11xnwjpmvb!19sChIJCYctZXQ9oFMRJQ3T1m3a218
H&W Produce,Produce market,17220 95 Ave NW,4.5,1179,53.5322665,-113.6195792,53.5521992,-113.6795416,4540,TRUE,production,2026-09-29T16:55:54.386Z,https://www.google.com/maps/place/H%26W+Produce/data=!4m7!3m6!1s0x53a020f91955e01f:0x68d24da873cb0804!8m2!3d53.5322665!4d-113.6195792!16s%2Fg%2F1tvm2fsw!19sChIJH-BVGfkgoFMRBAjLc6hN0mg
Emerson's Zedi Cloud SCADA Solutions,Automation company,7345 68 Ave NW,5,3,53.5036545,-113.4400896,53.5521992,-113.6795416,16722,FALSE,SCADA,2026-09-29T17:07:48.964Z,https://www.google.com/maps/place/Emerson%27s+Zedi+Cloud+SCADA+Solutions/data=!4m7!3m6!1s0x53a01ec9270bc1d3:0x4dc8e339a9db6fb2!8m2!3d53.5036545!4d-113.4400896!16s%2Fg%2F11b5wn733d!19sChIJ08ELJ8keoFMRsm_bqTnjyE0
ScadaWorks,Database management company,13727 93 St NW,,,53.6008683,-113.4846695,53.5521992,-113.6795416,13958,TRUE,SCADA,2026-09-29T17:07:48.964Z,https://www.google.com/maps/place/ScadaWorks/data=!4m7!3m6!1s0x53a0236036143267:0x32c73bb4b2bdb2e9!8m2!3d53.6008683!4d-113.4846695!16s%2Fg%2F11f3x9cg1n!19sChIJZzIUNmAjoFMR6bK9srQ7xzI
Convergint,Security system installation service,11615 145 St NW,,,53.5682647,-113.5699223,53.5521992,-113.6795416,7457,TRUE,control systems,2026-09-29T17:08:05.774Z,https://www.google.com/maps/place/Convergint/data=!4m7!3m6!1s0x53a021b4b4d71409:0x6de7bbae70a4e7bd!8m2!3d53.5682647!4d-113.5699223!16s%2Fg%2F11s95j3fn3!19sChIJCRTXtLQhoFMRveekcK67520
Concept Power Systems Ltd,Electrician,9768 170 St NW #358,5,4,53.5352379,-113.6169395,53.5521992,-113.6795416,4546,TRUE,control systems,2026-09-29T17:08:05.774Z,https://www.google.com/maps/place/Concept+Power+Systems+Ltd/data=!4m7!3m6!1s0x53a0247a38c86c4d:0xdeb357bf1f5d267a!8m2!3d53.5352379!4d-113.6169395!16s%2Fg%2F11b5wpcl5m!19sChIJTWzIOHokoFMReiZdH79Xs94
Decon Controls Inc.,Design engineer,14505 Yellowhead Trail NW,5,1,53.5807159,-113.5718583,53.5521992,-113.6795416,7786,TRUE,control systems,2026-09-29T17:08:05.774Z,https://www.google.com/maps/place/Decon+Controls+Inc./data=!4m7!3m6!1s0x53a019d902d50c63:0x9fcc8c53152bc677!8m2!3d53.5807159!4d-113.5718583!16s%2Fg%2F11s34rb24_!19sChIJYwzVAtkZoFMRd8YrFVOMzJ8
"FXR Factory Outlet Superstore - Edmonton, AB",Outdoor sports store,324 Mayfield Common Northwest,4.5,114,53.5437812,-113.6121024,53.5521992,-113.6795416,4553,TRUE,factory,2026-09-29T16:54:55.771Z,"https://www.google.com/maps/place/FXR+Factory+Outlet+Superstore+-+Edmonton,+AB/data=!4m7!3m6!1s0x53a0205a1cc075ad:0xb295d9f2451a4648!8m2!3d53.5437812!4d-113.6121024!16s%2Fg%2F11btsvdr12!19sChIJrXXAHFogoFMRSEYaRfLZlbI"
Accesio Control - Access Control & Surveillance Cameras,Security system supplier,11216 142 St NW,,,53.5613513,-113.5662803,53.5521992,-113.6795416,7550,TRUE,control systems,2026-09-29T17:08:05.774Z,https://www.google.com/maps/place/Accesio+Control+-+Access+Control+%26+Surveillance+Cameras/data=!4m7!3m6!1s0x53a0212e4ac3b8ad:0x19e352e14eeaf60c!8m2!3d53.5613513!4d-113.5662803!16s%2Fg%2F11y3_0c0dn!19sChIJrbjDSi4hoFMRDPbqTuFS4xk
A granada production for channel 4,Video store,9925 170 St NW,,,53.5379071,-113.6148392,53.5521992,-113.6795416,4561,TRUE,production,2026-09-29T16:55:54.386Z,https://www.google.com/maps/place/A+granada+production+for+channel+4/data=!4m7!3m6!1s0x53a0210055bb6d9d:0x40d08e1b3ebfd075!8m2!3d53.5379071!4d-113.6148392!16s%2Fg%2F11wj8mts00!19sChIJnW27VQAhoFMRddC_PhuO0EA
Austin Security Systems,Security system supplier,11769 156 St,4.6,22,53.5690492,-113.5893702,53.5521992,-113.6795416,6243,TRUE,control systems,2026-09-29T17:08:05.774Z,https://www.google.com/maps/place/Austin+Security+Systems/data=!4m7!3m6!1s0x53a0211f6e65df31:0x6f66cc18d5ad9560!8m2!3d53.5690492!4d-113.5893702!16s%2Fg%2F1td7swfh!19sChIJMd9lbh8hoFMRYJWt1RjMZm8
Applied Contaminant Control Ltd,Engineering consultant,10908 123 St NW,5,1,53.5543351,-113.5345073,53.5521992,-113.6795416,9584,TRUE,control systems,2026-09-29T17:08:05.774Z,https://www.google.com/maps/place/Applied+Contaminant+Control+Ltd/data=!4m7!3m6!1s0x53a023d1cc161de7:0x98dd98b049f95943!8m2!3d53.5543351!4d-113.5345073!16s%2Fg%2F11byp5wc01!19sChIJ5x0WzNEjoFMRQ1n5SbCY3Zg
Accesio,Security system supplier,11225 143 St NW,,,53.5614245,-113.5663427,53.5521992,-113.6795416,7547,TRUE,control systems,2026-09-29T17:08:05.774Z,https://www.google.com/maps/place/Accesio/data=!4m7!3m6!1s0x53a02160baf5e509:0xeef01ff8be4f5886!8m2!3d53.5614245!4d-113.5663427!16s%2Fg%2F11vch24fkh!19sChIJCeX1umAhoFMRhlhPvvgf8O4
Unified Systems Inc,Security system supplier,15323 116 Ave NW,,,53.5675905,-113.5852197,53.5521992,-113.6795416,6461,TRUE,control systems,2026-09-29T17:08:05.774Z,https://www.google.com/maps/place/Unified+Systems+Inc/data=!4m7!3m6!1s0x53a021453d4b776d:0x4a779872a9fa0fc7!8m2!3d53.5675905!4d-113.5852197!16s%2Fg%2F11f00pv62g!19sChIJbXdLPUUhoFMRxw_6qXKYd0o
Roadway Traffic Products,Safety equipment supplier,16146 114 Ave NW,4.4,8,53.5642366,-113.5996788,53.5521992,-113.6795416,5442,TRUE,control systems,2026-09-29T17:08:05.774Z,https://www.google.com/maps/place/Roadway+Traffic+Products/data=!4m7!3m6!1s0x53a02138edf0719d:0x3ca0db3ceef75d8d!8m2!3d53.5642366!4d-113.5996788!16s%2Fg%2F1v42fgyz!19sChIJnXHw7TghoFMRjV337jzboDw
Wave Control Systems,Industrial equipment supplier,9612 60 Ave NW,5,1,53.4963094,-113.4774079,53.5521992,-113.6795416,14736,TRUE,control systems,2026-09-29T17:08:05.774Z,https://www.google.com/maps/place/Wave+Control+Systems/data=!4m7!3m6!1s0x53a018ba17b32331:0xede591e3314850cf!8m2!3d53.4963094!4d-113.4774079!16s%2Fg%2F1xtf17fs!19sChIJMSOzF7oYoFMRz1BIMeOR5e0
Remote Control Monitoring System,Academic department,,,,53.5258616,-113.5302963,53.5521992,-113.6795416,10288,TRUE,control systems,2026-09-29T17:08:05.774Z,https://www.google.com/maps/place/Remote+Control+Monitoring+System/data=!4m7!3m6!1s0x53a021188042dba7:0xa6c8a43a1f344bcd!8m2!3d53.5258616!4d-113.5302963!16s%2Fg%2F11r0w9pjy6!19sChIJp9tCgBghoFMRzUs0HzqkyKY
Grizzly Discoveries,Mining company,9768 170 St NW,,,53.5353101,-113.6166359,53.5521992,-113.6795416,4561,TRUE,mining,2026-09-29T17:00:54.785Z,https://www.google.com/maps/place/Grizzly+Discoveries/data=!4m7!3m6!1s0x53a020fc23505555:0xe4d9ed7dba457c7!8m2!3d53.5353101!4d-113.6166359!16s%2Fg%2F11r8rlkmgg!19sChIJVVVQI_wgoFMRx1ek29eeTQ4
Signalogic Systems Inc.,Engineering consultant,15623 112 Ave NW Fl 2,5,3,53.5603952,-113.5926996,53.5521992,-113.6795416,5808,TRUE,control systems,2026-09-29T17:08:05.774Z,https://www.google.com/maps/place/Signalogic+Systems+Inc./data=!4m7!3m6!1s0x53a021f7485f1733:0xde713c0ce1f6b195!8m2!3d53.5603952!4d-113.5926996!16s%2Fg%2F11h3cbk1fv!19sChIJMxdfSPchoFMRlbH24Qw8cd4
Staples,Office supply store,9580 170 St NW,3.5,1011,53.5335254,-113.6180525,53.5521992,-113.6795416,4563,TRUE,stamping,2026-09-29T16:59:31.784Z,https://www.google.com/maps/place/Staples/data=!4m7!3m6!1s0x53a020fec3d071e1:0xc669243a6ef411d9!8m2!3d53.5335254!4d-113.6180525!16s%2Fg%2F1tjwhf9x!19sChIJ4XHQw_4goFMR2RH0bjokacY
Plantlife Cannabis Weed Dispensary Terra Losa,Cannabis store,9776 170 St NW #9776,4.5,226,53.535363,-113.6162222,53.5521992,-113.6795416,4583,TRUE,plant,2026-09-29T16:55:10.777Z,https://www.google.com/maps/place/Plantlife+Cannabis+Weed+Dispensary+Terra+Losa/data=!4m7!3m6!1s0x53a0211735f825e3:0xd079b75d5cdf73cc!8m2!3d53.535363!4d-113.6162222!16s%2Fg%2F11h5n_m955!19sChIJ4yX4NRchoFMRzHPfXF23edA
Reliable Remote Starters,Car accessories store,15808 112 Ave NW #20,4.9,279,53.56163,-113.59533,53.5521992,-113.6795416,5660,TRUE,control systems,2026-09-29T17:08:05.774Z,https://www.google.com/maps/place/Reliable+Remote+Starters/data=!4m7!3m6!1s0x53a018cc13a42fd9:0x6c0b7c00d068f98e!8m2!3d53.56163!4d-113.59533!16s%2Fg%2F11hcy_gq_p!19sChIJ2S-kE8wYoFMRjvlo0AB8C2w
True Home Cinema,Security system installation service,11308 142 St NW,4.3,6,53.5620263,-113.5664989,53.5521992,-113.6795416,7546,TRUE,control systems,2026-09-29T17:08:05.774Z,https://www.google.com/maps/place/True+Home+Cinema/data=!4m7!3m6!1s0x53a0213f745550c7:0x5030fa69399077a6!8m2!3d53.5620263!4d-113.5664989!16s%2Fg%2F1tdgv1yk!19sChIJx1BVdD8hoFMRpneQOWn6MFA
G B Truck & Diesel,Diesel engine repair service,16808 113 Ave NW,4.5,83,53.5615809,-113.6116318,53.5521992,-113.6795416,4605,TRUE,machinery,2026-09-29T16:56:29.621Z,https://www.google.com/maps/place/G+B+Truck+%26+Diesel/data=!4m7!3m6!1s0x53a0213adeddb633:0xf35e8b15d181c1d3!8m2!3d53.5615809!4d-113.6116318!16s%2Fg%2F1tdzqtsj!19sChIJM7bd3johoFMR08GB0RWLXvM
Marshalls,Department store,9560 170 St NW,4.1,504,53.532879,-113.617874,53.5521992,-113.6795416,4606,TRUE,supply chain,2026-09-29T17:10:38.282Z,https://www.google.com/maps/place/Marshalls/data=!4m7!3m6!1s0x53a020f937b1af79:0xc81c412ca9856a93!8m2!3d53.532879!4d-113.617874!16s%2Fg%2F11c59xnzch!19sChIJea-xN_kgoFMRk2qFqSxBHMg
All-Lock-Rescue Ltd,Locksmith,11709 170 St NW,4.7,250,53.5680086,-113.6143661,53.5521992,-113.6795416,4650,TRUE,assembly line,2026-09-29T16:56:06.475Z,https://www.google.com/maps/place/All-Lock-Rescue+Ltd/data=!4m7!3m6!1s0x53a021310d19b5fd:0xe4b8f1f1fb4e86af!8m2!3d53.5680086!4d-113.6143661!16s%2Fg%2F12hqlr1bq!19sChIJ_bUZDTEhoFMRr4ZO-_HxuOQ
JM Test Systems (formerly BHD Instrumentation Ltd.),Industrial equipment supplier,8505 Argyll Rd NW,4.2,10,53.5014988,-113.4553734,53.5521992,-113.6795416,15854,TRUE,instrumentation,2026-09-29T17:08:20.787Z,https://www.google.com/maps/place/JM+Test+Systems+%28formerly+BHD+Instrumentation+Ltd.%29/data=!4m7!3m6!1s0x53a01862bcb7a187:0x374298765c55130a!8m2!3d53.5014988!4d-113.4553734!16s%2Fg%2F11b5wjwf6z!19sChIJh6G3vGIYoFMRChNVXHaYQjc
Stuart Hunt & Associates Ltd.,Medical equipment supplier,15803 145 Ave NW,4.6,9,53.6053331,-113.594929,53.5521992,-113.6795416,8131,TRUE,instrumentation,2026-09-29T17:08:20.787Z,https://www.google.com/maps/place/Stuart+Hunt+%26+Associates+Ltd./data=!4m7!3m6!1s0x53a02666b9a4912b:0xe12c89a51efa0c42!8m2!3d53.6053331!4d-113.594929!16s%2Fg%2F1tm29bzq!19sChIJK5GkuWYmoFMRQgz6HqWJLOE
Silk Plant Warehouse,Artificial plant supplier,11707 170 St NW,4.5,72,53.5679029,-113.6142593,53.5521992,-113.6795416,4652,TRUE,plant,2026-09-29T16:55:10.777Z,https://www.google.com/maps/place/Silk+Plant+Warehouse/data=!4m7!3m6!1s0x53a021316d518b85:0x802fd73fed47bbcf!8m2!3d53.5679029!4d-113.6142593!16s%2Fg%2F11b7jdgryf!19sChIJhYtRbTEhoFMRz7tH7T_XL4A
Midwest Engineering (AB North) Ltd.,Professional services,11711 170 St NW,5,2,53.5680544,-113.6143358,53.5521992,-113.6795416,4654,TRUE,industrial engineering,2026-09-29T17:06:10.777Z,https://www.google.com/maps/place/Midwest+Engineering+%28AB+North%29+Ltd./data=!4m7!3m6!1s0x53a020dd6b8aa771:0x202d8e4899495dbf!8m2!3d53.5680544!4d-113.6143358!16s%2Fg%2F1tmkknkv!19sChIJcaeKa90goFMRv11JmUiOLSA
Campbell Scientific,Corporate office,14532 131 Ave NW,4.6,21,53.5910022,-113.5710253,53.5521992,-113.6795416,8364,TRUE,instrumentation,2026-09-29T17:08:20.787Z,https://www.google.com/maps/place/Campbell+Scientific/data=!4m7!3m6!1s0x53a0215b0b18ef15:0xfe5d70aec7c4b785!8m2!3d53.5910022!4d-113.5710253!16s%2Fg%2F1q6j7v9b6!19sChIJFe8YC1shoFMRhbfEx65wXf4
Price Paper & Produce Products,Wholesaler,16824 114 Ave NW,4.4,7,53.5642151,-113.6120204,53.5521992,-113.6795416,4656,TRUE,production,2026-09-29T16:55:54.386Z,https://www.google.com/maps/place/Price+Paper+%26+Produce+Products/data=!4m7!3m6!1s0x53a0213a7862c72f:0x9ee99fd65c6d7242!8m2!3d53.5642151!4d-113.6120204!16s%2Fg%2F11h7s3wkqr!19sChIJL8dieDohoFMRQnJtXNaf6Z4
Alberta Pipe Trades College,College,16120 118 Ave NW,4.8,23,53.5722923,-113.5996723,53.5521992,-113.6795416,5729,TRUE,instrumentation,2026-09-29T17:08:20.787Z,https://www.google.com/maps/place/Alberta+Pipe+Trades+College/data=!4m7!3m6!1s0x53a02149a7aeb67b:0x12433de69585bbd1!8m2!3d53.5722923!4d-113.5996723!16s%2Fg%2F11b6dqm_6p!19sChIJe7aup0khoFMR0buFleY9QxI
Sirius Instrumentation and Controls Inc,Manufacturer,4619 82 Ave NW,4.2,10,53.5176222,-113.4125284,53.5521992,-113.6795416,18060,FALSE,instrumentation,2026-09-29T17:08:20.787Z,https://www.google.com/maps/place/Sirius+Instrumentation+and+Controls+Inc/data=!4m7!3m6!1s0x53a018d548423cbb:0x5d782d4ee800e9ef!8m2!3d53.5176222!4d-113.4125284!16s%2Fg%2F1tdp0458!19sChIJuzxCSNUYoFMR7-kA6E4teF0
Cast Steel Products LP,Corporate office,16814 114 Ave NW,,,53.5633989,-113.611232,53.5521992,-113.6795416,4681,TRUE,casting,2026-09-29T16:59:00.780Z,https://www.google.com/maps/place/Cast+Steel+Products+LP/data=!4m7!3m6!1s0x4163a335bd37da09:0xa7ea82b34692fef1!8m2!3d53.5633989!4d-113.611232!16s%2Fg%2F11b6cj7l4b!19sChIJCdo3vTWjY0ER8f6SRrOC6qc
Leena Instruments Ltd.,Laboratory equipment supplier,10060 Jasper Ave tower 1 suite 2020,2.3,3,53.5413421,-113.4928334,53.5521992,-113.6795416,12394,TRUE,instrumentation,2026-09-29T17:08:20.787Z,https://www.google.com/maps/place/Leena+Instruments+Ltd./data=!4m7!3m6!1s0x53a023e08b09a6b3:0x5938903f05bedb54!8m2!3d53.5413421!4d-113.4928334!16s%2Fg%2F11vpkqngp6!19sChIJs6YJi-AjoFMRVNu-BT-QOFk
Phase Advanced Sensor Systems,Manufacturer,11421 Saskatchewan Dr NW,,,53.5284105,-113.5280726,53.5521992,-113.6795416,10352,TRUE,sensors,2026-09-29T17:08:29.784Z,https://www.google.com/maps/place/Phase+Advanced+Sensor+Systems/data=!4m7!3m6!1s0x53a02337964020d7:0xc7d5ece30b27dd61!8m2!3d53.5284105!4d-113.5280726!16s%2Fg%2F11p0z5q4ld!19sChIJ1yBAljcjoFMRYd0nC-Ps1cc
Mosaic Sensors,,,,,53.5521702,-113.5398854,53.5521992,-113.6795416,9226,TRUE,sensors,2026-09-29T17:08:29.784Z,https://www.google.com/maps/place/Mosaic+Sensors/data=!4m7!3m6!1s0x53a023d135c0ffff:0x533d2584689ea1d3!8m2!3d53.5521702!4d-113.5398854!16s%2Fg%2F11t4d__hf5!19sChIJ___ANdEjoFMR06GeaIQlPVM
Machlink Security Corporation,Security system installation service,15387 117 Ave NW,5,1,53.5691051,-113.5860977,53.5521992,-113.6795416,6452,TRUE,sensors,2026-09-29T17:08:29.784Z,https://www.google.com/maps/place/Machlink+Security+Corporation/data=!4m7!3m6!1s0x53a025587a14500f:0xabaac0f2cfba8201!8m2!3d53.5691051!4d-113.5860977!16s%2Fg%2F11g07yqrkf!19sChIJD1AUelgloFMRAYK6z_LAqqs
"MSA Safety Sales, LLC (MSA - The Safety Company)",Safety equipment supplier,12134 154 St,3.7,3,53.57531,-113.5875099,53.5521992,-113.6795416,6599,TRUE,sensors,2026-09-29T17:08:29.784Z,"https://www.google.com/maps/place/MSA+Safety+Sales,+LLC+%28MSA+-+The+Safety+Company%29/data=!4m7!3m6!1s0x53a021521f1c4a83:0xaa0970126b3af59a!8m2!3d53.57531!4d-113.5875099!16s%2Fg%2F11css76wt7!19sChIJg0ocH1IhoFMRmvU6axJwCao"
TELSCO,Security service,12750 127 St,4.8,463,53.585779,-113.5416072,53.5521992,-113.6795416,9844,TRUE,sensors,2026-09-29T17:08:29.784Z,https://www.google.com/maps/place/TELSCO/data=!4m7!3m6!1s0x53a0238b48c8bd05:0x54fd4c2cc8bdd339!8m2!3d53.585779!4d-113.5416072!16s%2Fg%2F1tc_8bpc!19sChIJBb3ISIsjoFMROdO9yCxM_VQ
"Interstate All Battery Center of Edmonton, AB",Car battery store,15840 118 Ave NW,4.5,248,53.5709497,-113.5949853,53.5521992,-113.6795416,5961,TRUE,sensors,2026-09-29T17:08:29.784Z,"https://www.google.com/maps/place/Interstate+All+Battery+Center+of+Edmonton,+AB/data=!4m7!3m6!1s0x53a0214ed4581dd1:0x95050b3f5b22b52d!8m2!3d53.5709497!4d-113.5949853!16s%2Fg%2F1vm7b420!19sChIJ0R1Y1E4hoFMRLbUiWz8LBZU"
Evolution Audio,Electronics store,15910 Stony Plain Rd,5,881,53.541564,-113.595863,53.5521992,-113.6795416,5654,TRUE,sensors,2026-09-29T17:08:29.784Z,https://www.google.com/maps/place/Evolution+Audio/data=!4m7!3m6!1s0x53a0210f7afd2f8d:0xe94bae69c32b6a1d!8m2!3d53.541564!4d-113.595863!16s%2Fg%2F1tgj8hmc!19sChIJjS_9eg8hoFMRHWorw2muS-k
Fixed Right Maintenance and Repair Ltd.,Hydraulic repair service,16655 110 Ave NW Unit 2,5,19,53.5574163,-113.6090911,53.5521992,-113.6795416,4690,TRUE,maintenance,2026-09-29T17:09:57.777Z,https://www.google.com/maps/place/Fixed+Right+Maintenance+and+Repair+Ltd./data=!4m7!3m6!1s0x53a021a4eb1a4ce5:0x3241900c6f6e4167!8m2!3d53.5574163!4d-113.6090911!16s%2Fg%2F11rcn29twr!19sChIJ5Uwa66QhoFMRZ0FubwyQQTI
Industrial Sensors Technologies,Government office,260 Karl Clark Rd NW,,,53.444458,-113.47733,53.5521992,-113.6795416,17956,FALSE,sensors,2026-09-29T17:08:29.784Z,https://www.google.com/maps/place/Industrial+Sensors+Technologies/data=!4m7!3m6!1s0x53a01f003f80ec2f:0x388e19ce5ba7fc3a!8m2!3d53.444458!4d-113.47733!16s%2Fg%2F11npsk5548!19sChIJL-yAPwAfoFMROvynW84Zjjg
EcoWorks Property Maintenance,Property maintenance,15397 117 Ave NW,5,1,53.5688625,-113.5867219,53.5521992,-113.6795416,6404,TRUE,maintenance,2026-09-29T17:09:57.777Z,https://www.google.com/maps/place/EcoWorks+Property+Maintenance/data=!4m7!3m6!1s0x53a0214566fd58b9:0xc53db4219c2ac25!8m2!3d53.5688625!4d-113.5867219!16s%2Fg%2F11g03k6b2t!19sChIJuVj9ZkUhoFMRJazCGULbUww
Unlimited Automotive & Performance,Car repair and maintenance service,11811 152 St NW,4.7,166,53.5709251,-113.5830827,53.5521992,-113.6795416,6702,TRUE,maintenance,2026-09-29T17:09:57.777Z,https://www.google.com/maps/place/Unlimited+Automotive+%26+Performance/data=!4m7!3m6!1s0x53a0215ac2b3709d:0x326c72cf16bb42c9!8m2!3d53.5709251!4d-113.5830827!16s%2Fg%2F11cspk_2m6!19sChIJnXCzwlohoFMRyUK7Fs9ybDI
Gateway Maintenance,Deck builder,10635 123 St NW Unit 206,4.5,21,53.5504202,-113.5337271,53.5521992,-113.6795416,9635,TRUE,maintenance,2026-09-29T17:09:57.777Z,https://www.google.com/maps/place/Gateway+Maintenance/data=!4m7!3m6!1s0x53a023d24a676bed:0x8730d26b1aa20acd!8m2!3d53.5504202!4d-113.5337271!16s%2Fg%2F11cn5l6tqk!19sChIJ7WtnStIjoFMRzQqiGmvSMIc
Fix All Maintenance Ltd,Property management company,15810 131 Ave NW,3.7,3,53.5907769,-113.5951012,53.5521992,-113.6795416,7035,TRUE,maintenance,2026-09-29T17:09:57.777Z,https://www.google.com/maps/place/Fix+All+Maintenance+Ltd/data=!4m7!3m6!1s0x53a026a5ff4cf28d:0x5ac6a53edd41e16!8m2!3d53.5907769!4d-113.5951012!16s%2Fg%2F11hz77d_wk!19sChIJjfJM_6UmoFMRFh7U7VNqrAU
General Maintenance & Renovation Inc.,General contractor,14608 116 Ave NW,5,2,53.5671622,-113.6057922,53.5521992,-113.6795416,5147,TRUE,maintenance,2026-09-29T17:09:57.777Z,https://www.google.com/maps/place/General+Maintenance+%26+Renovation+Inc./data=!4m7!3m6!1s0x53a02137a42b0327:0xf898d5bf59ecdc5c!8m2!3d53.5671622!4d-113.6057922!16s%2Fg%2F1ptx72r1x!19sChIJJwMrpDchoFMRXNzsWb_VmPg
Premier Property Services Ltd.,Lawn care service,9720 142 St NW,4.9,116,53.5352149,-113.5660677,53.5521992,-113.6795416,7732,TRUE,maintenance,2026-09-29T17:09:57.777Z,https://www.google.com/maps/place/Premier+Property+Services+Ltd./data=!4m7!3m6!1s0x53a0219ee8400001:0xe6f3a7664f94acb8!8m2!3d53.5352149!4d-113.5660677!16s%2Fg%2F11b7hyjy2y!19sChIJAQBA6J4hoFMRuKyUT2an8-Y
BROJAM Construction & Maintenance Ltd.,Property maintenance,14609 119 Ave NW,3.4,10,53.5712926,-113.5734226,53.5521992,-113.6795416,7323,TRUE,maintenance,2026-09-29T17:09:57.777Z,https://www.google.com/maps/place/BROJAM+Construction+%26+Maintenance+Ltd./data=!4m7!3m6!1s0x53a0213e9aea5c2b:0xefb77abbf1cb235a!8m2!3d53.5712926!4d-113.5734226!16s%2Fg%2F11hyxklndf!19sChIJK1zqmj4hoFMRWiPL8bt6t-8
Roadway Maintenance West Yard,Public works department,14410 114 Ave NW,5,2,53.5634881,-113.5712214,53.5521992,-113.6795416,7264,TRUE,maintenance,2026-09-29T17:09:57.777Z,https://www.google.com/maps/place/Roadway+Maintenance+West+Yard/data=!4m7!3m6!1s0x53a0215dcf5d622f:0x2de599e692f32b9a!8m2!3d53.5634881!4d-113.5712214!16s%2Fg%2F11cmpp8g34!19sChIJL2Jdz10hoFMRmivzkuaZ5S0
Alliance Refractories Ltd.,Contractor,16650 111 Ave NW,4.6,17,53.5598291,-113.6092961,53.5521992,-113.6795416,4717,TRUE,casting,2026-09-29T16:59:00.780Z,https://www.google.com/maps/place/Alliance+Refractories+Ltd./data=!4m7!3m6!1s0x53a0213baf6491dd:0xf76e763ae277f6a!8m2!3d53.5598291!4d-113.6092961!16s%2Fg%2F1w0p59jw!19sChIJ3ZFkrzshoFMRan8nrmPndg8
BINI AUTO REPAIR,Mechanic,15112 116a Ave NW,4.7,19,53.5687181,-113.5817057,53.5521992,-113.6795416,6718,TRUE,maintenance,2026-09-29T17:09:57.777Z,https://www.google.com/maps/place/BINI+AUTO+REPAIR/data=!4m7!3m6!1s0x53a0218826497243:0x6656f0447deb80d5!8m2!3d53.5687181!4d-113.5817057!16s%2Fg%2F11h2mh1wsc!19sChIJQ3JJJoghoFMR1YDrfUTwVmY
Jasper Place Lawn,Lawn care service,11308 142 St NW,4.2,23,53.5620263,-113.5664989,53.5521992,-113.6795416,7546,TRUE,maintenance,2026-09-29T17:09:57.777Z,https://www.google.com/maps/place/Jasper+Place+Lawn/data=!4m7!3m6!1s0x53a02394a2981683:0x844f2b73965ca162!8m2!3d53.5620263!4d-113.5664989!16s%2Fg%2F11jvqxr8zr!19sChIJgxaYopQjoFMRYqFclnMrT4Q
Edmonton Fleet Maintenance Ltd,Truck repair shop,16740 121 Ave NW,3.9,15,53.572935,-113.6112686,53.5521992,-113.6795416,5064,TRUE,maintenance,2026-09-29T17:09:57.777Z,https://www.google.com/maps/place/Edmonton+Fleet+Maintenance+Ltd/data=!4m7!3m6!1s0x53a02135aaecccf5:0xb253dde496ec966d!8m2!3d53.572935!4d-113.6112686!16s%2Fg%2F1tdy44cm!19sChIJ9czsqjUhoFMRbZbsluTdU7I
GN Safety Supplies Inc.,Safety equipment supplier,16689 113 Ave NW,5,9,53.5611098,-113.6092456,53.5521992,-113.6795416,4748,TRUE,machinery,2026-09-29T16:56:29.621Z,https://www.google.com/maps/place/GN+Safety+Supplies+Inc./data=!4m7!3m6!1s0x53a02157c5964f7d:0x1409f3c512f1ba33!8m2!3d53.5611098!4d-113.6092456!16s%2Fg%2F11c2lyjc6h!19sChIJfU-WxVchoFMRM7rxEsXzCRQ
Eagle Maintenance & Landscaping Ltd,Landscaper,12120 106 Ave NW,4.8,28,53.5495449,-113.5320811,53.5521992,-113.6795416,9746,TRUE,maintenance,2026-09-29T17:09:57.777Z,https://www.google.com/maps/place/Eagle+Maintenance+%26+Landscaping+Ltd/data=!4m7!3m6!1s0x53a023d257be6763:0xe9610f8c70b7f829!8m2!3d53.5495449!4d-113.5320811!16s%2Fg%2F1vb9cr66!19sChIJY2e-V9IjoFMRKfi3cIwPYek
Cedar Building Maintenance Inc,Janitorial service,15703 116 Ave NW,5,1,53.565652,-113.592727,53.5521992,-113.6795416,5926,TRUE,maintenance,2026-09-29T17:09:57.777Z,https://www.google.com/maps/place/Cedar+Building+Maintenance+Inc/data=!4m7!3m6!1s0x53a021466e00edb5:0xe511b3256650f96b!8m2!3d53.565652!4d-113.592727!16s%2Fg%2F1tdm_5dv!19sChIJte0AbkYhoFMRa_lQZiWzEeU
Pentacle Oil Field Supply Inc.  TEDA Power Tongs,Oil & natural gas company,16689 113 Ave NW,,,53.5611098,-113.6092456,53.5521992,-113.6795416,4748,TRUE,oil and gas,2026-09-29T17:01:18.783Z,https://www.google.com/maps/place/Pentacle+Oil+Field+Supply+Inc.+%E2%80%A2+TEDA+Power+Tongs/data=!4m7!3m6!1s0x53a0213ba5b765c1:0xef0db9de175284aa!8m2!3d53.5611098!4d-113.6092456!16s%2Fg%2F11n93ksxhl!19sChIJwWW3pTshoFMRqoRSF965De8
Genax Metal Manufacturing Ltd,Manufacturer,25420 114 Ave,,,53.5633574,-113.7493315,53.5521992,-113.6795416,4774,TRUE,manufacturing,2026-09-29T16:54:38.778Z,https://www.google.com/maps/place/Genax+Metal+Manufacturing+Ltd/data=!4m7!3m6!1s0x53a020ba664685cb:0xf0225207fe69c189!8m2!3d53.5633574!4d-113.7493315!16s%2Fg%2F1tfgcy2b!19sChIJy4VGZrogoFMRicFp_gdSIvA
A-Service,Tire service,15903 Stony Plain Rd,5,43,53.5410528,-113.5958544,53.5521992,-113.6795416,5666,TRUE,repair and operations,2026-09-29T17:10:07.807Z,https://www.google.com/maps/place/A-Service/data=!4m7!3m6!1s0x53a021abfb517eb3:0x236d7a430003fe1!8m2!3d53.5410528!4d-113.5958544!16s%2Fg%2F11z2gp14hv!19sChIJs35R-6shoFMR4T8AMKTXNgI
MetroCore Facility Services,Mechanical contractor,14304 115 Ave NW,4.5,8,53.5656813,-113.5674518,53.5521992,-113.6795416,7554,TRUE,repair and operations,2026-09-29T17:10:07.807Z,https://www.google.com/maps/place/MetroCore+Facility+Services/data=!4m7!3m6!1s0x53a0215ef98ba033:0xe7dee1958233d4df!8m2!3d53.5656813!4d-113.5674518!16s%2Fg%2F1td4zjpl!19sChIJM6CL-V4hoFMR39QzgpXh3uc
Allmar Inc.,Door supplier,11641 151 St NW,4,46,53.568828,-113.5806624,53.5521992,-113.6795416,6787,TRUE,repair and operations,2026-09-29T17:10:07.807Z,https://www.google.com/maps/place/Allmar+Inc./data=!4m7!3m6!1s0x4163bca9c55f2855:0xad00dba8a208dbd9!8m2!3d53.568828!4d-113.5806624!16s%2Fg%2F1v1tms1f!19sChIJVShfxam8Y0ER2dsIoqjbAK0
Expansion Power Inc.,Oil & natural gas company,16640 111 Ave NW,,,53.5597104,-113.6083771,53.5521992,-113.6795416,4774,TRUE,oil and gas,2026-09-29T17:01:18.783Z,https://www.google.com/maps/place/Expansion+Power+Inc./data=!4m7!3m6!1s0x53a0213b83c7cf7d:0x973bc99fa9df13a6!8m2!3d53.5597104!4d-113.6083771!16s%2Fg%2F11gdkjqn2b!19sChIJfc_HgzshoFMRphPfqZ_JO5c
Renew Services Inc.,Repair Service,12520 124 St,4.8,24,53.581516,-113.536289,53.5521992,-113.6795416,10006,TRUE,repair and operations,2026-09-29T17:10:07.807Z,https://www.google.com/maps/place/Renew+Services+Inc./data=!4m7!3m6!1s0x53a0213c61f657b3:0xdc5729175cb956f2!8m2!3d53.581516!4d-113.536289!16s%2Fg%2F11g6xjr9fy!19sChIJs1f2YTwhoFMR8la5XBcpV9w
On Side Restoration Services,Water damage restoration service,17439 129 Ave NW,4,270,53.5894132,-113.6224173,53.5521992,-113.6795416,5599,TRUE,repair and operations,2026-09-29T17:10:07.807Z,https://www.google.com/maps/place/On+Side+Restoration+Services/data=!4m7!3m6!1s0x53a020c280cdf2c1:0x9d9dc229d99d1a57!8m2!3d53.5894132!4d-113.6224173!16s%2Fg%2F1tdvzkvg!19sChIJwfLNgMIgoFMRVxqd2SnCnZ0
Service On Site Edmonton - welder calibration & maintenance services,Repair Service,12764 B 115 St NW,5,4,53.5867753,-113.5203053,53.5521992,-113.6795416,11196,TRUE,repair and operations,2026-09-29T17:10:07.807Z,https://www.google.com/maps/place/Service+On+Site+Edmonton+-+welder+calibration+%26+maintenance+services/data=!4m7!3m6!1s0x53a02365078d0067:0x3f1208dff93e9cd2!8m2!3d53.5867753!4d-113.5203053!16s%2Fg%2F11c0xcsgz2!19sChIJZwCNB2UjoFMR0pw--d8IEj8
Autobahn Performance,Car repair and maintenance service,14233 130 Ave NW,4.8,100,53.588283,-113.5678659,53.5521992,-113.6795416,8395,TRUE,repair and operations,2026-09-29T17:10:07.807Z,https://www.google.com/maps/place/Autobahn+Performance/data=!4m7!3m6!1s0x53a020d932a8af3f:0xe19e966462fbce7e!8m2!3d53.588283!4d-113.5678659!16s%2Fg%2F11b6fkbr6t!19sChIJP6-oMtkgoFMRfs77YmSWnuE
North Star Repair,Appliance repair service,12535 126 St NW,4.7,53,53.5818722,-113.5393333,53.5521992,-113.6795416,9829,TRUE,repair and operations,2026-09-29T17:10:07.807Z,https://www.google.com/maps/place/North+Star+Repair/data=!4m7!3m6!1s0x53a023f2d39df863:0xcbbc2f4a30392844!8m2!3d53.5818722!4d-113.5393333!16s%2Fg%2F1thznl32!19sChIJY_id0_IjoFMRRCg5MEovvMs
Precision Chemical Manufacturing Ltd,Manufacturer,16671 113 Ave NW,,,53.5611,-113.608498,53.5521992,-113.6795416,4796,TRUE,manufacturing,2026-09-29T16:54:38.778Z,https://www.google.com/maps/place/Precision+Chemical+Manufacturing+Ltd/data=!4m7!3m6!1s0x52ea72502dbfe36f:0x180cfa1455b45020!8m2!3d53.5611!4d-113.608498!16s%2Fg%2F11rylmn6fp!19sChIJb-O_LVBy6lIRIFC0VRT6DBg
Serion Technologies,Computer support and services,11007 Jasper Ave #3374,5,18,53.5406818,-113.5108434,53.5521992,-113.6795416,11219,TRUE,repair and operations,2026-09-29T17:10:07.807Z,https://www.google.com/maps/place/Serion+Technologies/data=!4m7!3m6!1s0x53a022374b3dc2a5:0xc87b0179eae93646!8m2!3d53.5406818!4d-113.5108434!16s%2Fg%2F11s30k3sxr!19sChIJpcI9SzcioFMRRjbp6nkBe8g
Major Overhaul & Equipment Repair,Truck repair shop,2231 121 Ave NE,4.4,52,53.5740333,-113.3120573,53.5521992,-113.6795416,24391,FALSE,repair and operations,2026-09-29T17:10:07.807Z,https://www.google.com/maps/place/Major+Overhaul+%26+Equipment+Repair/data=!4m7!3m6!1s0x53a03dbec7e6fccf:0x1bf5066e0204ac3c!8m2!3d53.5740333!4d-113.3120573!16s%2Fg%2F1q62jkbvz!19sChIJz_zmx749oFMRPKwEAm4G9Rs
On Call Repair Ltd,Truck repair shop,5203 72a Ave NW,5,15,53.5072187,-113.4213183,53.5521992,-113.6795416,17785,FALSE,repair and operations,2026-09-29T17:10:07.807Z,https://www.google.com/maps/place/On+Call+Repair+Ltd/data=!4m7!3m6!1s0x53a019c90d7661e3:0xecfe710e80854c26!8m2!3d53.5072187!4d-113.4213183!16s%2Fg%2F11xkjygy58!19sChIJ42F2DckZoFMRJkyFgA5x_uw
WS Cranes & Motors,Machine maintenance service,18335 62b Ave NW,,,53.4963874,-113.6386417,53.5521992,-113.6795416,6769,TRUE,repair and operations,2026-09-29T17:10:07.807Z,https://www.google.com/maps/place/WS+Cranes+%26+Motors/data=!4m7!3m6!1s0x53a02158ecedc157:0x84690830f877167f!8m2!3d53.4963874!4d-113.6386417!16s%2Fg%2F11vc4h1rx1!19sChIJV8Ht7FghoFMRfxZ3-DAIaYQ
Fireweed Heavy Truck & Equipment Repairs Ltd,Truck repair shop,9220 60 Ave NW,4.7,94,53.4961064,-113.4703253,53.5521992,-113.6795416,15171,TRUE,repair and operations,2026-09-29T17:10:07.807Z,https://www.google.com/maps/place/Fireweed+Heavy+Truck+%26+Equipment+Repairs+Ltd/data=!4m7!3m6!1s0x53a01cd200f609b3:0x6cb2c0f5762f1bfb!8m2!3d53.4961064!4d-113.4703253!16s%2Fg%2F1w6_nhvv!19sChIJswn2ANIcoFMR-xsvdvXAsmw
Computerized Autopro - Napa Autopro,Auto repair shop,9010 58 Ave NW,4.9,280,53.494288,-113.4660781,53.5521992,-113.6795416,15511,TRUE,repair and operations,2026-09-29T17:10:07.807Z,https://www.google.com/maps/place/Computerized+Autopro+-+Napa+Autopro/data=!4m7!3m6!1s0x53a018bf18a7e5cf:0x23529dd2136e1ed5!8m2!3d53.494288!4d-113.4660781!16s%2Fg%2F1tcwqtqw!19sChIJz-WnGL8YoFMR1R5uE9KdUiM
Spectrum Supply Chain Inc,Warehouse,12850 144 St NW,,,53.5870976,-113.5686767,53.5521992,-113.6795416,8286,TRUE,supply chain,2026-09-29T17:10:38.282Z,https://www.google.com/maps/place/Spectrum+Supply+Chain+Inc/data=!4m7!3m6!1s0x53a0240705e6df69:0x1b1ade10eb1d629f!8m2!3d53.5870976!4d-113.5686767!16s%2Fg%2F1tw1dj1h!19sChIJad_mBQckoFMRn2Id6xDeGhs
Univar Solutions,Distribution service,16959 118 Ave NW #16873,3.7,24,53.5696868,-113.6130555,53.5521992,-113.6795416,4802,TRUE,chemicals,2026-09-29T17:01:42.788Z,https://www.google.com/maps/place/Univar+Solutions/data=!4m7!3m6!1s0x53a02136aab7994b:0x7b239a55b0bfdd9b!8m2!3d53.5696868!4d-113.6130555!16s%2Fg%2F1thtctkr!19sChIJS5m3qjYhoFMRm92_sFWaI3s
Active Warehousing Inc,Warehouse,12825 149 St,4,26,53.587575,-113.576413,53.5521992,-113.6795416,7864,TRUE,supply chain,2026-09-29T17:10:38.282Z,https://www.google.com/maps/place/Active+Warehousing+Inc/data=!4m7!3m6!1s0x53a024019d89f1dd:0x73dbdcc83ae2d633!8m2!3d53.587575!4d-113.576413!16s%2Fg%2F1wzt21d3!19sChIJ3fGJnQEkoFMRM9biOsjc23M
Centerfield Supply,Industrial equipment supplier,10302 255 St,,,53.541711,-113.750428,53.5521992,-113.6795416,4826,TRUE,heavy equipment,2026-09-29T16:57:14.785Z,https://www.google.com/maps/place/Centerfield+Supply/data=!4m7!3m6!1s0x539f8b110f24bfa3:0x4acf1bc7604f14ad!8m2!3d53.541711!4d-113.750428!16s%2Fg%2F11z9dw84fy!19sChIJo78kDxGLn1MRrRRPYMcbz0o
Mayfield Flowers,Plant nursery,16620 109 Ave NW,4.6,150,53.5564144,-113.6065916,53.5521992,-113.6795416,4842,TRUE,plant,2026-09-29T16:55:10.777Z,https://www.google.com/maps/place/Mayfield+Flowers/data=!4m7!3m6!1s0x53a0213d1aa0056d:0x945d373e96e7fa7f!8m2!3d53.5564144!4d-113.6065916!16s%2Fg%2F1ts1m9nr!19sChIJbQWgGj0hoFMRf_rnlj43XZQ
Western Logistics,Logistics service,11211 151 St NW,4.8,24,53.5613322,-113.5800391,53.5521992,-113.6795416,6650,TRUE,supply chain,2026-09-29T17:10:38.282Z,https://www.google.com/maps/place/Western+Logistics/data=!4m7!3m6!1s0x53a0213a7307b23d:0x2c103c7ec71d8bba!8m2!3d53.5613322!4d-113.5800391!16s%2Fg%2F1tflm36k!19sChIJPbIHczohoFMRuosdx348ECw
Complete Shipping Solutions,Logistics service,12759 149 St,4.5,216,53.5848223,-113.5771306,53.5521992,-113.6795416,7674,TRUE,supply chain,2026-09-29T17:10:38.282Z,https://www.google.com/maps/place/Complete+Shipping+Solutions/data=!4m7!3m6!1s0x53a023f3a050b16f:0xaa49c7279ff0edac!8m2!3d53.5848223!4d-113.5771306!16s%2Fg%2F11b5wlhzjp!19sChIJb7FQoPMjoFMRrO3wnyfHSao
"TCL Supply Chain, Inc.",Distribution service,26875 96 Ave NW,3.7,335,53.5305403,-113.7725657,53.5521992,-113.6795416,6602,TRUE,supply chain,2026-09-29T17:10:38.282Z,"https://www.google.com/maps/place/TCL+Supply+Chain,+Inc./data=!4m7!3m6!1s0x539f8bda0f3acbcb:0x2659fd4a29c1e3f3!8m2!3d53.5305403!4d-113.7725657!16s%2Fg%2F11bwkdydm8!19sChIJy8s6D9qLn1MR8-PBKUr9WSY"
Control Flow Hydraulics Ltd,Machine shop,11031 166a St NW,5,5,53.5585966,-113.6069995,53.5521992,-113.6795416,4844,TRUE,control systems,2026-09-29T17:08:05.774Z,https://www.google.com/maps/place/Control+Flow+Hydraulics+Ltd/data=!4m7!3m6!1s0x53a0213c64e31a17:0x53e313c22ef87588!8m2!3d53.5585966!4d-113.6069995!16s%2Fg%2F1tkbxxkf!19sChIJFxrjZDwhoFMRiHX4LsIT41M
MTE Logistix,Logistics service,14627 128 Ave NW,3.8,46,53.5840932,-113.5727294,53.5521992,-113.6795416,7895,TRUE,supply chain,2026-09-29T17:10:38.282Z,https://www.google.com/maps/place/MTE+Logistix/data=!4m7!3m6!1s0x53a0240096b98ae3:0xa86547064f3a36c4!8m2!3d53.5840932!4d-113.5727294!16s%2Fg%2F1vyxj2kd!19sChIJ44q5lgAkoFMRxDY6TwZHZag
Porter Warehousing & Distribution Inc.,Warehouse,15703 114 Ave NW,3.5,41,53.5622988,-113.5930512,53.5521992,-113.6795416,5822,TRUE,supply chain,2026-09-29T17:10:38.282Z,https://www.google.com/maps/place/Porter+Warehousing+%26+Distribution+Inc./data=!4m7!3m6!1s0x53a021472f3d57e9:0xf9e1b4805fd42e27!8m2!3d53.5622988!4d-113.5930512!16s%2Fg%2F1tm0bhbq!19sChIJ6Vc9L0choFMRJy7UX4C04fk
INDOCHINO,Clothing store,8882 170 St NW #2350,4.4,625,53.5223944,-113.6260322,53.5521992,-113.6795416,4846,TRUE,supply chain,2026-09-29T17:10:38.282Z,https://www.google.com/maps/place/INDOCHINO/data=!4m7!3m6!1s0x53a02059821d230f:0x22861392fd09155f!8m2!3d53.5223944!4d-113.6260322!16s%2Fg%2F11dym4tt9w!19sChIJDyMdglkgoFMRXxUJ_ZIThiI
West Sheffield Industrial,,,,,53.5594985,-113.607024,53.5521992,-113.6795416,4858,TRUE,Industrial,2026-09-29T16:54:16.371Z,https://www.google.com/maps/place/West+Sheffield+Industrial/data=!4m7!3m6!1s0x53a0213b7ed83aeb:0xf3ae50503423d73a!8m2!3d53.5594985!4d-113.607024!16s%2Fg%2F1tfl9b9_!19sChIJ6zrYfjshoFMROtcjNFBQrvM
The Old Spaghetti Factory (West Edmonton Mall),Italian,8882 170 St NW #1666,4.4,2664,53.5234334,-113.6236224,53.5521992,-113.6795416,4887,TRUE,factory,2026-09-29T16:54:55.771Z,https://www.google.com/maps/place/The+Old+Spaghetti+Factory+%28West+Edmonton+Mall%29/data=!4m7!3m6!1s0x53a020573a8614db:0x285b5941aaf33120!8m2!3d53.5234334!4d-113.6236224!16s%2Fg%2F1tdzwd76!19sChIJ2xSGOlcgoFMRIDHzqkFZWyg
MTE Logistix,Logistics service,12851 175 St,5,1,53.5889917,-113.619541,53.5521992,-113.6795416,5695,TRUE,supply chain,2026-09-29T17:10:38.282Z,https://www.google.com/maps/place/MTE+Logistix/data=!4m7!3m6!1s0x53a027855c7a8491:0xc4be09ee2dc5253b!8m2!3d53.5889917!4d-113.619541!16s%2Fg%2F11f6591yz1!19sChIJkYR6XIUnoFMROyXFLe4JvsQ
Hashir Enterprises Inc,Corporate office,14425 123 Ave NW,4.4,7,53.575943,-113.5699755,53.5521992,-113.6795416,7703,TRUE,supply chain,2026-09-29T17:10:38.282Z,https://www.google.com/maps/place/Hashir+Enterprises+Inc/data=!4m7!3m6!1s0x53a021a98faf8bcd:0xaffc48e805f55641!8m2!3d53.575943!4d-113.5699755!16s%2Fg%2F11dfsk_hw0!19sChIJzYuvj6khoFMRQVb1BehI_K8
Above Grade Construction Services,Waterproofing service,16647 113 Ave NW,4.9,129,53.5610937,-113.6068364,53.5521992,-113.6795416,4903,TRUE,stamping,2026-09-29T16:59:31.784Z,https://www.google.com/maps/place/Above+Grade+Construction+Services/data=!4m7!3m6!1s0x53a01d79a5941533:0xf20f5ad37a1bf312!8m2!3d53.5610937!4d-113.6068364!16s%2Fg%2F11nnvjvdt7!19sChIJMxWUpXkdoFMREvMbetNaD_I
Lafrentz Road Marking - Manufacturing,Manufacturer,25710 Acheson Rd,,,53.5509611,-113.7537448,53.5521992,-113.6795416,4904,TRUE,manufacturing,2026-09-29T16:54:38.778Z,https://www.google.com/maps/place/Lafrentz+Road+Marking+-+Manufacturing/data=!4m7!3m6!1s0x539f890756fea387:0xc5252ea33f8e9aec!8m2!3d53.5509611!4d-113.7537448!16s%2Fg%2F11rg8d2mxn!19sChIJh6P-VgeJn1MR7JqOP6MuJcU
Chain Building Supply LTD,Building materials store,8756 50 Ave NW,5,1,53.4874611,-113.4596866,53.5521992,-113.6795416,16220,TRUE,supply chain,2026-09-29T17:10:38.282Z,https://www.google.com/maps/place/Chain+Building+Supply+LTD/data=!4m7!3m6!1s0x53a019bcfa731bfd:0x7f519218d0ad3497!8m2!3d53.4874611!4d-113.4596866!16s%2Fg%2F11v07mx7cf!19sChIJ_Rtz-rwZoFMRlzSt0BiSUX8
BusyBee Logistic & Whole Sale,Wholesaler,10014 104 Street NW #40,5,1,53.5391392,-113.4994719,53.5521992,-113.6795416,11986,TRUE,supply chain,2026-09-29T17:10:38.282Z,https://www.google.com/maps/place/BusyBee+Logistic+%26+Whole+Sale/data=!4m7!3m6!1s0x53a02371fd714e25:0xe5123ab5af01d8cf!8m2!3d53.5391392!4d-113.4994719!16s%2Fg%2F11lnqdx_ss!19sChIJJU5x_XEjoFMRz9gBr7U6EuU
Gary's Welding,Welder,16645 113 Ave NW,4.9,36,53.5610733,-113.6067569,53.5521992,-113.6795416,4908,TRUE,welding,2026-09-29T16:58:01.780Z,https://www.google.com/maps/place/Gary%27s+Welding/data=!4m7!3m6!1s0x53a0211a5b27d183:0x96cbee2ddd48aafa!8m2!3d53.5610733!4d-113.6067569!16s%2Fg%2F1v3grl9h!19sChIJg9EnWxohoFMR-qpI3S3uy5Y
Metro Supply Chain,Warehouse,1005 Eby Rd S W #44,2.5,16,53.3989316,-113.4886887,53.5521992,-113.6795416,21213,FALSE,supply chain,2026-09-29T17:10:38.282Z,https://www.google.com/maps/place/Metro+Supply+Chain/data=!4m7!3m6!1s0x53a01d00601577f5:0x6dee8359e419893b!8m2!3d53.3989316!4d-113.4886887!16s%2Fg%2F11xcdr_8hf!19sChIJ9XcVYAAdoFMRO4kZ5FmD7m0
Grainger Industrial Supply,Safety equipment supplier,11708 167 St NW,3.8,81,53.5681007,-113.6101649,53.5521992,-113.6795416,4911,TRUE,Industrial,2026-09-29T16:54:16.371Z,https://www.google.com/maps/place/Grainger+Industrial+Supply/data=!4m7!3m6!1s0x53a02136e7309053:0x9fafa729c50e46e2!8m2!3d53.5681007!4d-113.6101649!16s%2Fg%2F1tffjg48!19sChIJU5Aw5zYhoFMR4kYOxSmnr58
We Source,Business to business service,10060 Jasper Ave Tower 1 Suite,5,18,53.5413647,-113.4925534,53.5521992,-113.6795416,12413,TRUE,supply chain,2026-09-29T17:10:38.282Z,https://www.google.com/maps/place/We+Source/data=!4m7!3m6!1s0x53a023e80a7260bd:0xb4a6c393c20621b2!8m2!3d53.5413647!4d-113.4925534!16s%2Fg%2F11w_sxth55!19sChIJvWByCugjoFMRsiEGwpPDprQ
Connect Logistics Services Inc,Freight forwarding service,2 Boudreau Rd #1,3.6,89,53.6336394,-113.5664097,53.5521992,-113.6795416,11737,TRUE,supply chain,2026-09-29T17:10:38.282Z,https://www.google.com/maps/place/Connect+Logistics+Services+Inc/data=!4m7!3m6!1s0x53a025a5781664a3:0xf26fccd80c56301e!8m2!3d53.6336394!4d-113.5664097!16s%2Fg%2F1tdrw_kq!19sChIJo2QWeKUloFMRHjBWDNjMb_I
Phoenix Fence Corp,Fence contractor,12816 156 St,4,192,53.586562,-113.5908289,53.5521992,-113.6795416,6994,TRUE,supply chain,2026-09-29T17:10:38.282Z,https://www.google.com/maps/place/Phoenix+Fence+Corp/data=!4m7!3m6!1s0x53a026ac01baa699:0xeb943c47a3e93b78!8m2!3d53.586562!4d-113.5908289!16s%2Fg%2F1tdmdksp!19sChIJmaa6AawmoFMReDvpo0c8lOs
Shell Flying J Dealer,Gas station,16806 118 Ave NW,3.4,793,53.5711377,-113.612328,53.5521992,-113.6795416,4913,TRUE,oil and gas,2026-09-29T17:01:18.783Z,https://www.google.com/maps/place/Shell+Flying+J+Dealer/data=!4m7!3m6!1s0x53a0213422025d19:0xdb0356957884546!8m2!3d53.5711377!4d-113.612328!16s%2Fg%2F11b6v4_z1s!19sChIJGV0CIjQhoFMRRkWIV2k1sA0
True North Supply Chain Solutions Inc.,Logistics service,9488 51 Ave NW,,,53.4901329,-113.4740175,53.5521992,-113.6795416,15239,TRUE,supply chain,2026-09-29T17:10:38.282Z,https://www.google.com/maps/place/True+North+Supply+Chain+Solutions+Inc./data=!4m7!3m6!1s0x53a018b8013df5c3:0x9e892cee8edc9d71!8m2!3d53.4901329!4d-113.4740175!16s%2Fg%2F11g8xgs7v_!19sChIJw_U9AbgYoFMRcZ3cju4siZ4
Zenith Logistics Inc.,Warehouse,1 Boudreau Rd,3.8,8,53.6374801,-113.5675554,53.5521992,-113.6795416,12022,TRUE,supply chain,2026-09-29T17:10:38.282Z,https://www.google.com/maps/place/Zenith+Logistics+Inc./data=!4m7!3m6!1s0x53a025adcff5d90f:0xa6b9446017e49d1e!8m2!3d53.6374801!4d-113.5675554!16s%2Fg%2F1z44b9c1r!19sChIJD9n1z60loFMRHp3kF2BEuaY
Bluewater Supply Chain & Logistics,Warehouse,6474 Roper Rd NW,3.3,3,53.4994432,-113.430864,53.5521992,-113.6795416,17453,FALSE,supply chain,2026-09-29T17:10:38.282Z,https://www.google.com/maps/place/Bluewater+Supply+Chain+%26+Logistics/data=!4m7!3m6!1s0x53a0188ad77d73ff:0xcfa4e66c3417e45f!8m2!3d53.4994432!4d-113.430864!16s%2Fg%2F11qsh95n56!19sChIJ_3N914oYoFMRX-QXNGzmpM8
Cleveland Bay Logistics Inc.,Transportation service,"Suite 1800, | Stantec Tower |, 10220 103 Ave NW |",5,7,53.5446888,-113.4982,53.5521992,-113.6795416,12010,TRUE,supply chain,2026-09-29T17:10:38.282Z,https://www.google.com/maps/place/Cleveland+Bay+Logistics+Inc./data=!4m7!3m6!1s0x8045d5f104dd443f:0xa5b19c7f6dc6425f!8m2!3d53.5446888!4d-113.4982!16s%2Fg%2F11yfq61_vs!19sChIJP0TdBPHVRYARX0LGbX-csaU
OCD Produktions,Video production service,1240 Starling Dr NW,5,10,53.593814,-113.653184,53.5521992,-113.6795416,4944,TRUE,production,2026-09-29T16:55:54.386Z,https://www.google.com/maps/place/OCD+Produktions/data=!4m7!3m6!1s0x53a0273bef87f281:0x6afcebaf48210a54!8m2!3d53.593814!4d-113.653184!16s%2Fg%2F11wp9pp7_l!19sChIJgfKH7zsnoFMRVAohSK_r_Go
Norwester Industrial,,,,,53.5674409,-113.6089438,53.5521992,-113.6795416,4961,TRUE,Industrial,2026-09-29T16:54:16.371Z,https://www.google.com/maps/place/Norwester+Industrial/data=!4m7!3m6!1s0x53a021373a375719:0x30efede82cc960ec!8m2!3d53.5674409!4d-113.6089438!16s%2Fg%2F1tg4wj8w!19sChIJGVc3OjchoFMR7GDJLOjt7zA
TAK International,Marketing agency,11507 100 Ave NW,4.5,2,53.5383983,-113.5200752,53.5521992,-113.6795416,10647,TRUE,supply chain,2026-09-29T17:10:38.282Z,https://www.google.com/maps/place/TAK+International/data=!4m7!3m6!1s0x53a0222feb20fbed:0x3854f6c64f25c3f1!8m2!3d53.5383983!4d-113.5200752!16s%2Fg%2F1tnl1242!19sChIJ7fsg6y8ioFMR8cMlT8b2VDg
Ballad Group: Edmonton Training Centre,Training center,10109 106 St #600,4.4,28,53.54117,-113.50252,53.5521992,-113.6795416,11760,TRUE,supply chain,2026-09-29T17:10:38.282Z,https://www.google.com/maps/place/Ballad+Group:+Edmonton+Training+Centre/data=!4m7!3m6!1s0x53a0224675ecbd41:0x55d6c546785af985!8m2!3d53.54117!4d-113.50252!16s%2Fg%2F11fy4jyyfd!19sChIJQb3sdUYioFMRhflaeEbF1lU
OPTIMUM Process Solutions,Business management consultant,10806 149 St,3,1,53.5529083,-113.5784472,53.5521992,-113.6795416,6679,TRUE,supply chain,2026-09-29T17:10:38.282Z,https://www.google.com/maps/place/OPTIMUM+Process+Solutions/data=!4m7!3m6!1s0x53a01f20ff07daeb:0xe79e4ed8965fbd9b!8m2!3d53.5529083!4d-113.5784472!16s%2Fg%2F11cn7l700p!19sChIJ69oH_yAfoFMRm71flthOnuc
Versacold Logistics Services,Logistics,12536 62 St NW,4.1,45,53.5816435,-113.4383722,53.5521992,-113.6795416,16259,FALSE,supply chain,2026-09-29T17:10:38.282Z,https://www.google.com/maps/place/Versacold+Logistics+Services/data=!4m7!3m6!1s0x53a0233150080a53:0xfd4f624ebe2bd2b8!8m2!3d53.5816435!4d-113.4383722!16s%2Fg%2F1tgn4dwt!19sChIJUwoIUDEjoFMRuNIrvk5iT_0
Edmonton Potato Growers,Warehouse,12220 170 St NW,4.6,44,53.5767643,-113.6168286,53.5521992,-113.6795416,4961,TRUE,factory,2026-09-29T16:54:55.771Z,https://www.google.com/maps/place/Edmonton+Potato+Growers/data=!4m7!3m6!1s0x53a026c9f7b307db:0x35c0bc2cf3d3d227!8m2!3d53.5767643!4d-113.6168286!16s%2Fg%2F1tfwk0xr!19sChIJ2wez98kmoFMRJ9LT8yy8wDU
Sky Eye Measurement Inc.,Oil field equipment supplier,25608 114 Ave,4,24,53.5637561,-113.7521618,53.5521992,-113.6795416,4966,TRUE,instrumentation,2026-09-29T17:08:20.787Z,https://www.google.com/maps/place/Sky+Eye+Measurement+Inc./data=!4m7!3m6!1s0x53a0186f71e47cb7:0x685a2a5ca8548d10!8m2!3d53.5637561!4d-113.7521618!16s%2Fg%2F11b5wpnv29!19sChIJt3zkcW8YoFMREI1UqFwqWmg
Dnw Foods Ltd.,Wholesaler,10180 101 St NW,1,1,53.5426575,-113.4946346,53.5521992,-113.6795416,12262,TRUE,supply chain,2026-09-29T17:10:38.282Z,https://www.google.com/maps/place/Dnw+Foods+Ltd./data=!4m7!3m6!1s0x53a03b779d095555:0xbc7b441b167ba090!8m2!3d53.5426575!4d-113.4946346!16s%2Fg%2F11tcfg3t5z!19sChIJVVUJnXc7oFMRkKB7FhtEe7w
Costco Wholesale,Warehouse store,12450 149 St,4.3,7193,53.5790106,-113.5799217,53.5521992,-113.6795416,7223,TRUE,supply chain,2026-09-29T17:10:38.282Z,https://www.google.com/maps/place/Costco+Wholesale/data=!4m7!3m6!1s0x53a02155a0aba1df:0x1af2c2644f7b325d!8m2!3d53.5790106!4d-113.5799217!16s%2Fg%2F1tj216rb!19sChIJ36GroFUhoFMRXTJ7T2TC8ho
Staples,Office supply store,11812 104 Ave NW,3.7,847,53.5473976,-113.5250238,53.5521992,-113.6795416,10222,TRUE,supply chain,2026-09-29T17:10:38.282Z,https://www.google.com/maps/place/Staples/data=!4m7!3m6!1s0x53a0223308a34419:0x252aa10b0bfa92cd!8m2!3d53.5473976!4d-113.5250238!16s%2Fg%2F1hc1jfrxd!19sChIJGUSjCDMioFMRzZL6CwuhKiU
The Home Depot,Home improvement store,1 Westmount Shopping #604,4.2,1717,53.5617976,-113.5537653,53.5521992,-113.6795416,8376,TRUE,supply chain,2026-09-29T17:10:38.282Z,https://www.google.com/maps/place/The+Home+Depot/data=!4m7!3m6!1s0x53a021439e2908d1:0x893801cdb91ae015!8m2!3d53.5617976!4d-113.5537653!16s%2Fg%2F1wl4q8mg!19sChIJ0QgpnkMhoFMRFeAauc0BOIk
Supply Chain Management Association Alberta,,,,,54.4983702,-115.0011694,53.5521992,-113.6795416,136089,FALSE,supply chain,2026-09-29T17:10:38.282Z,https://www.google.com/maps/place/Supply+Chain+Management+Association+Alberta/data=!4m7!3m6!1s0x29a2ce355d94a7b9:0xae2b5d4bdf1a38a9!8m2!3d54.4983702!4d-115.0011694!16s%2Fg%2F11vbq59rgb!19sChIJuaeUXTXOoikRqTga30tdK64
Timberland Supply Inc,Equipment supplier,11010 Mayfield Road NW,4.3,226,53.5576332,-113.6049002,53.5521992,-113.6795416,4967,TRUE,supply chain,2026-09-29T17:10:38.282Z,https://www.google.com/maps/place/Timberland+Supply+Inc/data=!4m7!3m6!1s0x53a0213c369587d1:0x42f983fb9f6798e3!8m2!3d53.5576332!4d-113.6049002!16s%2Fg%2F1tdl5td4!19sChIJ0YeVNjwhoFMR45hnn_uD-UI
Purolator,Logistics service,11220 104 Ave NW,2.3,515,53.5468821,-113.514298,53.5521992,-113.6795416,10933,TRUE,supply chain,2026-09-29T17:10:38.282Z,https://www.google.com/maps/place/Purolator/data=!4m7!3m6!1s0x53a02232fc3bbecf:0x9e778db27654ef0e!8m2!3d53.5468821!4d-113.514298!16s%2Fg%2F1vm_xkgk!19sChIJz747_DIioFMRDu9UdrKNd54
Detn Cho Logistics,,,,,53.56189,-113.605907,53.5521992,-113.6795416,4982,TRUE,supply chain,2026-09-29T17:10:38.282Z,https://www.google.com/maps/place/Det%C3%B2n+Cho+Logistics/data=!4m7!3m6!1s0x53a0213bd593a397:0x5edf7a75e850c9e0!8m2!3d53.56189!4d-113.605907!16s%2Fg%2F11s49092g6!19sChIJl6OT1TshoFMR4MlQ6HV6314
Synergy Supply Chain Services,,,,,62.6573279,-95.989235,53.5521992,-113.6795416,1441954,FALSE,supply chain,2026-09-29T17:10:38.282Z,https://www.google.com/maps/place/Synergy+Supply+Chain+Services/data=!4m7!3m6!1s0xa44487213ba899d1:0x1d8980c0cd16be69!8m2!3d62.6573279!4d-95.989235!16s%2Fg%2F11y2kwt3kt!19sChIJ0ZmoOyGHRKQRab4WzcCAiR0
Reeves College - Edmonton City Centre,Educational institution,10004 Jasper Ave #500,4.2,270,53.5413862,-113.490702,53.5521992,-113.6795416,12534,TRUE,supply chain,2026-09-29T17:10:38.282Z,https://www.google.com/maps/place/Reeves+College+-+Edmonton+City+Centre/data=!4m7!3m6!1s0x53a023ec98288d3b:0x689447236a14d263!8m2!3d53.5413862!4d-113.490702!16s%2Fm%2F0cv2rkq!19sChIJO40omOwjoFMRY9IUaiNHlGg
DeerWay Supply Chain,,,,,62.6573279,-95.989235,53.5521992,-113.6795416,1441954,FALSE,supply chain,2026-09-29T17:10:38.282Z,https://www.google.com/maps/place/DeerWay+Supply+Chain/data=!4m7!3m6!1s0x221bc99b7a6f3c09:0x38f6e4f34807928f!8m2!3d62.6573279!4d-95.989235!16s%2Fg%2F11ydn8r1r9!19sChIJCTxvepvJGyIRj5IHSPPk9jg
